timestamp_ms,label,ax_raw,ay_raw,az_raw,gx_raw,gy_raw,gz_raw,gx_dps,gy_dps,gz_dps
19512,99,-6088,4868,14296,192,-83,222,1.46,-0.63,1.69
19554,99,-6084,4624,14304,167,243,70,1.27,1.85,0.53
19566,99,-5928,4784,14240,356,121,23,2.72,0.92,0.18
19578,99,-5964,4652,14440,391,122,-27,2.98,0.93,-0.21
19590,99,-5944,4692,14560,514,59,-80,3.92,0.45,-0.61
19602,99,-5904,4848,14260,633,-78,-93,4.83,-0.6,-0.71
19614,99,-6064,4668,14468,513,-19,-120,3.91,-0.14,-0.92
19626,99,-6148,4584,14728,534,951,-297,4.07,7.26,-2.27
19638,99,-5908,4716,14484,883,928,-299,6.74,7.08,-2.28
19650,99,-5912,4684,14304,1003,63,-206,7.65,0.48,-1.57
19683,99,-6128,4788,14036,1077,424,-413,8.22,3.23,-3.15
19695,99,-5968,4928,14096,800,586,-383,6.1,4.47,-2.92
19707,99,-6156,4936,14144,910,476,-382,6.94,3.63,-2.91
19719,99,-6324,5004,14036,943,563,-382,7.19,4.3,-2.91
19731,99,-6356,5068,13808,1037,446,-325,7.91,3.4,-2.48
19743,99,-6320,4972,13972,929,324,-266,7.09,2.47,-2.03
19755,99,-6312,5008,13996,880,167,-215,6.71,1.27,-1.64
19767,99,-6220,5068,13976,897,229,-207,6.84,1.75,-1.58
19779,99,-6212,5012,13888,832,437,-250,6.35,3.33,-1.91
19812,99,-6424,4864,13736,924,549,-179,7.05,4.19,-1.37
19824,99,-6380,5128,13864,793,645,-153,6.05,4.92,-1.17
19836,99,-6340,5084,13876,668,618,-81,5.1,4.71,-0.62
19848,99,-6188,5120,13736,508,548,-104,3.88,4.18,-0.79
19860,99,-6156,5116,13824,567,366,-73,4.33,2.79,-0.56
19872,99,-6168,5064,13876,546,386,-84,4.17,2.94,-0.64
19884,99,-6104,5144,13792,515,503,-128,3.93,3.84,-0.98
19896,99,-6224,5244,13968,487,508,-141,3.72,3.88,-1.08
19908,99,-6284,5212,13892,401,516,-120,3.06,3.94,-0.92
19941,99,-6224,5076,13908,439,355,-123,3.35,2.71,-0.94
19953,99,-6092,5124,14032,400,437,-113,3.05,3.33,-0.86
19965,99,-6104,5216,13924,365,427,-144,2.78,3.26,-1.1
19977,99,-6036,5220,13736,276,344,-171,2.11,2.62,-1.3
19989,99,-6176,5172,13684,120,373,-160,0.92,2.85,-1.22
20001,99,-6264,5100,13712,57,349,-143,0.43,2.66,-1.09
20013,99,-6220,5056,13944,82,300,-129,0.63,2.29,-0.98
20025,99,-6188,5104,13900,127,169,-67,0.97,1.29,-0.51
20037,99,-6272,5124,13728,281,-82,-28,2.14,-0.63,-0.21
20070,99,-6384,4872,13960,162,286,-261,1.24,2.18,-1.99
20082,99,-6312,4956,14216,114,419,-222,0.87,3.2,-1.69
20094,99,-6316,4904,14060,66,282,-201,0.5,2.15,-1.53
20106,99,-6436,4920,14016,18,276,-252,0.14,2.11,-1.92
20118,99,-6476,4848,14240,186,280,-157,1.42,2.14,-1.2
20130,99,-6424,4796,14376,302,418,-185,2.3,3.19,-1.41
20142,99,-6296,4800,14252,437,432,-180,3.33,3.3,-1.37
20154,99,-6380,4956,14184,600,515,-195,4.58,3.93,-1.49
20166,99,-6200,4792,14376,568,746,-311,4.33,5.69,-2.37
20199,99,-6460,4844,13936,797,788,-326,6.08,6.01,-2.49
20211,99,-6476,4936,13756,702,702,-340,5.36,5.36,-2.59
20223,99,-6548,4964,13836,601,296,-213,4.59,2.26,-1.63
20235,99,-6404,4864,13920,490,69,-162,3.74,0.53,-1.24
20247,99,-6504,4992,13796,446,1,-97,3.4,0.01,-0.74
20259,99,-6396,5048,13904,418,16,-79,3.19,0.12,-0.6
20271,99,-6300,4996,14036,503,111,-106,3.84,0.85,-0.81
20283,99,-6184,4952,14076,546,156,-185,4.17,1.19,-1.41
20295,99,-6212,4856,13964,570,207,-220,4.35,1.58,-1.68
20328,99,-6516,4944,13904,520,360,-282,3.97,2.75,-2.15
20340,99,-6284,4980,14112,517,280,-258,3.94,2.14,-1.97
20352,99,-6352,4972,14112,595,191,-247,4.54,1.46,-1.88
20364,99,-6452,5000,14016,565,41,-230,4.31,0.31,-1.75
20376,99,-6512,5080,14036,527,222,-201,4.02,1.69,-1.53
20388,99,-6368,5096,13932,616,107,-222,4.7,0.82,-1.69
20400,99,-6324,5056,14088,614,204,-155,4.68,1.56,-1.18
20412,99,-6332,5012,13968,645,245,-181,4.92,1.87,-1.38
20424,99,-6300,5084,13880,651,204,-172,4.97,1.56,-1.31
20457,99,-6540,4980,13696,491,296,-201,3.75,2.26,-1.53
20469,99,-6448,5012,13768,532,240,-83,4.06,1.83,-0.63
20481,99,-6276,5052,13732,459,230,-97,3.5,1.75,-0.74
20493,99,-6356,4968,13840,415,44,-100,3.17,0.34,-0.76
20505,99,-6404,5092,13824,413,146,-118,3.15,1.11,-0.9
20517,99,-6388,5064,14044,487,289,-128,3.72,2.2,-0.98
20529,99,-6500,5000,14096,467,438,-75,3.56,3.34,-0.57
20541,99,-6452,5104,13944,505,481,-89,3.85,3.67,-0.68
20553,99,-6492,5004,14000,514,276,36,3.92,2.11,0.27
20586,99,-6492,4916,13672,451,290,9,3.44,2.21,0.07
20598,99,-6500,5080,13852,354,342,77,2.7,2.61,0.59
20610,99,-6472,5132,13744,362,233,144,2.76,1.78,1.1
20622,99,-6532,5076,13812,358,300,165,2.73,2.29,1.26
20634,99,-6448,5084,13688,226,433,236,1.72,3.3,1.8
20646,99,-6428,5112,13736,197,416,193,1.5,3.17,1.47
20658,99,-6324,5028,14068,253,348,263,1.93,2.66,2.01
20670,99,-6372,5036,13968,309,346,225,2.36,2.64,1.72
20682,99,-6404,5004,13920,261,389,196,1.99,2.97,1.5
20715,99,-6404,4920,14032,405,278,128,3.09,2.12,0.98
20727,99,-6320,5004,14044,392,392,133,2.99,2.99,1.01
20739,99,-6352,5040,13996,342,486,101,2.61,3.71,0.77
20751,99,-6304,5020,14020,359,393,63,2.74,3,0.48
20763,99,-6380,5064,14112,475,343,89,3.62,2.62,0.68
20775,99,-6284,4964,14052,462,376,17,3.52,2.87,0.13
20787,99,-6412,4908,14088,542,452,5,4.14,3.45,0.04
20799,99,-6228,5004,13988,558,455,-31,4.26,3.47,-0.24
20811,99,-6252,5084,14056,622,406,-76,4.75,3.1,-0.58
20844,99,-6272,4984,13668,559,472,-210,4.26,3.6,-1.6
20856,99,-6228,5036,13856,545,528,-200,4.16,4.03,-1.53
20868,99,-6192,5096,14028,630,492,-233,4.81,3.75,-1.78
20880,99,-6328,5160,13952,614,505,-244,4.68,3.85,-1.86
20892,99,-6300,5108,13840,606,430,-250,4.62,3.28,-1.91
20904,99,-6408,5140,13844,546,428,-272,4.17,3.27,-2.08
20916,99,-6428,5192,13852,516,396,-238,3.94,3.02,-1.82
20928,99,-6500,5160,13884,545,388,-155,4.16,2.96,-1.18
20940,99,-6404,5124,13644,452,368,-164,3.45,2.81,-1.25
20973,99,-6444,5116,13516,408,599,-290,3.11,4.57,-2.21
20985,99,-6348,5144,13608,245,554,-222,1.87,4.23,-1.69
20997,99,-6508,5124,13616,186,412,-159,1.42,3.14,-1.21
21009,99,-6624,5148,13704,157,352,-136,1.2,2.69,-1.04
21021,99,-6612,5116,13880,204,300,-105,1.56,2.29,-0.8
21033,99,-6564,5032,13944,170,382,-147,1.3,2.91,-1.12
21045,99,-6448,5072,13880,187,489,-115,1.43,3.73,-0.88
21057,99,-6480,5064,13924,177,383,-129,1.35,2.92,-0.98
21069,99,-6568,4920,13844,180,529,-153,1.37,4.04,-1.17
21102,99,-6784,5016,14016,325,506,-120,2.48,3.86,-0.92
21114,99,-6316,4712,13740,547,832,-96,4.17,6.35,-0.73
21126,99,-6492,5196,13784,221,265,-45,1.69,2.02,-0.34
21138,99,-6564,5048,14092,240,273,-77,1.83,2.08,-0.59
21150,99,-6604,5024,14136,439,363,-43,3.35,2.77,-0.33
21162,99,-6520,5060,13784,355,300,-66,2.71,2.29,-0.5
21174,99,-6588,5076,13740,290,222,-36,2.21,1.69,-0.27
21186,99,-6512,5108,13980,324,277,-24,2.47,2.11,-0.18
21198,99,-6492,4908,13916,300,270,-33,2.29,2.06,-0.25
21231,99,-6620,4904,14000,517,178,-129,3.94,1.36,-0.98
21243,99,-6644,4980,13940,437,194,-61,3.33,1.48,-0.47
21255,99,-6636,5060,13868,465,281,-57,3.55,2.14,-0.43
21267,99,-6608,5024,13988,523,294,-13,3.99,2.24,-0.1
21279,99,-6548,4980,13800,495,278,-19,3.78,2.12,-0.14
21291,99,-6464,5036,13696,469,323,-37,3.58,2.46,-0.28
21303,99,-6432,5080,13720,430,311,-64,3.28,2.37,-0.49
21315,99,-6524,5132,13744,434,315,-94,3.31,2.4,-0.72
21327,99,-6496,5016,13776,443,196,-57,3.38,1.5,-0.43
21360,99,-6652,4956,13856,459,136,-46,3.5,1.04,-0.35
21372,99,-6620,5000,13968,337,209,-10,2.57,1.59,-0.08
21384,99,-6620,5044,13920,321,223,26,2.45,1.7,0.2
21396,99,-6604,5036,13964,415,96,57,3.17,0.73,0.43
21408,99,-6616,5096,13968,480,81,129,3.66,0.62,0.98
21420,99,-6540,5072,13980,464,84,169,3.54,0.64,1.29
21432,99,-6404,5144,13668,417,141,130,3.18,1.08,0.99
21444,99,-6396,5196,13880,367,75,130,2.8,0.57,0.99
21456,99,-6416,5260,13600,327,-17,187,2.49,-0.13,1.43
21489,99,-6456,5064,13576,350,-171,33,2.67,-1.3,0.25
21501,99,-6360,5116,13632,255,-125,29,1.95,-0.95,0.22
21513,99,-6412,5100,13904,54,-243,97,0.41,-1.85,0.74
21525,99,-6468,5124,13876,213,-65,23,1.63,-0.5,0.18
21537,99,-6472,5096,13764,189,58,74,1.44,0.44,0.56
21549,99,-6408,4984,13708,44,-17,78,0.34,-0.13,0.6
21561,99,-6380,5100,13876,12,-55,28,0.09,-0.42,0.21
21573,99,-6412,5036,14020,52,-146,16,0.4,-1.11,0.12
21585,99,-6340,5044,13956,49,0,-50,0.37,0,-0.38
21618,99,-6356,4968,13876,162,-41,-88,1.24,-0.31,-0.67
21630,99,-6232,5100,13972,183,-15,-105,1.4,-0.11,-0.8
21642,99,-6200,4940,14124,116,162,-213,0.89,1.24,-1.63
21654,99,-6260,4952,14164,174,41,-270,1.33,0.31,-2.06
21666,99,-6312,4916,14076,206,302,-282,1.57,2.3,-2.15
21678,99,-6212,4940,13956,309,252,-325,2.36,1.92,-2.48
21690,99,-6272,4992,14008,381,165,-353,2.91,1.26,-2.69
21702,99,-6284,4924,13920,383,285,-357,2.92,2.17,-2.72
21714,99,-6100,4988,13948,478,302,-368,3.65,2.3,-2.81
21747,99,-6232,4892,13852,427,246,-568,3.26,1.88,-4.33
21759,99,-6228,4956,13920,324,363,-559,2.47,2.77,-4.26
21771,99,-6376,4960,13908,290,381,-507,2.21,2.91,-3.87
21783,99,-6376,4984,13964,282,484,-511,2.15,3.69,-3.9
21795,99,-6284,4920,13856,250,421,-486,1.91,3.21,-3.71
21807,99,-6300,5020,14012,302,264,-526,2.3,2.01,-4.01
21819,99,-6320,5024,13944,303,246,-539,2.31,1.88,-4.11
21831,99,-6468,4964,13896,276,254,-517,2.11,1.94,-3.94
21843,99,-6452,4964,13896,198,425,-497,1.51,3.24,-3.79
21876,99,-6288,4776,13796,215,304,-564,1.64,2.32,-4.3
21888,99,-6120,4884,13976,189,394,-594,1.44,3.01,-4.53
21900,99,-6108,4828,13844,161,550,-712,1.23,4.2,-5.43
21912,99,-6180,4732,14008,128,540,-692,0.98,4.12,-5.28
21924,99,-6056,4876,14196,195,809,-743,1.49,6.17,-5.67
21936,99,-6092,4996,14100,310,872,-947,2.37,6.65,-7.23
21948,99,-6700,4980,14072,478,304,-896,3.65,2.32,-6.84
21960,99,-7124,4860,14116,418,-41,-764,3.19,-0.31,-5.83
21972,99,-7160,4712,14336,464,-416,-521,3.54,-3.17,-3.97
22005,99,-6684,4604,14188,670,-831,-218,5.11,-6.34,-1.66
22017,99,-6692,4668,13976,668,-722,-132,5.1,-5.51,-1.01
22029,99,-6588,4728,13856,506,-251,-166,3.86,-1.91,-1.27
22041,99,-6492,4696,13640,337,180,-195,2.57,1.37,-1.49
22053,99,-6372,4716,13680,214,516,-244,1.63,3.94,-1.86
22065,99,-6232,4836,13488,72,903,-362,0.55,6.89,-2.76
22077,99,-6344,5012,13424,-147,1154,-420,-1.12,8.8,-3.2
22089,99,-6704,5216,13172,-423,1285,-509,-3.23,9.8,-3.88
22101,99,-7196,5164,13376,-540,1050,-285,-4.12,8.01,-2.17
22134,99,-6576,4832,13104,-945,995,186,-7.21,7.59,1.42
22146,99,-6292,4992,13244,-1220,885,128,-9.31,6.75,0.98
22158,99,-6188,4972,13520,-1211,537,-24,-9.24,4.1,-0.18
22170,99,-6432,4776,13540,-1402,294,-130,-10.7,2.24,-0.99
22182,99,-7020,4788,14164,-1462,-109,-101,-11.15,-0.83,-0.77
22194,99,-7448,4508,14436,-1265,-282,246,-9.65,-2.15,1.88
22206,99,-7256,4396,14544,-1211,-1,570,-9.24,-0.01,4.35
22218,99,-6860,4364,14680,-989,-241,835,-7.55,-1.84,6.37
22230,99,-6644,4336,14500,-795,135,847,-6.07,1.03,6.46
22263,99,-6396,3980,14204,-522,579,495,-3.98,4.42,3.78
22275,99,-6400,3996,14160,-771,656,598,-5.88,5,4.56
22287,99,-6508,4096,14164,-643,831,462,-4.91,6.34,3.52
22299,99,-6524,4020,14136,-712,728,372,-5.43,5.55,2.84
22311,99,-6724,4216,13964,-740,653,419,-5.65,4.98,3.2
22323,99,-6588,4076,14180,-556,594,151,-4.24,4.53,1.15
22335,99,-6848,4168,14568,-447,64,277,-3.41,0.49,2.11
22347,99,-6812,4016,14312,-201,355,212,-1.53,2.71,1.62
22359,99,-6532,4100,14228,-281,422,180,-2.14,3.22,1.37
22392,99,-6292,3784,14252,-31,215,41,-0.24,1.64,0.31
22404,99,-6368,3892,14416,-124,154,25,-0.95,1.17,0.19
22416,99,-6396,3908,14312,-90,113,-128,-0.69,0.86,-0.98
22428,99,-6512,3872,14492,112,-91,-77,0.85,-0.69,-0.59
22440,99,-6548,3936,14488,239,-82,-73,1.82,-0.63,-0.56
22452,99,-6524,3924,14488,315,-27,-32,2.4,-0.21,-0.24
22464,99,-6440,3880,14480,341,16,-19,2.6,0.12,-0.14
22476,99,-6360,3984,14548,461,94,52,3.52,0.72,0.4
22488,99,-6292,3996,14448,555,406,-57,4.23,3.1,-0.43
22521,99,-6400,4160,14120,664,550,-411,5.07,4.2,-3.14
22533,99,-6388,4216,14184,594,599,-348,4.53,4.57,-2.66
22545,99,-6296,4380,14232,470,495,-408,3.59,3.78,-3.11
22557,99,-6320,4416,14144,385,490,-403,2.94,3.74,-3.07
22569,99,-6324,4412,14004,431,474,-485,3.29,3.62,-3.7
22581,99,-6508,4380,13816,383,635,-520,2.92,4.84,-3.97
22593,99,-6588,4448,13760,437,737,-458,3.33,5.62,-3.49
22605,99,-6588,4316,13716,288,755,-416,2.2,5.76,-3.17
22617,99,-6588,4368,13660,113,816,-442,0.86,6.23,-3.37
22650,99,-6848,4080,13724,-90,327,-277,-0.69,2.49,-2.11
22662,99,-6884,4112,14048,-175,425,-157,-1.34,3.24,-1.2
22674,99,-6968,4004,14016,-297,588,-82,-2.27,4.49,-0.63
22686,99,-6956,4080,14172,-285,730,17,-2.17,5.57,0.13
22698,99,-6872,4020,14104,-268,681,117,-2.04,5.2,0.89
22710,99,-6816,3984,14140,-287,497,250,-2.19,3.79,1.91
22722,99,-6712,4108,13944,-350,475,267,-2.67,3.62,2.04
22734,99,-6720,4036,14144,-339,520,280,-2.59,3.97,2.14
22746,99,-6656,4040,14104,-363,457,181,-2.77,3.49,1.38
22779,99,-6576,3824,14024,-227,531,106,-1.73,4.05,0.81
22791,99,-6616,3984,14248,-268,648,145,-2.04,4.94,1.11
22803,99,-6560,3924,14220,-278,746,116,-2.12,5.69,0.89
22815,99,-6612,3944,14356,-300,817,104,-2.29,6.23,0.79
22827,99,-6564,3908,14216,-299,608,119,-2.28,4.64,0.91
22839,99,-6648,3892,14232,-241,581,79,-1.84,4.43,0.6
22851,99,-6520,3836,14156,-243,508,136,-1.85,3.88,1.04
22863,99,-6532,3916,14316,-243,530,63,-1.85,4.04,0.48
22875,99,-6596,3888,14412,-27,497,1,-0.21,3.79,0.01
22908,99,-6708,3656,14140,194,686,-93,1.48,5.23,-0.71
22920,99,-6628,3836,14180,160,818,-72,1.22,6.24,-0.55
22932,99,-6708,3880,14140,243,668,-83,1.85,5.1,-0.63
22944,99,-6724,3844,14124,287,666,-133,2.19,5.08,-1.01
22956,99,-6864,3768,13924,242,777,-127,1.85,5.93,-0.97
22968,99,-6816,3880,13960,221,626,-133,1.69,4.78,-1.01
22980,99,-6852,3956,13940,204,625,-111,1.56,4.77,-0.85
22992,99,-6884,3864,13836,153,487,-116,1.17,3.72,-0.89
23004,99,-6932,3912,14060,158,451,-60,1.21,3.44,-0.46
23037,99,-6912,3796,13880,140,359,-54,1.07,2.74,-0.41
23049,99,-6788,3888,13988,138,262,66,1.05,2,0.5
23061,99,-6880,3836,13992,80,268,17,0.61,2.04,0.13
23073,99,-6796,3796,14092,47,339,17,0.36,2.59,0.13
23085,99,-6800,3772,13996,-72,360,45,-0.55,2.75,0.34
23097,99,-6784,3800,14052,-65,458,58,-0.5,3.49,0.44
23109,99,-6860,3708,14052,-159,588,422,-1.21,4.49,3.22
23121,99,-6524,3628,14104,71,701,-70,0.54,5.35,-0.53
23133,99,-6944,3896,14292,-83,553,-52,-0.63,4.22,-0.4
23166,99,-6796,3656,14248,330,510,-286,2.52,3.89,-2.18
23178,99,-6956,3632,14356,409,540,-115,3.12,4.12,-0.88
23190,99,-6784,3684,14052,367,650,-149,2.8,4.96,-1.14
23202,99,-6852,3676,14156,321,515,-143,2.45,3.93,-1.09
23214,99,-6892,3632,14292,323,668,-242,2.46,5.1,-1.85
23226,99,-7048,3628,14200,373,556,-202,2.85,4.24,-1.54
23238,99,-6920,3348,14060,225,711,-327,1.72,5.42,-2.49
23250,99,-7012,3840,14080,542,524,-170,4.14,4,-1.3
23262,99,-6852,3672,13972,339,454,-256,2.59,3.46,-1.95
23295,99,-6716,3616,13820,210,460,-642,1.6,3.51,-4.9
23307,99,-6704,3776,14016,59,784,-910,0.45,5.98,-6.94
23319,99,-6660,3692,14280,177,-36,-962,1.35,-0.27,-7.34
23331,99,-7124,3616,13944,176,382,-878,1.34,2.91,-6.7
23343,99,-7184,3660,14024,146,470,-775,1.11,3.59,-5.91
23355,99,-7224,3668,14076,103,511,-646,0.79,3.9,-4.93
23367,99,-7304,3576,14072,177,823,-480,1.35,6.28,-3.66
23379,99,-7356,3568,14000,123,750,-232,0.94,5.72,-1.77
23391,99,-7172,3568,13940,147,749,-163,1.12,5.71,-1.24
23424,99,-7324,3452,13748,162,398,-106,1.24,3.04,-0.81
23436,99,-7264,3532,13832,24,359,-16,0.18,2.74,-0.12
23448,99,-7264,3588,13940,-31,331,30,-0.24,2.53,0.23
23460,99,-7148,3576,13904,-51,300,101,-0.39,2.29,0.77
23472,99,-7124,3572,13908,3,313,141,0.02,2.39,1.08
23484,99,-7096,3568,14136,-15,191,165,-0.11,1.46,1.26
23496,99,-7028,3520,13936,-61,240,85,-0.47,1.83,0.65
23508,99,-6992,3584,14128,-58,166,138,-0.44,1.27,1.05
23520,99,-6892,3600,14152,-29,315,66,-0.22,2.4,0.5
23553,99,-6872,3332,13920,152,248,-58,1.16,1.89,-0.44
23565,99,-6868,3500,14112,160,336,-64,1.22,2.56,-0.49
23577,99,-6956,3416,14240,158,373,-126,1.21,2.85,-0.96
23589,99,-6980,3424,14144,194,403,-108,1.48,3.07,-0.82
23601,99,-6924,3432,14144,282,471,-178,2.15,3.59,-1.36
23613,99,-6956,3428,14100,303,379,-153,2.31,2.89,-1.17
23625,99,-7004,3448,14156,330,406,-161,2.52,3.1,-1.23
23637,99,-6968,3500,14028,340,500,-153,2.59,3.81,-1.17
23649,99,-7008,3428,14108,315,542,-164,2.4,4.14,-1.25
23682,99,-7208,3348,13812,379,423,-246,2.89,3.23,-1.88
23694,99,-7172,3468,13984,324,441,-148,2.47,3.36,-1.13
23706,99,-7260,3456,14156,366,413,-151,2.79,3.15,-1.15
23718,99,-7236,3364,14076,436,466,-61,3.33,3.56,-0.47
23730,99,-7284,3396,13888,355,408,-72,2.71,3.11,-0.55
23742,99,-7196,3464,13960,330,303,-24,2.52,2.31,-0.18
23754,99,-7272,3460,13920,287,287,32,2.19,2.19,0.24
23766,99,-7276,3548,13952,258,221,98,1.97,1.69,0.75
23778,99,-7224,3384,14160,284,202,96,2.17,1.54,0.73
23811,99,-7188,3244,13784,247,16,140,1.88,0.12,1.07
23823,99,-7096,3412,13928,189,22,213,1.44,0.17,1.63
23835,99,-7120,3396,14216,308,53,224,2.35,0.4,1.71
23847,99,-7032,3420,14008,293,110,210,2.24,0.84,1.6
23859,99,-7020,3540,14040,217,191,150,1.66,1.46,1.14
23871,99,-6968,3480,14132,262,170,155,2,1.3,1.18
23883,99,-6916,3452,14140,220,197,53,1.68,1.5,0.4
23895,99,-6976,3536,14072,310,141,77,2.37,1.08,0.59
23907,99,-7016,3476,14108,316,238,58,2.41,1.82,0.44
23940,99,-6948,3372,13816,279,285,-31,2.13,2.17,-0.24
23952,99,-6796,3436,14040,287,298,-21,2.19,2.27,-0.16
23964,99,-7044,3472,14180,277,270,-37,2.11,2.06,-0.28
23976,99,-7064,3468,14220,405,379,-59,3.09,2.89,-0.45
23988,99,-7084,3424,14108,393,368,-86,3,2.81,-0.66
24000,99,-7160,3412,14108,417,305,-61,3.18,2.33,-0.47
24012,99,-7072,3404,13936,390,272,-62,2.98,2.08,-0.47
24024,99,-7068,3380,14128,352,270,-35,2.69,2.06,-0.27
24036,99,-7100,3420,13996,413,199,-30,3.15,1.52,-0.23
24069,99,-7196,3380,13924,366,221,-100,2.79,1.69,-0.76
24081,99,-7124,3460,13916,376,285,19,2.87,2.17,0.14
24093,99,-7128,3400,13972,255,305,28,1.95,2.33,0.21
24105,99,-7136,3448,13976,312,226,46,2.38,1.72,0.35
24117,99,-7072,3444,14088,338,273,19,2.58,2.08,0.14
24129,99,-7072,3436,14048,305,247,27,2.33,1.88,0.21
24141,99,-7040,3476,13892,244,219,27,1.86,1.67,0.21
24153,99,-7168,3396,14004,253,216,79,1.93,1.65,0.6
24165,99,-7140,3432,14044,248,220,71,1.89,1.68,0.54
24198,99,-7232,3348,13968,310,193,49,2.37,1.47,0.37
24210,99,-7060,3416,14008,284,323,73,2.17,2.46,0.56
24222,99,-7108,3432,14076,216,301,54,1.65,2.3,0.41
24234,99,-7052,3384,14036,216,252,96,1.65,1.92,0.73
24246,99,-7004,3476,14112,336,184,77,2.56,1.4,0.59
24258,99,-6916,3408,14064,233,228,62,1.78,1.74,0.47
24270,99,-7004,3424,14088,261,249,64,1.99,1.9,0.49
24282,99,-7008,3380,14040,270,295,97,2.06,2.25,0.74
24294,99,-7024,3364,13988,227,272,37,1.73,2.08,0.28
24327,99,-7064,3364,13968,448,249,11,3.42,1.9,0.08
24339,99,-7004,3452,14024,325,250,-40,2.48,1.91,-0.31
24351,99,-6956,3432,14072,301,207,-22,2.3,1.58,-0.17
24363,99,-7020,3384,13936,332,270,29,2.53,2.06,0.22
24375,99,-7004,3440,14156,389,348,-30,2.97,2.66,-0.23
24387,99,-6956,3380,14116,407,303,-30,3.11,2.31,-0.23
24399,99,-7044,3388,14000,386,294,-45,2.94,2.24,-0.34
24411,99,-7128,3444,14044,353,334,4,2.69,2.55,0.03
24423,99,-7120,3424,14000,307,330,5,2.34,2.52,0.04
24456,99,-7196,3252,14012,445,311,11,3.4,2.37,0.08
24468,99,-7044,3360,13988,392,214,19,2.99,1.63,0.14
24480,99,-7036,3368,14000,351,227,27,2.68,1.73,0.21
24492,99,-7048,3368,14112,292,252,12,2.23,1.92,0.09
24504,99,-7028,3404,13948,296,265,36,2.26,2.02,0.27
24516,1,-7140,3400,14060,297,250,61,2.27,1.91,0.47
24528,1,-7048,3380,14116,381,292,-13,2.91,2.23,-0.1
24540,1,-7088,3420,14112,358,210,93,2.73,1.6,0.71
24552,1,-7104,3460,14056,342,217,64,2.61,1.66,0.49
24585,1,-7128,3296,13828,383,287,26,2.92,2.19,0.2
24597,1,-6996,3420,14072,333,326,69,2.54,2.49,0.53
24609,1,-6976,3376,13980,305,242,85,2.33,1.85,0.65
24621,1,-6960,3428,13912,214,275,97,1.63,2.1,0.74
24633,1,-7032,3396,14132,223,175,50,1.7,1.34,0.38
24645,1,-7020,3392,14076,191,264,52,1.46,2.01,0.4
24657,1,-7012,3352,14220,275,185,27,2.1,1.41,0.21
24669,1,-7104,3364,14080,267,259,78,2.04,1.98,0.6
24681,1,-7040,3432,13976,293,247,35,2.24,1.88,0.27
24714,1,-7052,3300,13988,308,175,-38,2.35,1.34,-0.29
24726,1,-7080,3416,14128,321,117,51,2.45,0.89,0.39
24738,1,-7040,3368,14300,517,83,70,3.94,0.63,0.53
24750,1,-7004,3308,14120,508,103,52,3.88,0.79,0.4
24762,1,-6980,3348,14012,469,149,50,3.58,1.14,0.38
24774,1,-7056,3444,14008,389,224,52,2.97,1.71,0.4
24786,1,-6944,3448,14060,373,319,35,2.85,2.43,0.27
24798,1,-6948,3504,14012,403,264,26,3.07,2.01,0.2
24810,1,-6916,3412,14048,426,353,1,3.25,2.69,0.01
24843,1,-7152,3364,14032,464,108,-36,3.54,0.82,-0.27
24855,1,-7056,3372,14052,332,269,6,2.53,2.05,0.05
24867,1,-7100,3420,14064,354,235,70,2.7,1.79,0.53
24879,1,-7088,3360,14068,366,298,25,2.79,2.27,0.19
24891,1,-6976,3352,13964,310,371,5,2.37,2.83,0.04
24903,1,-6964,3396,14056,305,254,29,2.33,1.94,0.22
24915,1,-7028,3396,14128,341,114,28,2.6,0.87,0.21
24927,1,-6944,3456,14024,330,195,40,2.52,1.49,0.31
24939,1,-6912,3436,13920,242,237,46,1.85,1.81,0.35
24972,1,-7092,3352,13904,368,223,-39,2.81,1.7,-0.3
24984,1,-6948,3344,14184,404,125,26,3.08,0.95,0.2
24996,1,-6988,3436,14000,373,243,-16,2.85,1.85,-0.12
25008,1,-7020,3416,14148,335,287,6,2.56,2.19,0.05
25020,1,-7092,3436,14164,333,306,-7,2.54,2.33,-0.05
25032,1,-7012,3340,14168,432,344,23,3.3,2.62,0.18
25044,1,-6976,3392,14108,466,226,13,3.56,1.72,0.1
25056,1,-7016,3396,13952,456,232,9,3.48,1.77,0.07
25068,1,-7000,3408,14004,332,332,-11,2.53,2.53,-0.08
25101,1,-7020,3376,13820,286,234,-69,2.18,1.79,-0.53
25113,1,-6924,3468,14140,310,171,-5,2.37,1.3,-0.04
25125,1,-7016,3432,14260,346,203,38,2.64,1.55,0.29
25137,1,-7136,3464,14056,274,284,7,2.09,2.17,0.05
25149,1,-7032,3348,13992,257,264,12,1.96,2.01,0.09
25161,1,-6984,3364,13920,198,180,-8,1.51,1.37,-0.06
25173,1,-7024,3352,14124,253,179,57,1.93,1.37,0.43
25185,1,-6972,3336,14124,221,162,29,1.69,1.24,0.22
25197,1,-7016,3384,14228,261,80,42,1.99,0.61,0.32
25230,1,-7048,3284,14020,274,86,7,2.09,0.66,0.05
25242,1,-6924,3340,14048,182,108,25,1.39,0.82,0.19
25254,1,-7008,3364,14060,162,30,10,1.24,0.23,0.08
25266,1,-6932,3396,14088,115,31,26,0.88,0.24,0.2
25278,1,-6892,3380,13932,16,-143,23,0.12,-1.09,0.18
25290,1,-6788,3352,13920,-84,-591,46,-0.64,-4.51,0.35
25302,1,-6996,3400,13992,-47,-678,-4,-0.36,-5.17,-0.03
25314,1,-7008,3360,13868,-132,-1082,123,-1.01,-8.26,0.94
25326,1,-7212,3176,13848,22,-1508,193,0.17,-11.51,1.47
25359,1,-6872,3272,13920,-195,-1646,397,-1.49,-12.56,3.03
25371,1,-6676,3288,14112,-359,-1622,413,-2.74,-12.37,3.15
25383,1,-6848,3204,14120,-419,-1769,348,-3.2,-13.5,2.66
25395,1,-6976,3232,14016,-474,-2641,371,-3.62,-20.15,2.83
25407,1,-6760,3296,13212,-347,-5646,231,-2.65,-43.08,1.76
25419,1,-6784,3324,13072,-84,-11134,-759,-0.64,-84.95,-5.79
25431,1,-8460,3024,12844,-444,-17368,-202,-3.39,-132.51,-1.54
25443,1,-7688,3204,12680,-710,-18202,226,-5.42,-138.87,1.72
25455,1,-5940,3380,11896,-1504,-17919,412,-11.47,-136.71,3.14
25488,1,-1352,3212,12308,-5840,-15016,-1635,-44.56,-114.56,-12.47
25500,1,-832,3180,12344,-6745,-16953,-2255,-51.46,-129.34,-17.2
25512,1,-2284,3024,12044,-7416,-15781,-3256,-56.58,-120.4,-24.84
25524,1,-2032,2564,12680,-7951,-15687,-3265,-60.66,-119.68,-24.91
25536,1,-2464,2032,13076,-8079,-15036,-3104,-61.64,-114.72,-23.68
25548,1,-1928,1556,13776,-7905,-11020,-2850,-60.31,-84.08,-21.74
25560,1,-1264,852,15612,-8831,-9605,-2795,-67.38,-73.28,-21.32
25572,1,-1672,-176,16844,-8075,-7435,-2525,-61.61,-56.72,-19.26
25584,1,-3024,-416,18492,-9312,-5271,-2499,-71.04,-40.21,-19.07
25617,1,-716,-184,19132,-9100,-2606,-1731,-69.43,-19.88,-13.21
25629,1,-676,-452,19280,-9943,-4972,-1537,-75.86,-37.93,-11.73
25641,1,-400,40,21072,-7122,-5694,-1239,-54.34,-43.44,-9.45
25653,1,-232,-1124,20700,-4340,-4752,-1032,-33.11,-36.25,-7.87
25665,1,616,-1072,20120,-4228,-1480,-1155,-32.26,-11.29,-8.81
25677,1,392,-640,19008,-2263,-196,-1512,-17.27,-1.5,-11.54
25689,1,72,-940,17224,-1262,-2150,-1341,-9.63,-16.4,-10.23
25701,1,-200,-652,16284,-537,-3362,-1351,-4.1,-25.65,-10.31
25713,1,-500,-576,15820,-311,-3578,-1238,-2.37,-27.3,-9.45
25746,1,-1444,-484,15120,-936,-380,-1002,-7.14,-2.9,-7.64
25758,1,536,-508,14804,-1078,-668,-1032,-8.22,-5.1,-7.87
25770,1,1100,-544,15456,-1338,-2173,-1272,-10.21,-16.58,-9.7
25782,1,280,-752,15812,-1477,-1098,-1688,-11.27,-8.38,-12.88
25794,1,-28,-724,16088,-1683,437,-1765,-12.84,3.33,-13.47
25806,1,-748,-1040,15692,-2172,2016,-1675,-16.57,15.38,-12.78
25818,1,-292,-976,16260,-2121,965,-1538,-16.18,7.36,-11.73
25830,1,-152,-728,17196,-1088,553,-1453,-8.3,4.22,-11.09
25842,1,-756,-1092,17808,-104,-1407,-1093,-0.79,-10.73,-8.34
25875,1,-796,-1404,17032,811,-1217,-34,6.19,-9.28,-0.26
25887,1,-116,-1212,16760,806,-592,152,6.15,-4.52,1.16
25899,1,160,-1080,15876,648,-214,206,4.94,-1.63,1.57
25911,1,340,-1004,15400,299,231,28,2.28,1.76,0.21
25923,1,408,-924,15280,-8,320,-182,-0.06,2.44,-1.39
25935,1,212,-956,15592,-118,15,-324,-0.9,0.11,-2.47
25947,1,-28,-1048,15980,-153,35,-373,-1.17,0.27,-2.85
25959,1,-144,-1064,16224,-149,17,-325,-1.14,0.13,-2.48
25971,1,-76,-1016,16392,-185,213,-267,-1.41,1.63,-2.04
26004,1,44,-1116,16260,-196,198,-225,-1.5,1.51,-1.72
26016,1,-164,-1076,16360,212,-604,-265,1.62,-4.61,-2.02
26028,1,-264,-1204,16188,209,-115,-316,1.59,-0.88,-2.41
26040,1,0,-1180,16068,185,-578,-294,1.41,-4.41,-2.24
26052,1,-100,-1156,16004,158,-449,-302,1.21,-3.43,-2.3
26064,1,12,-1164,15972,126,-451,-354,0.96,-3.44,-2.7
26076,1,-1336,-1444,15744,-592,1330,-126,-4.52,10.15,-0.96
26088,1,100,-1292,16296,-160,424,24,-1.22,3.23,0.18
26100,1,192,-1108,16240,509,-679,46,3.88,-5.18,0.35
26133,1,248,-1276,16108,364,-685,-482,2.78,-5.23,-3.68
26145,1,220,-1228,16324,398,-483,-519,3.04,-3.68,-3.96
26157,1,60,-1304,16280,569,-309,-422,4.34,-2.36,-3.22
26169,1,104,-1260,16156,723,-220,-342,5.52,-1.68,-2.61
26181,1,256,-1228,15944,689,-117,-350,5.26,-0.89,-2.67
26193,1,204,-1168,16040,614,-192,-400,4.68,-1.46,-3.05
26205,1,188,-1172,16052,582,34,-396,4.44,0.26,-3.02
26217,1,236,-1088,15852,460,144,-429,3.51,1.1,-3.27
26229,1,300,-1164,15892,340,209,-495,2.59,1.59,-3.78
26262,1,-28,-1324,16184,495,21,-393,3.78,0.16,-3
26274,1,124,-1136,16516,623,-123,-298,4.75,-0.94,-2.27
26286,1,32,-1220,16504,814,-235,-189,6.21,-1.79,-1.44
26298,1,140,-1224,15992,797,-213,-236,6.08,-1.63,-1.8
26310,1,316,-1184,16012,596,-297,-322,4.55,-2.27,-2.46
26322,1,268,-1144,15904,432,-278,-435,3.3,-2.12,-3.32
26334,1,248,-1140,16124,377,-326,-459,2.88,-2.49,-3.5
26346,1,192,-1040,16388,591,-492,-357,4.51,-3.75,-2.72
26358,1,144,-1036,16280,785,-318,-222,5.99,-2.43,-1.69
26391,1,316,-1136,15908,788,-427,-181,6.01,-3.26,-1.38
26403,1,456,-1116,15976,585,-426,-159,4.46,-3.25,-1.21
26415,1,480,-1008,16068,505,-184,-204,3.85,-1.4,-1.56
26427,1,488,-1068,16276,496,-236,-183,3.78,-1.8,-1.4
26439,1,336,-1040,16260,655,-119,-134,5,-0.91,-1.02
26451,1,472,-1136,15872,620,-94,-165,4.73,-0.72,-1.26
26463,1,484,-1132,16016,455,-82,-185,3.47,-0.63,-1.41
26475,1,532,-1040,16032,305,25,-237,2.33,0.19,-1.81
26487,1,504,-956,16024,326,68,-232,2.49,0.52,-1.77
26520,1,276,-1128,16152,684,180,39,5.22,1.37,0.3
26532,1,472,-1076,16112,673,96,121,5.13,0.73,0.92
26544,1,512,-1000,15908,573,257,58,4.37,1.96,0.44
26556,1,488,-996,16100,434,212,-25,3.31,1.62,-0.19
26568,1,508,-1020,15936,349,354,-71,2.66,2.7,-0.54
26580,1,560,-1036,15992,270,392,-140,2.06,2.99,-1.07
26592,1,412,-1000,16272,339,369,-115,2.59,2.82,-0.88
26604,1,332,-1044,16288,532,315,-34,4.06,2.4,-0.26
26616,1,312,-1044,15984,586,238,4,4.47,1.82,0.03
26649,1,452,-1056,15744,493,174,-86,3.76,1.33,-0.66
26661,1,548,-992,16152,341,360,-90,2.6,2.75,-0.69
26673,1,532,-968,16152,361,454,-62,2.75,3.46,-0.47
26685,1,564,-928,15996,353,719,-75,2.69,5.49,-0.57
26697,1,616,-976,15836,183,932,-106,1.4,7.11,-0.81
26709,1,708,-1028,15872,29,1075,-256,0.22,8.2,-1.95
26721,1,544,-972,16212,-45,1243,-226,-0.34,9.48,-1.72
26733,1,352,-1024,16096,-11,1386,-290,-0.08,10.57,-2.21
26745,1,272,-1032,16132,8,1217,-250,0.06,9.28,-1.91
26778,1,84,-1156,16256,528,256,-49,4.03,1.95,-0.37
26790,1,-16,-1040,16444,671,53,131,5.12,0.4,1
26802,1,128,-940,16256,746,-100,185,5.69,-0.76,1.41
26814,1,316,-1020,15916,693,-272,172,5.29,-2.08,1.31
26826,1,396,-992,16148,669,-257,123,5.1,-1.96,0.94
26838,1,464,-1064,16072,659,-17,91,5.03,-0.13,0.69
26850,1,496,-980,16044,619,-14,62,4.72,-0.11,0.47
26862,1,432,-924,16128,612,89,89,4.67,0.68,0.68
26874,1,392,-1008,16120,605,99,109,4.62,0.76,0.83
26907,1,192,-1108,16032,703,77,121,5.36,0.59,0.92
26919,1,348,-964,16152,711,-44,161,5.42,-0.34,1.23
26931,1,348,-984,16124,746,2,118,5.69,0.02,0.9
26943,1,324,-944,16320,711,2,114,5.42,0.02,0.87
26955,1,308,-968,16188,809,-118,191,6.17,-0.9,1.46
26967,1,384,-992,16216,742,-251,301,5.66,-1.91,2.3
26979,1,-444,-1740,15772,274,-346,643,2.09,-2.64,4.91
26991,1,-2012,-1212,15496,-905,5134,1349,-6.9,39.17,10.29
27003,1,596,-448,16200,63,-50,1514,0.48,-0.38,11.55
27036,1,924,-912,16048,505,-136,498,3.85,-1.04,3.8
27048,1,924,-904,16680,661,-765,389,5.04,-5.84,2.97
27060,1,644,-1048,16540,1008,-724,410,7.69,-5.52,3.13
27072,1,528,-976,16416,1230,-764,505,9.38,-5.83,3.85
27084,1,780,-752,16056,1366,-634,504,10.42,-4.84,3.85
27096,1,1012,-764,15984,1264,-915,379,9.64,-6.98,2.89
27108,1,732,-800,15840,1080,-252,250,8.24,-1.92,1.91
27120,1,636,-796,15772,791,27,208,6.03,0.21,1.59
27132,1,580,-752,15776,617,286,132,4.71,2.18,1.01
27165,1,284,-884,16228,603,116,116,4.6,0.89,0.89
27177,1,372,-872,16244,641,72,180,4.89,0.55,1.37
27189,1,528,-800,16088,608,82,101,4.64,0.63,0.77
27201,1,536,-820,16068,571,-17,69,4.36,-0.13,0.53
27213,1,500,-736,15904,522,19,-16,3.98,0.14,-0.12
27225,1,524,-760,16056,571,-127,-8,4.36,-0.97,-0.06
27237,1,544,-712,16292,621,-194,43,4.74,-1.48,0.33
27249,1,456,-728,16508,827,-356,152,6.31,-2.72,1.16
27261,1,464,-712,16288,987,-272,276,7.53,-2.08,2.11
27294,1,736,-760,15692,582,196,52,4.44,1.5,0.4
27306,1,864,-708,15704,251,492,-19,1.91,3.75,-0.14
27318,1,832,-640,15928,8,879,-75,0.06,6.71,-0.57
27330,1,760,-628,15960,-108,1218,-140,-0.82,9.29,-1.07
27342,1,740,-708,16088,-252,1501,-201,-1.92,11.45,-1.53
27354,1,600,-708,16096,-276,1589,-164,-2.11,12.12,-1.25
27366,1,424,-668,16284,-206,1537,-122,-1.57,11.73,-0.93
27378,1,344,-740,16440,-74,1378,-69,-0.56,10.51,-0.53
27390,1,320,-832,16296,45,1029,-38,0.34,7.85,-0.29
27423,1,108,-948,16096,262,436,-117,2,3.33,-0.89
27435,1,228,-824,16276,347,297,-75,2.65,2.27,-0.57
27447,1,228,-864,16284,516,131,-4,3.94,1,-0.03
27459,1,356,-800,16184,540,82,-44,4.12,0.63,-0.34
27471,1,476,-724,16068,495,73,-1,3.78,0.56,-0.01
27483,1,420,-704,16036,445,194,-39,3.4,1.48,-0.3
27495,1,428,-720,16180,413,180,79,3.15,1.37,0.6
27507,1,312,-704,16380,515,285,66,3.93,2.17,0.5
27519,1,368,-768,16176,509,284,109,3.88,2.17,0.83
27552,1,352,-848,15784,366,116,3,2.79,0.89,0.02
27564,1,380,-716,16104,314,183,7,2.4,1.4,0.05
27576,1,348,-756,16296,343,145,35,2.62,1.11,0.27
27588,1,408,-800,16140,329,230,29,2.51,1.75,0.22
27600,1,436,-764,16056,312,285,-23,2.38,2.17,-0.18
27612,1,436,-772,16024,249,289,-31,1.9,2.2,-0.24
27624,1,504,-752,16128,246,238,-1,1.88,1.82,-0.01
27636,1,480,-728,16136,238,422,-18,1.82,3.22,-0.14
27648,1,504,-704,16240,224,457,6,1.71,3.49,0.05
27681,1,236,-876,16024,216,510,-74,1.65,3.89,-0.56
27693,1,324,-756,16208,303,403,31,2.31,3.07,0.24
27705,1,284,-764,16168,332,482,54,2.53,3.68,0.41
27717,1,384,-824,16200,399,305,97,3.04,2.33,0.74
27729,1,388,-776,16240,387,339,48,2.95,2.59,0.37
27741,1,384,-780,15980,314,424,-22,2.4,3.23,-0.17
27753,1,488,-808,16100,207,437,-33,1.58,3.33,-0.25
27765,1,392,-768,15924,154,447,-74,1.17,3.41,-0.56
27777,1,372,-720,16220,195,476,-35,1.49,3.63,-0.27
27810,1,272,-860,16124,291,570,-64,2.22,4.35,-0.49
27822,1,328,-876,16164,279,458,32,2.13,3.49,0.24
27834,1,252,-800,16124,333,453,29,2.54,3.46,0.22
27846,1,208,-820,16112,281,417,45,2.14,3.18,0.34
27858,1,280,-880,16076,268,472,-24,2.04,3.6,-0.18
27870,1,356,-848,16124,246,358,-16,1.88,2.73,-0.12
27882,1,192,-876,16344,430,141,24,3.28,1.08,0.18
27894,1,216,-828,16240,402,209,18,3.07,1.59,0.14
27906,1,328,-804,16224,406,125,-22,3.1,0.95,-0.17
27939,1,264,-1004,16072,371,90,-53,2.83,0.69,-0.4
27951,1,328,-800,16308,459,-16,24,3.5,-0.12,0.18
27963,1,352,-812,16160,482,12,3,3.68,0.09,0.02
27975,1,400,-804,16072,449,33,21,3.43,0.25,0.16
27987,1,328,-776,16148,466,-12,-21,3.56,-0.09,-0.16
27999,1,272,-812,16260,569,-94,86,4.34,-0.72,0.66
28011,1,368,-788,16204,595,-115,126,4.54,-0.88,0.96
28023,1,488,-796,16084,554,1,72,4.23,0.01,0.55
28035,1,500,-768,15892,461,115,26,3.52,0.88,0.2
28068,1,360,-868,15928,303,249,-58,2.31,1.9,-0.44
28080,1,464,-824,16180,280,315,-10,2.14,2.4,-0.08
28092,1,400,-712,16108,273,456,-61,2.08,3.48,-0.47
28104,1,508,-804,15996,230,470,-44,1.75,3.59,-0.34
28116,1,352,-788,16236,299,366,7,2.28,2.79,0.05
28128,1,324,-804,16256,401,456,50,3.06,3.48,0.38
28140,1,364,-796,16148,347,350,34,2.65,2.67,0.26
28152,1,400,-792,16208,282,279,-28,2.15,2.13,-0.21
28164,1,244,-716,16304,338,187,-7,2.58,1.43,-0.05
28197,1,320,-804,15972,507,112,47,3.87,0.85,0.36
28209,1,556,-784,15888,384,155,42,2.93,1.18,0.32
28221,1,600,-820,16164,315,125,15,2.4,0.95,0.11
28233,1,404,-856,16272,417,194,59,3.18,1.48,0.45
28245,1,420,-820,16188,377,297,-4,2.88,2.27,-0.03
28257,1,380,-760,16020,361,287,-5,2.75,2.19,-0.04
28269,1,388,-772,16092,401,288,11,3.06,2.2,0.08
28281,1,376,-784,15972,359,299,-11,2.74,2.28,-0.08
28293,1,428,-788,16108,365,175,-15,2.78,1.34,-0.11
28326,1,372,-840,15932,399,188,2,3.04,1.43,0.02
28338,1,452,-772,16228,422,129,49,3.22,0.98,0.37
28350,1,424,-736,16068,370,297,11,2.82,2.27,0.08
28362,1,448,-744,16176,350,279,14,2.67,2.13,0.11
28374,1,404,-764,16156,340,273,13,2.59,2.08,0.1
28386,1,460,-836,16048,338,421,21,2.58,3.21,0.16
28398,1,528,-780,16008,252,507,-15,1.92,3.87,-0.11
28410,1,392,-824,16164,238,465,-1,1.82,3.55,-0.01
28422,1,360,-820,16204,261,394,-32,1.99,3.01,-0.24
28455,1,388,-960,16172,453,168,11,3.46,1.28,0.08
28467,1,344,-792,16012,417,321,26,3.18,2.45,0.2
28479,1,448,-676,16032,334,307,0,2.55,2.34,0
28491,1,448,-760,16232,337,245,21,2.57,1.87,0.16
28503,1,376,-816,16124,354,331,50,2.7,2.53,0.38
28515,1,432,-720,16072,285,425,50,2.17,3.24,0.38
28527,1,372,-788,16020,265,447,38,2.02,3.41,0.29
28539,1,372,-780,16288,355,245,90,2.71,1.87,0.69
28551,1,272,-852,16224,391,371,35,2.98,2.83,0.27
28584,1,232,-864,15948,445,150,6,3.4,1.14,0.05
28596,1,452,-788,16056,320,217,1,2.44,1.66,0.01
28608,1,420,-736,16136,332,272,8,2.53,2.08,0.06
28620,1,332,-832,16176,385,251,13,2.94,1.91,0.1
28632,1,448,-732,16148,414,217,45,3.16,1.66,0.34
28644,1,336,-740,16316,545,159,148,4.16,1.21,1.13
28656,1,332,-804,16156,573,169,109,4.37,1.29,0.83
28668,1,320,-732,16280,672,-36,185,5.13,-0.27,1.41
28680,1,256,-788,16188,732,-90,195,5.58,-0.69,1.49
28713,1,540,-980,15572,640,-233,135,4.88,-1.78,1.03
28725,1,680,-672,16120,380,143,-15,2.9,1.09,-0.11
28737,1,480,-732,16080,403,108,28,3.07,0.82,0.21
28749,1,460,-744,16036,383,303,55,2.92,2.31,0.42
28761,1,544,-656,16172,291,383,-22,2.22,2.92,-0.17
28773,1,432,-700,16152,260,474,-13,1.98,3.62,-0.1
28785,1,408,-676,16232,230,417,-17,1.75,3.18,-0.13
28797,1,364,-760,16284,356,315,34,2.72,2.4,0.26
28809,1,340,-776,16188,429,353,69,3.27,2.69,0.53
28842,1,428,-848,15912,286,266,-62,2.18,2.03,-0.47
28854,1,440,-716,16172,209,267,-29,1.59,2.04,-0.22
28866,1,408,-716,16320,323,248,-22,2.46,1.89,-0.17
28878,1,412,-700,16300,398,313,38,3.04,2.39,0.29
28890,1,468,-756,16024,381,324,-13,2.91,2.47,-0.1
28902,1,440,-668,16088,308,263,26,2.35,2.01,0.2
28914,1,448,-716,16212,367,234,-13,2.8,1.79,-0.1
28926,1,384,-736,16076,411,278,48,3.14,2.12,0.37
28938,1,460,-768,16056,369,145,27,2.82,1.11,0.21
28971,1,448,-736,16232,483,215,-8,3.68,1.64,-0.06
28983,1,420,-772,16124,441,329,65,3.36,2.51,0.5
28995,1,504,-764,16040,429,272,1,3.27,2.08,0.01
29007,1,524,-708,16080,351,240,8,2.68,1.83,0.06
29019,1,468,-684,16152,315,244,-19,2.4,1.86,-0.14
29031,1,452,-728,16108,327,284,12,2.49,2.17,0.09
29043,1,432,-700,16268,341,229,-19,2.6,1.75,-0.14
29055,1,412,-732,16160,387,170,73,2.95,1.3,0.56
29067,1,444,-696,16024,404,140,55,3.08,1.07,0.42
29100,1,396,-836,16028,432,198,-34,3.3,1.51,-0.26
29112,1,500,-728,16040,372,321,24,2.84,2.45,0.18
29124,1,576,-720,16020,285,368,-53,2.17,2.81,-0.4
29136,1,508,-620,16084,259,322,-36,1.98,2.46,-0.27
29148,1,452,-652,16184,308,332,-37,2.35,2.53,-0.28
29160,1,376,-672,16328,403,264,18,3.07,2.01,0.14
29172,1,428,-792,16160,407,262,-7,3.11,2,-0.05
29184,1,480,-792,16100,411,282,45,3.14,2.15,0.34
29196,1,524,-668,16100,378,268,-7,2.88,2.04,-0.05
29229,1,416,-756,15976,377,186,-33,2.88,1.42,-0.25
29241,1,520,-684,16228,331,286,33,2.53,2.18,0.25
29253,1,460,-712,16268,365,224,34,2.78,1.71,0.26
29265,1,476,-772,16148,378,379,43,2.88,2.89,0.33
29277,1,524,-604,15984,315,347,-25,2.4,2.65,-0.19
29289,1,488,-736,16084,252,312,-35,1.92,2.38,-0.27
29301,1,504,-716,16200,271,296,-33,2.07,2.26,-0.25
29313,1,448,-720,16216,285,290,-24,2.17,2.21,-0.18
29325,1,492,-676,16324,378,250,35,2.88,1.91,0.27
29358,1,472,-792,15980,400,196,-26,3.05,1.5,-0.2
29370,1,464,-720,16096,367,215,6,2.8,1.64,0.05
29382,1,540,-684,16188,349,256,-2,2.66,1.95,-0.02
29394,1,480,-676,16196,306,343,-15,2.33,2.62,-0.11
29406,1,488,-704,16128,265,340,35,2.02,2.59,0.27
29418,1,436,-660,16168,286,339,7,2.18,2.59,0.05
29430,1,448,-684,16240,388,284,40,2.96,2.17,0.31
29442,1,460,-716,16128,344,274,28,2.62,2.09,0.21
29454,1,520,-656,16004,351,297,-32,2.68,2.27,-0.24
29487,1,360,-720,16172,415,220,-53,3.17,1.68,-0.4
29499,1,420,-740,16172,446,182,52,3.4,1.39,0.4
29511,1,484,-728,16084,415,195,53,3.17,1.49,0.4
29523,1,520,-624,16152,417,194,15,3.18,1.48,0.11
29535,1,464,-752,16020,369,207,41,2.82,1.58,0.31
29547,1,556,-676,16152,311,260,-13,2.37,1.98,-0.1
29559,1,456,-752,16180,313,260,-21,2.39,1.98,-0.16
29571,1,532,-700,16160,289,359,-2,2.2,2.74,-0.02
29583,1,508,-804,16068,306,323,5,2.33,2.46,0.04
29616,1,456,-756,16080,356,308,-90,2.72,2.35,-0.69
29628,1,368,-732,16064,264,290,-22,2.01,2.21,-0.17
29640,1,416,-676,16228,293,275,-45,2.24,2.1,-0.34
29652,1,380,-812,16232,414,231,54,3.16,1.76,0.41
29664,1,496,-760,16076,421,258,15,3.21,1.97,0.11
29676,1,528,-756,16028,381,211,1,2.91,1.61,0.01
29688,1,568,-768,16060,288,289,-33,2.2,2.2,-0.25
29700,1,520,-724,16080,237,359,-38,1.81,2.74,-0.29
29712,1,468,-704,16412,303,288,24,2.31,2.2,0.18
29745,1,324,-772,15984,319,301,-66,2.43,2.3,-0.5
29757,1,424,-688,16284,370,158,48,2.82,1.21,0.37
29769,1,352,-796,16176,397,228,37,3.03,1.74,0.28
29781,1,532,-700,16020,414,216,55,3.16,1.65,0.42
29793,1,536,-676,16004,427,145,31,3.26,1.11,0.24
29805,1,560,-700,16188,421,123,73,3.21,0.94,0.56
29817,1,548,-744,15988,295,326,-3,2.25,2.49,-0.02
29829,1,504,-736,16116,267,328,-17,2.04,2.5,-0.13
29841,1,508,-804,16168,252,278,-48,1.92,2.12,-0.37
29874,1,344,-848,16296,499,152,-15,3.81,1.16,-0.11
29886,1,480,-704,16316,651,370,104,4.97,2.82,0.79
29898,1,524,-700,16072,596,510,87,4.55,3.89,0.66
29910,1,568,-616,16000,475,556,80,3.62,4.24,0.61
29922,1,564,-688,16100,489,554,49,3.73,4.23,0.37
29934,1,528,-688,16040,368,550,30,2.81,4.2,0.23
29946,1,456,-724,16140,362,505,29,2.76,3.85,0.22
29958,1,448,-720,16064,287,442,32,2.19,3.37,0.24
29970,1,364,-688,16140,230,387,-2,1.75,2.95,-0.02
30003,1,372,-792,16116,387,146,5,2.95,1.11,0.04
30015,1,480,-664,16096,351,156,43,2.68,1.19,0.33
30027,1,476,-696,16068,255,127,-11,1.95,0.97,-0.08
30039,1,504,-712,16164,319,207,15,2.43,1.58,0.11
30051,1,456,-720,16236,357,226,23,2.72,1.72,0.18
30063,1,452,-732,16164,355,302,1,2.71,2.3,0.01
30075,1,480,-700,16040,290,327,44,2.21,2.49,0.34
30087,1,444,-728,16052,234,321,-50,1.79,2.45,-0.38
30099,1,444,-664,16152,233,344,-62,1.78,2.62,-0.47
30132,1,292,-820,15924,495,206,17,3.78,1.57,0.13
30144,1,468,-660,16144,381,156,23,2.91,1.19,0.18
30156,1,544,-636,16096,339,173,0,2.59,1.32,0
30168,1,424,-748,16260,399,174,15,3.04,1.33,0.11
30180,1,508,-712,16204,357,203,10,2.72,1.55,0.08
30192,1,412,-640,16204,454,166,20,3.46,1.27,0.15
30204,1,468,-748,16228,463,181,69,3.53,1.38,0.53
30216,1,456,-740,16116,513,97,95,3.91,0.74,0.72
30228,1,436,-700,16072,529,118,91,4.04,0.9,0.69
30261,1,460,-816,16032,502,16,15,3.83,0.12,0.11
30273,1,496,-712,16160,469,81,63,3.58,0.62,0.48
30285,1,484,-656,16064,458,80,33,3.49,0.61,0.25
30297,1,524,-624,15992,401,228,48,3.06,1.74,0.37
30309,1,516,-656,16012,354,152,-5,2.7,1.16,-0.04
30321,1,508,-660,16316,400,77,-14,3.05,0.59,-0.11
30333,1,464,-688,16276,473,90,56,3.61,0.69,0.43
30345,1,564,-692,16156,488,130,95,3.72,0.99,0.72
30357,1,536,-656,16116,478,65,24,3.65,0.5,0.18
30390,1,508,-720,15932,324,297,-57,2.47,2.27,-0.43
30402,1,468,-704,16196,292,263,-3,2.23,2.01,-0.02
30414,1,528,-648,15980,305,312,-6,2.33,2.38,-0.05
30426,1,540,-648,16280,309,373,-62,2.36,2.85,-0.47
30438,1,424,-720,16500,490,183,59,3.74,1.4,0.45
30450,1,460,-720,16160,560,204,117,4.27,1.56,0.89
30462,1,572,-608,16232,565,250,100,4.31,1.91,0.76
30474,1,540,-644,16244,704,391,109,5.37,2.98,0.83
30486,1,480,-648,16284,826,374,140,6.3,2.85,1.07
30519,1,652,-752,15732,1653,504,315,12.61,3.85,2.4
30531,1,712,-484,16164,1037,295,225,7.91,2.25,1.72
30543,1,592,-512,15984,999,427,181,7.62,3.26,1.38
30555,1,452,-484,15848,806,374,168,6.15,2.85,1.28
30567,1,672,-512,15916,727,433,108,5.55,3.3,0.82
30579,1,508,-432,16040,656,478,131,5,3.65,1
30591,1,500,-444,16320,698,529,105,5.33,4.04,0.8
30603,1,488,-480,16192,676,497,123,5.16,3.79,0.94
30615,1,516,-488,16160,573,442,89,4.37,3.37,0.68
30648,1,396,-504,16032,496,277,12,3.78,2.11,0.09
30660,1,484,-520,16044,377,272,18,2.88,2.08,0.14
30672,1,440,-496,16024,305,213,52,2.33,1.63,0.4
30684,1,552,-432,16060,240,279,-55,1.83,2.13,-0.42
30696,1,436,-428,16236,164,317,-43,1.25,2.42,-0.33
30708,1,372,-512,16372,352,348,18,2.69,2.66,0.14
30720,1,448,-512,16128,334,325,42,2.55,2.48,0.32
30732,1,516,-484,16084,395,364,54,3.01,2.78,0.41
30744,1,472,-544,16036,335,414,9,2.56,3.16,0.07
30777,1,372,-616,16156,262,214,-13,2,1.63,-0.1
30789,1,360,-520,16268,361,237,40,2.75,1.81,0.31
30801,1,472,-524,16176,403,305,19,3.07,2.33,0.14
30813,1,424,-580,16152,447,193,79,3.41,1.47,0.6
30825,1,404,-484,16200,451,287,51,3.44,2.19,0.39
30837,1,384,-576,16332,531,150,61,4.05,1.14,0.47
30849,1,500,-492,16028,493,245,74,3.76,1.87,0.56
30861,1,488,-440,16036,436,204,26,3.33,1.56,0.2
30873,1,500,-508,16024,376,277,10,2.87,2.11,0.08
30906,1,408,-568,16160,463,283,-49,3.53,2.16,-0.37
30918,1,388,-492,16020,394,344,27,3.01,2.62,0.21
30930,1,428,-428,16136,322,252,7,2.46,1.92,0.05
30942,1,408,-484,16388,397,257,8,3.03,1.96,0.06
30954,1,380,-592,16360,508,113,75,3.88,0.86,0.57
30966,1,548,-512,16120,442,123,86,3.37,0.94,0.66
30978,1,592,-360,16020,394,125,65,3.01,0.95,0.5
30990,1,448,-504,16124,410,125,24,3.13,0.95,0.18
31002,1,524,-552,16124,381,239,14,2.91,1.82,0.11
31035,1,432,-560,16020,355,300,-67,2.71,2.29,-0.51
31047,1,428,-436,16104,390,223,9,2.98,1.7,0.07
31059,1,500,-444,16144,395,276,39,3.01,2.11,0.3
31071,1,440,-468,16292,337,262,4,2.57,2,0.03
31083,1,560,-420,16100,338,207,-24,2.58,1.58,-0.18
31095,1,436,-516,16240,400,99,38,3.05,0.76,0.29
31107,1,556,-388,16168,351,236,28,2.68,1.8,0.21
31119,1,528,-480,16288,313,188,-6,2.39,1.43,-0.05
31131,1,464,-464,16328,380,142,32,2.9,1.08,0.24
31164,1,460,-520,15956,357,195,-30,2.72,1.49,-0.23
31176,1,484,-432,16080,301,315,-26,2.3,2.4,-0.2
31188,1,492,-436,16144,243,270,-38,1.85,2.06,-0.29
31200,1,472,-380,16140,271,312,-13,2.07,2.38,-0.1
31212,1,552,-484,16160,331,268,6,2.53,2.04,0.05
31224,1,496,-440,16136,303,270,-3,2.31,2.06,-0.02
31236,1,432,-432,16132,276,252,11,2.11,1.92,0.08
31248,1,512,-432,16240,282,216,-6,2.15,1.65,-0.05
31260,1,532,-460,16224,276,265,27,2.11,2.02,0.21
31293,1,512,-544,15892,267,375,46,2.04,2.86,0.35
31305,1,524,-444,16164,169,287,-41,1.29,2.19,-0.31
31317,1,420,-428,16216,213,419,-13,1.63,3.2,-0.1
31329,1,500,-500,16252,306,323,54,2.33,2.46,0.41
31341,1,552,-508,16060,301,419,38,2.3,3.2,0.29
31353,1,424,-456,16136,301,225,-11,2.3,1.72,-0.08
31365,1,344,-456,16236,304,71,5,2.32,0.54,0.04
31377,1,408,-468,16208,331,-45,11,2.53,-0.34,0.08
31389,1,428,-492,16168,353,-185,16,2.69,-1.41,0.12
31422,1,568,-672,16012,479,-120,10,3.65,-0.92,0.08
31434,1,748,-516,16136,369,32,23,2.82,0.24,0.18
31446,1,808,-492,16088,333,252,-34,2.54,1.92,-0.26
31458,1,612,-448,15964,234,483,-36,1.79,3.68,-0.27
31470,1,572,-480,16068,169,564,-33,1.29,4.3,-0.25
31482,1,472,-496,16164,137,499,-15,1.05,3.81,-0.11
31494,1,424,-424,16276,149,470,-19,1.14,3.59,-0.14
31506,1,436,-508,16200,208,435,-29,1.59,3.32,-0.22
31518,1,508,-492,16168,222,450,23,1.69,3.43,0.18
31551,1,488,-612,16004,211,231,-7,1.61,1.76,-0.05
31563,1,576,-540,16240,188,312,-12,1.43,2.38,-0.09
31575,1,524,-596,16252,242,367,12,1.85,2.8,0.09
31587,1,572,-588,16092,272,285,4,2.08,2.17,0.03
31599,1,516,-668,16216,346,217,22,2.64,1.66,0.17
31611,1,524,-632,16160,379,204,8,2.89,1.56,0.06
31623,1,528,-532,16248,390,127,12,2.98,0.97,0.09
31635,1,484,-524,16240,464,133,-5,3.54,1.01,-0.04
31647,1,544,-596,16180,470,84,26,3.59,0.64,0.2
31680,1,-888,-396,15256,-797,3361,385,-6.08,25.64,2.94
31692,1,908,-556,16200,-257,945,658,-1.96,7.21,5.02
31704,1,1252,-428,16284,365,17,289,2.78,0.13,2.2
31716,1,844,-544,16316,63,429,-95,0.48,3.27,-0.72
31728,1,488,-524,16464,253,285,-20,1.93,2.17,-0.15
31740,1,552,-544,16312,422,-195,61,3.22,-1.49,0.47
31752,1,652,-480,16248,522,-20,100,3.98,-0.15,0.76
31764,1,740,-560,16004,438,217,60,3.34,1.66,0.46
31776,1,636,-580,15828,303,498,2,2.31,3.8,0.02
31809,1,328,-676,16204,253,382,-67,1.93,2.91,-0.51
31821,1,344,-660,16420,338,343,32,2.58,2.62,0.24
31833,1,428,-696,16508,358,266,7,2.73,2.03,0.05
31845,1,408,-596,16164,378,206,-15,2.88,1.57,-0.11
31857,1,428,-468,16288,482,99,12,3.68,0.76,0.09
31869,1,352,-512,16184,469,118,12,3.58,0.9,0.09
31881,1,452,-504,16104,428,180,55,3.27,1.37,0.42
31893,1,516,-460,16016,322,230,68,2.46,1.75,0.52
31905,1,624,-592,15840,225,308,37,1.72,2.35,0.28
31938,1,328,-748,16228,318,406,-30,2.43,3.1,-0.23
31950,1,308,-712,16300,430,280,50,3.28,2.14,0.38
31962,1,288,-672,16352,576,122,150,4.39,0.93,1.14
31974,1,472,-608,16268,670,-1,180,5.11,-0.01,1.37
31986,1,612,-460,16016,654,110,219,4.99,0.84,1.67
31998,1,640,-412,15840,479,444,180,3.65,3.39,1.37
32010,1,580,-552,15892,263,708,159,2.01,5.4,1.21
32022,1,620,-572,15920,194,741,97,1.48,5.65,0.74
32034,1,596,-536,16092,151,848,66,1.15,6.47,0.5
32067,1,152,-724,16348,449,569,100,3.43,4.34,0.76
32079,1,268,-628,16292,515,420,153,3.93,3.2,1.17
32091,1,348,-672,16168,663,321,214,5.06,2.45,1.63
32103,1,344,-652,15872,642,124,103,4.9,0.95,0.79
32115,1,428,-556,16148,644,-1,99,4.91,-0.01,0.76
32127,1,388,-484,16188,592,24,118,4.52,0.18,0.9
32139,1,448,-504,16068,516,107,110,3.94,0.82,0.84
32151,1,384,-444,16220,575,187,71,4.39,1.43,0.54
32163,1,400,-440,16176,496,341,160,3.78,2.6,1.22
32196,1,416,-612,15940,398,171,106,3.04,1.3,0.81
32208,1,468,-632,16164,271,193,92,2.07,1.47,0.7
32220,1,468,-648,16160,268,274,128,2.04,2.09,0.98
32232,1,416,-596,16272,361,220,82,2.75,1.68,0.63
32244,1,348,-640,16288,415,276,94,3.17,2.11,0.72
32256,1,396,-652,16156,449,-3,44,3.43,-0.02,0.34
32268,1,456,-524,16084,452,-190,77,3.45,-1.45,0.59
32280,1,456,-384,16040,340,-115,19,2.59,-0.88,0.14
32292,1,428,-488,16272,365,-128,-41,2.78,-0.98,-0.31
32325,1,392,-592,16076,735,-422,98,5.61,-3.22,0.75
32337,1,632,-468,15944,641,-270,37,4.89,-2.06,0.28
32349,1,736,-336,16000,488,-118,-3,3.72,-0.9,-0.02
32361,1,740,-352,16152,416,29,-51,3.17,0.22,-0.39
32373,1,668,-416,16068,365,375,25,2.78,2.86,0.19
32385,1,660,-488,16152,299,369,48,2.28,2.82,0.37
32397,1,708,-536,15972,290,609,66,2.21,4.65,0.5
32409,1,692,-452,15920,175,800,-42,1.34,6.1,-0.32
32421,1,492,-380,16132,119,887,-104,0.91,6.77,-0.79
32454,1,244,-636,16148,274,342,7,2.09,2.61,0.05
32466,1,480,-568,16284,321,240,55,2.45,1.83,0.42
32478,1,568,-544,16116,322,415,8,2.46,3.17,0.06
32490,1,536,-492,16092,214,408,-34,1.63,3.11,-0.26
32502,1,444,-516,16016,206,340,-14,1.57,2.59,-0.11
32514,1,512,-576,16176,169,257,-27,1.29,1.96,-0.21
32526,1,508,-544,16184,203,234,-72,1.55,1.79,-0.55
32538,1,408,-532,16288,258,289,-123,1.97,2.2,-0.94
32550,1,376,-468,16176,302,291,-108,2.3,2.22,-0.82
32583,1,376,-688,16168,519,-281,-39,3.96,-2.14,-0.3
32595,1,744,-588,16192,512,-109,-42,3.91,-0.83,-0.32
32607,1,856,-528,16004,464,166,-23,3.54,1.27,-0.18
32619,1,832,-500,15988,319,507,-42,2.43,3.87,-0.32
32631,1,660,-400,16064,152,777,-82,1.16,5.93,-0.63
32643,1,548,-488,16116,81,1011,-104,0.62,7.71,-0.79
32655,1,432,-556,16136,125,984,-83,0.95,7.51,-0.63
32667,1,332,-540,16144,118,973,-85,0.9,7.42,-0.65
32679,1,288,-596,16260,224,702,-73,1.71,5.36,-0.56
32712,1,268,-684,16104,473,332,-86,3.61,2.53,-0.66
32724,1,380,-572,16148,433,192,-11,3.3,1.46,-0.08
32736,1,500,-560,16004,445,324,-40,3.4,2.47,-0.31
32748,1,496,-536,16132,403,414,-62,3.07,3.16,-0.47
32760,1,520,-496,15992,350,468,-86,2.67,3.57,-0.66
32772,1,368,-564,16092,252,579,-93,1.92,4.42,-0.71
32784,1,420,-492,16064,251,601,-54,1.91,4.59,-0.41
32796,1,408,-536,16204,301,601,-18,2.3,4.59,-0.14
32808,1,356,-544,16196,348,706,-18,2.66,5.39,-0.14
32841,1,220,-696,16092,272,617,-71,2.08,4.71,-0.54
32853,1,256,-588,16300,257,626,-51,1.96,4.78,-0.39
32865,1,196,-600,16164,283,531,-48,2.16,4.05,-0.37
32877,1,240,-576,16224,323,427,-80,2.46,3.26,-0.61
32889,1,280,-560,16288,350,282,-82,2.67,2.15,-0.63
32901,1,308,-588,16160,387,259,-29,2.95,1.98,-0.22
32913,1,464,-632,16108,373,279,-55,2.85,2.13,-0.42
32925,1,332,-620,16008,349,190,-86,2.66,1.45,-0.66
32937,1,368,-564,16128,307,208,-96,2.34,1.59,-0.73
32970,1,108,-664,16280,472,140,-123,3.6,1.07,-0.94
32982,1,288,-504,16220,380,225,-64,2.9,1.72,-0.49
32994,1,260,-528,16016,397,134,-33,3.03,1.02,-0.25
33006,1,416,-516,16084,393,193,-10,3,1.47,-0.08
33018,1,424,-564,16160,367,211,-9,2.8,1.61,-0.07
33030,1,336,-532,16524,405,57,10,3.09,0.43,0.08
33042,1,404,-608,16064,281,502,-55,2.14,3.83,-0.42
33054,1,384,-500,16192,337,273,-43,2.57,2.08,-0.33
33066,1,364,-512,16096,313,492,-8,2.39,3.75,-0.06
33099,1,268,-608,16036,255,562,-94,1.95,4.29,-0.72
33111,1,284,-488,16188,274,600,-60,2.09,4.58,-0.46
33123,1,300,-572,16100,276,585,0,2.11,4.46,0
33135,1,300,-648,16120,204,604,-66,1.56,4.61,-0.5
33147,1,244,-568,16224,204,581,-64,1.56,4.43,-0.49
33159,1,332,-556,16268,252,478,-53,1.92,3.65,-0.4
33171,1,216,-624,16264,363,453,7,2.77,3.46,0.05
33183,1,228,-580,16116,348,470,-27,2.66,3.59,-0.21
33195,1,272,-580,16208,370,455,10,2.82,3.47,0.08
33228,1,156,-564,16048,328,432,-94,2.5,3.3,-0.72
33240,1,188,-560,16096,230,452,-31,1.75,3.45,-0.24
33252,1,224,-552,16168,218,459,-42,1.66,3.5,-0.32
33264,1,168,-568,16236,261,378,-35,1.99,2.88,-0.27
33276,1,200,-576,16260,259,395,-22,1.98,3.01,-0.17
33288,1,188,-616,16156,298,287,-52,2.27,2.19,-0.4
33300,1,316,-640,16088,246,381,-18,1.88,2.91,-0.14
33312,1,284,-616,16076,194,407,-78,1.48,3.11,-0.6
33324,1,184,-624,16196,279,530,-62,2.13,4.04,-0.47
33357,1,148,-728,16056,416,330,2,3.17,2.52,0.02
33369,1,256,-636,16184,395,259,2,3.01,1.98,0.02
33381,1,244,-644,16172,354,218,-66,2.7,1.66,-0.5
33393,1,236,-624,16096,370,161,-84,2.82,1.23,-0.64
33405,1,164,-624,16268,390,94,-122,2.98,0.72,-0.93
33417,1,148,-640,16304,431,30,-86,3.29,0.23,-0.66
33429,1,212,-676,16104,469,40,-30,3.58,0.31,-0.23
33441,1,216,-564,16156,428,-8,-23,3.27,-0.06,-0.18
33453,1,212,-596,16148,421,-20,-35,3.21,-0.15,-0.27
33486,1,248,-660,15944,369,222,-44,2.82,1.69,-0.34
33498,1,312,-536,16080,291,339,-36,2.22,2.59,-0.27
33510,1,252,-568,16212,389,292,-32,2.97,2.23,-0.24
33522,1,240,-596,16220,436,338,29,3.33,2.58,0.22
33534,1,216,-596,16160,428,247,-2,3.27,1.88,-0.02
33546,1,216,-584,16156,417,223,-10,3.18,1.7,-0.08
33558,1,172,-600,16144,404,168,-20,3.08,1.28,-0.15
33570,1,272,-520,16252,425,140,-39,3.24,1.07,-0.3
33582,1,228,-532,16224,427,111,4,3.26,0.85,0.03
33615,1,252,-624,15964,382,247,-53,2.91,1.88,-0.4
33627,1,292,-556,16184,369,313,28,2.82,2.39,0.21
33639,1,280,-604,16064,304,412,-35,2.32,3.14,-0.27
33651,1,292,-604,16184,304,481,-10,2.32,3.67,-0.08
33663,1,248,-532,16380,358,353,27,2.73,2.69,0.21
33675,1,264,-548,16244,391,457,2,2.98,3.49,0.02
33687,1,312,-484,16100,363,340,42,2.77,2.59,0.32
33699,1,280,-572,16012,319,392,30,2.43,2.99,0.23
33711,1,276,-628,16076,206,344,-44,1.57,2.62,-0.34
33744,1,120,-688,15980,320,361,-43,2.44,2.75,-0.33
33756,1,208,-592,16088,285,424,19,2.17,3.23,0.14
33768,1,304,-556,16228,349,355,27,2.66,2.71,0.21
33780,1,292,-608,16172,325,441,18,2.48,3.36,0.14
33792,1,252,-640,16112,255,445,9,1.95,3.4,0.07
33804,1,268,-568,16264,302,350,-15,2.3,2.67,-0.11
33816,1,220,-608,16204,352,419,24,2.69,3.2,0.18
33828,1,248,-512,16004,246,346,27,1.88,2.64,0.21
33840,1,360,-628,15960,223,452,-17,1.7,3.45,-0.13
33873,1,156,-728,16108,374,440,-46,2.85,3.36,-0.35
33885,1,232,-620,16064,285,470,-43,2.17,3.59,-0.33
33897,1,180,-660,16092,321,421,7,2.45,3.21,0.05
33909,1,192,-636,16052,294,395,-31,2.24,3.01,-0.24
33921,1,152,-608,16188,285,430,-26,2.17,3.28,-0.2
33933,1,232,-560,16116,250,415,-55,1.91,3.17,-0.42
33945,1,184,-652,16364,360,226,-5,2.75,1.72,-0.04
33957,1,144,-600,16172,399,245,2,3.04,1.87,0.02
33969,1,236,-616,16160,384,293,-8,2.93,2.24,-0.06
34002,1,40,-708,16044,524,208,-23,4,1.59,-0.18
34014,1,192,-652,16152,417,214,30,3.18,1.63,0.23
34026,1,300,-592,16060,382,303,10,2.91,2.31,0.08
34038,1,256,-524,16140,364,281,-17,2.78,2.14,-0.13
34050,1,224,-592,16108,339,409,-25,2.59,3.12,-0.19
34062,1,200,-620,16072,296,402,-51,2.26,3.07,-0.39
34074,1,172,-708,16216,301,311,-48,2.3,2.37,-0.37
34086,1,160,-572,16388,386,277,-29,2.94,2.11,-0.22
34098,1,120,-600,16208,374,211,-37,2.85,1.61,-0.28
34131,1,120,-688,16140,464,-10,6,3.54,-0.08,0.05
34143,1,304,-572,16156,413,82,15,3.15,0.63,0.11
34155,1,232,-520,16240,399,88,25,3.04,0.67,0.19
34167,1,240,-648,16160,407,195,51,3.11,1.49,0.39
34179,1,180,-664,16080,383,201,-22,2.92,1.53,-0.17
34191,1,228,-616,16016,336,224,1,2.56,1.71,0.01
34203,1,172,-540,16124,402,257,54,3.07,1.96,0.41
34215,1,312,-592,16124,365,286,13,2.78,2.18,0.1
34227,1,256,-528,16176,324,393,-2,2.47,3,-0.02
34260,1,132,-696,16060,373,273,-64,2.85,2.08,-0.49
34272,1,144,-688,16188,349,383,10,2.66,2.92,0.08
34284,1,196,-604,16200,329,344,-27,2.51,2.62,-0.21
34296,1,292,-572,16068,322,316,-18,2.46,2.41,-0.14
34308,1,164,-576,16132,355,312,-18,2.71,2.38,-0.14
34320,1,332,-612,16216,277,323,23,2.11,2.46,0.18
34332,1,164,-620,16116,299,288,-17,2.28,2.2,-0.13
34344,1,204,-616,16144,320,363,-3,2.44,2.77,-0.02
34356,1,216,-628,16148,320,351,1,2.44,2.68,0.01
34389,1,52,-704,16012,352,338,-28,2.69,2.58,-0.21
34401,1,176,-564,16224,360,264,6,2.75,2.01,0.05
34413,1,148,-540,16100,313,291,-21,2.39,2.22,-0.16
34425,1,264,-568,16100,302,335,2,2.3,2.56,0.02
34437,1,132,-604,16132,252,394,20,1.92,3.01,0.15
34449,1,212,-608,16160,331,386,15,2.53,2.94,0.11
34461,1,132,-600,16256,336,377,-3,2.56,2.88,-0.02
34473,1,160,-640,16184,318,346,45,2.43,2.64,0.34
34485,1,204,-640,16240,349,288,13,2.66,2.2,0.1
34518,99,144,-740,16032,399,267,-90,3.04,2.04,-0.69
34530,99,196,-704,16080,321,260,39,2.45,1.98,0.3
34542,99,188,-592,16220,336,252,-7,2.56,1.92,-0.05
34554,99,124,-620,16248,327,323,1,2.49,2.46,0.01
34566,99,188,-568,16284,356,326,6,2.72,2.49,0.05
34578,99,156,-560,16196,441,258,81,3.36,1.97,0.62
34590,99,288,-576,16060,352,351,17,2.69,2.68,0.13
34602,99,132,-652,16216,386,265,25,2.94,2.02,0.19
34614,99,152,-588,16224,358,329,39,2.73,2.51,0.3
34647,99,148,-676,15932,374,315,-45,2.85,2.4,-0.34
34659,99,268,-584,16056,289,322,-27,2.2,2.46,-0.21
34671,99,112,-632,16232,286,405,-37,2.18,3.09,-0.28
34683,99,164,-632,16260,349,360,-18,2.66,2.75,-0.14
34695,99,180,-592,16148,275,401,-36,2.1,3.06,-0.27
34707,99,164,-604,16048,276,254,-29,2.11,1.94,-0.22
34719,99,132,-608,16432,385,214,49,2.94,1.63,0.37
34731,99,164,-640,16204,446,404,50,3.4,3.08,0.38
34743,99,208,-640,16008,401,302,24,3.06,2.3,0.18
34776,99,32,-716,15988,306,250,-84,2.33,1.91,-0.64
34788,99,120,-616,16240,361,342,-16,2.75,2.61,-0.12
34800,99,176,-668,16204,330,350,-15,2.52,2.67,-0.11
34812,99,224,-572,16136,286,305,7,2.18,2.33,0.05
34824,99,80,-668,16204,322,256,2,2.46,1.95,0.02
34836,99,144,-576,16272,368,279,42,2.81,2.13,0.32
34848,99,208,-596,16116,404,229,16,3.08,1.75,0.12
34860,99,272,-604,16048,340,393,62,2.59,3,0.47
34872,99,232,-536,16032,260,423,-20,1.98,3.23,-0.15
34905,99,-48,-728,16220,488,569,-1,3.72,4.34,-0.01
34917,99,-32,-668,16420,420,579,135,3.2,4.42,1.03
34929,99,-348,-788,16884,593,50,279,4.52,0.38,2.13
34941,99,-672,-572,17276,1030,-823,867,7.86,-6.28,6.61
34953,99,56,-668,17344,869,-1082,998,6.63,-8.26,7.61
34965,99,-192,-500,17432,1121,-998,1297,8.55,-7.61,9.9
34977,99,116,-584,16608,746,-1123,1265,5.69,-8.57,9.65
34989,99,-592,-1156,15888,-196,194,1228,-1.5,1.48,9.37
35001,99,400,288,15260,142,-987,1898,1.08,-7.53,14.48
35034,99,-128,-880,16308,-1030,-958,1690,-7.86,-7.31,12.89
35046,99,172,-588,16232,-1165,147,2205,-8.89,1.12,16.82
35058,99,536,-864,16396,-1086,64,2585,-8.29,0.49,19.72
35070,99,832,-452,16344,-1,129,2492,-0.01,0.98,19.01
35082,99,600,-528,16180,-141,578,2247,-1.08,4.41,17.14
35094,99,304,-712,16156,-549,571,2189,-4.19,4.36,16.7
35106,99,232,-664,16236,-239,841,2628,-1.82,6.42,20.05
35118,99,496,-328,16296,-314,1433,2792,-2.4,10.93,21.3
35130,99,1288,-348,16576,77,1223,2694,0.59,9.33,20.55
35163,99,2280,-160,17384,1181,1667,1375,9.01,12.72,10.49
35175,99,2268,-196,17464,1139,3103,596,8.69,23.67,4.55
35187,99,2576,-620,18560,191,5765,-611,1.46,43.98,-4.66
35199,99,1036,-520,18316,1039,8147,-1066,7.93,62.16,-8.13
35211,99,-1388,-1480,17512,1536,8862,-1236,11.72,67.61,-9.43
35223,99,-2104,-1292,17300,1635,6744,-823,12.47,51.45,-6.28
35235,99,-2280,-1396,17244,2996,5642,-783,22.86,43.05,-5.97
35247,99,-1476,-1048,16780,3559,3756,-1229,27.15,28.66,-9.38
35259,99,-984,-776,17124,3836,1544,-2004,29.27,11.78,-15.29
35292,99,-5064,-888,21336,3949,4533,-1333,30.13,34.58,-10.17
35304,99,-4828,-592,20532,6182,5260,-660,47.16,40.13,-5.04
35316,99,-3760,-364,19452,7370,4008,-274,56.23,30.58,-2.09
35328,99,-2800,76,18192,7228,2094,8,55.15,15.98,0.06
35340,99,-2288,672,17276,6778,1296,-52,51.71,9.89,-0.4
35352,99,-1800,1016,16560,6092,596,-138,46.48,4.55,-1.05
35364,99,-1336,1288,16028,4978,98,-251,37.98,0.75,-1.91
35376,99,-1112,1724,15512,3998,-383,-517,30.5,-2.92,-3.94
35388,99,-916,1708,15092,2624,-595,-886,20.02,-4.54,-6.76
35421,99,-1204,8,15520,-3084,-400,-1360,-23.53,-3.05,-10.38
35433,99,-952,848,15952,-4434,1031,-1230,-33.83,7.87,-9.38
35445,99,-728,440,15672,-5973,1642,-1061,-45.57,12.53,-8.09
35457,99,-556,280,15116,-8451,2352,-941,-64.48,17.94,-7.18
35469,99,-628,84,14644,-10890,3438,-816,-83.08,26.23,-6.23
35481,99,-608,-180,14496,-12766,4646,-790,-97.4,35.45,-6.03
35493,99,-996,-808,14592,-14552,5142,-538,-111.02,39.23,-4.1
35505,99,-1368,-1656,15096,-16449,5575,-89,-125.5,42.53,-0.68
35517,99,-1480,-2316,15552,-17862,6441,96,-136.28,49.14,0.73
35550,99,-1976,-1452,19280,-17050,8716,-1346,-130.08,66.5,-10.27
35562,99,-2736,-2096,20052,-14245,10375,-1387,-108.68,79.15,-10.58
35574,99,-3700,-3012,19728,-10937,11250,-267,-83.44,85.83,-2.04
35586,99,-4264,-3760,19192,-8217,12723,1304,-62.69,97.07,9.95
35598,99,-4584,-3928,18304,-6063,14711,2571,-46.26,112.24,19.62
35610,99,-4968,-3980,17140,-4264,15786,3362,-32.53,120.44,25.65
35622,99,-5044,-4240,16400,-3098,14985,3393,-23.64,114.33,25.89
35634,99,-5064,-4436,15672,-696,13821,3629,-5.31,105.45,27.69
35646,99,-4560,-4464,15156,767,12251,3308,5.85,93.47,25.24
35679,99,-768,-3208,13324,3465,7298,608,26.44,55.68,4.64
35691,99,-200,-2480,12388,5207,6968,-1663,39.73,53.16,-12.69
35703,99,-844,-2352,11276,6685,6381,-3810,51,48.68,-29.07
35715,99,-740,-2976,10292,7026,6415,-5702,53.6,48.94,-43.5
35727,99,-1148,-3880,9412,5994,7152,-7630,45.73,54.57,-58.21
35739,99,-3464,-5132,9772,4044,8242,-8645,30.85,62.88,-65.96
35751,99,-6644,-6344,10944,2171,10233,-7749,16.56,78.07,-59.12
35763,99,-8324,-7388,11704,1080,10904,-5326,8.24,83.19,-40.63
35775,99,-8208,-7140,12804,340,10745,-2768,2.59,81.98,-21.12
35808,99,-5560,-5236,13976,2853,9375,-1020,21.77,71.53,-7.78
35820,99,-5616,-4868,13544,4163,8871,-1590,31.76,67.68,-12.13
35832,99,-5336,-4912,12584,4575,8132,-2353,34.9,62.04,-17.95
35844,99,-5944,-4656,12284,4274,7732,-3396,32.61,58.99,-25.91
35856,99,-7268,-4552,12032,4289,6866,-4266,32.72,52.38,-32.55
35868,99,-8932,-3732,11800,4211,5826,-4215,32.13,44.45,-32.16
35880,99,-10396,-2856,11904,4515,5264,-3204,34.45,40.16,-24.44
35892,99,-10756,-2260,11808,4855,5247,-1996,37.04,40.03,-15.23
35904,99,-10888,-1356,11640,5703,5849,-185,43.51,44.62,-1.41
35937,99,-10048,-1256,13788,11040,9785,5044,84.23,74.65,38.48
35949,99,-10084,-536,13328,13283,10731,6624,101.34,81.87,50.54
35961,99,-9728,-476,11928,14486,11509,7634,110.52,87.81,58.24
35973,99,-9200,-392,9460,12323,11052,7303,94.02,84.32,55.72
35985,99,-8940,-708,8192,10920,7982,6844,83.31,60.9,52.22
35997,99,-9732,-280,9304,10132,5164,7209,77.3,39.4,55
36009,99,-9348,76,10860,10438,2004,7678,79.64,15.29,58.58
36021,99,-8052,400,11548,10964,-664,8047,83.65,-5.07,61.39
36033,99,-6156,1400,12060,11184,-1546,8067,85.33,-11.8,61.55
36066,99,-1468,4352,10312,12494,-2248,4239,95.32,-17.15,32.34
36078,99,-1816,4752,9632,11548,-706,2163,88.1,-5.39,16.5
36090,99,-3356,3936,9780,9487,3038,142,72.38,23.18,1.08
36102,99,-5724,3152,11344,6718,6945,-1527,51.25,52.99,-11.65
36114,99,-8764,2152,13504,5397,8900,-2352,41.18,67.9,-17.94
36126,99,-12352,972,14524,4510,9984,-2479,34.41,76.17,-18.91
36138,99,-15048,340,15960,5358,10623,-1561,40.88,81.05,-11.91
36150,99,-17116,-84,15876,6536,10520,-243,49.87,80.26,-1.85
36162,99,-18376,-344,14804,6898,9765,1351,52.63,74.5,10.31
36195,99,-15348,1900,13888,8393,4833,3586,64.03,36.87,27.36
36207,99,-13832,1740,13144,12216,3386,3538,93.2,25.83,26.99
36219,99,-10560,-2300,11032,18179,1215,1877,138.69,9.27,14.32
36231,99,-12560,-224,6516,14633,-3728,3037,111.64,-28.44,23.17
36243,99,-10592,1108,4464,11975,-3425,4363,91.36,-26.13,33.29
36255,99,-7448,2048,4480,9039,-4952,4342,68.96,-37.78,33.13
36267,99,-5260,3740,5324,7324,-6214,4143,55.88,-47.41,31.61
36279,99,-3596,4292,6364,6570,-7421,5506,50.13,-56.62,42.01
36291,99,0,4572,7564,6424,-6441,6047,49.01,-49.14,46.13
36324,99,1692,6952,4232,-544,3160,-7350,-4.15,24.11,-56.08
36336,99,-3648,5696,4420,-4801,9206,-10259,-36.63,70.24,-78.27
36348,99,-8152,6288,5992,-9094,13817,-12465,-69.38,105.42,-95.1
36360,99,-13696,7988,8048,-10903,16643,-14062,-83.18,126.98,-107.28
36372,99,-19560,7968,9684,-11380,16739,-14031,-86.82,127.71,-107.05
36384,99,-24248,4604,11832,-10352,15920,-11540,-78.98,121.46,-88.04
36396,99,-26072,1652,14392,-7675,15212,-7629,-58.56,116.06,-58.2
36408,99,-24720,-796,15796,-4238,12544,-3192,-32.33,95.7,-24.35
36420,99,-20928,-732,15396,-1353,7524,-199,-10.32,57.4,-1.52
36453,99,-13628,1112,12208,2424,-2152,36,18.49,-16.42,0.27
36465,99,-12640,1792,12308,3495,-5120,-435,26.66,-39.06,-3.32
36477,99,-11924,1576,12460,4969,-7050,-758,37.91,-53.79,-5.78
36489,99,-11584,1864,11948,5538,-6759,-813,42.25,-51.57,-6.2
36501,99,-10740,1036,11612,5130,-5187,-816,39.14,-39.57,-6.23
36513,99,-10512,1620,11120,3499,-3234,-898,26.7,-24.67,-6.85
36525,99,-10800,2008,10508,2049,367,-1134,15.63,2.8,-8.65
36537,99,-11676,2288,10480,1219,4519,-1547,9.3,34.48,-11.8
36549,99,-12772,2752,10056,936,7179,-1609,7.14,54.77,-12.28
36582,99,-14796,1880,9260,1593,7183,-298,12.15,54.8,-2.27
36594,99,-14768,1940,9136,1443,6051,424,11.01,46.17,3.23
36606,99,-14424,2388,9336,1860,4854,849,14.19,37.03,6.48
36618,99,-14096,2680,8852,2528,3590,999,19.29,27.39,7.62
36630,99,-13876,2708,8044,2475,2427,991,18.88,18.52,7.56
36642,99,-13692,2828,7948,1987,1702,1000,15.16,12.99,7.63
36654,99,-13620,2932,8104,1616,1626,1040,12.33,12.41,7.93
36666,99,-13684,3300,8356,1704,1714,1144,13,13.08,8.73
36678,99,-13652,2948,8088,1668,1146,1354,12.73,8.74,10.33
36711,99,-13220,3212,7460,458,990,1485,3.49,7.55,11.33
36723,99,-13212,2980,8348,57,1544,1297,0.43,11.78,9.9
36735,99,-13236,3016,8852,202,1916,1212,1.54,14.62,9.25
36747,99,-13412,3008,8944,632,1531,983,4.82,11.68,7.5
36759,99,-13836,2768,8880,966,1374,1058,7.37,10.48,8.07
36771,99,-14156,2716,8616,1123,1686,1247,8.57,12.86,9.51
36783,99,-14188,2768,8448,931,1523,1440,7.1,11.62,10.99
36795,99,-14216,2820,8236,344,1358,1689,2.62,10.36,12.89
36807,99,-14284,3000,8068,-294,1140,2018,-2.24,8.7,15.4
36840,99,-14000,2884,8852,277,460,2029,2.11,3.51,15.48
36852,99,-14308,2748,8436,244,-264,2046,1.86,-2.01,15.61
36864,99,-14736,2768,8936,216,-51,2225,1.65,-0.39,16.98
36876,99,-14772,2676,9240,372,396,2460,2.84,3.02,18.77
36888,99,-14400,2652,9848,1010,1545,2838,7.71,11.79,21.65
36900,99,-14104,2844,9692,1566,2128,3178,11.95,16.24,24.25
36912,99,-14192,3464,9528,1897,1678,3382,14.47,12.8,25.8
36924,99,-14248,3980,9332,2025,711,3676,15.45,5.42,28.05
36936,99,-13812,4172,9376,2264,-1098,3978,17.27,-8.38,30.35
36969,99,-10704,4924,9272,3311,-6290,4218,25.26,-47.99,32.18
36981,99,-9440,5192,9540,3548,-7329,3629,27.07,-55.92,27.69
36993,99,-8492,5068,10536,4648,-7057,2681,35.46,-53.84,20.45
37005,99,-8148,5340,10648,5705,-6464,1510,43.53,-49.32,11.52
37017,99,-8992,5508,10112,6531,-5073,857,49.83,-38.7,6.54
37029,99,-10080,5712,9004,5337,-3572,670,40.72,-27.25,5.11
37041,99,-10168,6112,8520,3967,-1695,649,30.27,-12.93,4.95
37053,99,-9764,6108,8332,3079,339,282,23.49,2.59,2.15
37065,99,-9588,5608,8432,2345,2138,-329,17.89,16.31,-2.51
37098,99,-11076,5172,8252,39,4413,-1396,0.3,33.67,-10.65
37110,99,-11736,5132,8176,-848,4940,-1535,-6.47,37.69,-11.71
37122,99,-12372,5052,8140,-1429,4806,-1385,-10.9,36.67,-10.57
37134,99,-12940,5100,8276,-1417,4527,-1116,-10.81,34.54,-8.51
37146,99,-12836,5080,8068,-1005,4387,-768,-7.67,33.47,-5.86
37158,99,-12580,5148,7532,-754,3759,-720,-5.75,28.68,-5.49
37170,99,-12428,5164,7184,-524,2716,-732,-4,20.72,-5.58
37182,99,-12248,5328,6832,-302,1748,-1004,-2.3,13.34,-7.66
37194,99,-12164,5364,6756,16,736,-1213,0.12,5.62,-9.25
37227,99,-11864,5188,6636,1113,-1911,-1395,8.49,-14.58,-10.64
37239,99,-11576,5316,6484,960,-2265,-1381,7.32,-17.28,-10.54
37251,99,-11624,5608,6452,386,-2182,-1538,2.94,-16.65,-11.73
37263,99,-12028,5548,6836,-240,-1569,-1693,-1.83,-11.97,-12.92
37275,99,-12084,5260,7512,-637,-1370,-1696,-4.86,-10.45,-12.94
37287,99,-11936,5052,7732,-901,-1410,-1785,-6.87,-10.76,-13.62
37299,99,-11608,4852,8564,-857,-1651,-2053,-6.54,-12.6,-15.66
37311,99,-11620,5368,9284,-443,-2004,-2230,-3.38,-15.29,-17.01
37323,99,-11552,5128,9644,-616,-986,-2323,-4.7,-7.52,-17.72
37356,99,-11864,3028,11248,-3009,4619,-2954,-22.96,35.24,-22.54
37368,99,-12688,2740,11484,-3264,6948,-3072,-24.9,53.01,-23.44
37380,99,-13840,2368,11032,-2714,8026,-2900,-20.71,61.23,-22.13
37392,99,-14928,2512,9924,-1900,7654,-2532,-14.5,58.4,-19.32
37404,99,-15712,2556,9092,-959,5998,-2048,-7.32,45.76,-15.62
37416,99,-16180,2712,8024,90,3059,-1524,0.69,23.34,-11.63
37428,99,-16264,2600,6676,638,130,-796,4.87,0.99,-6.07
37440,99,-15764,3304,5832,856,-1591,-14,6.53,-12.14,-0.11
37452,99,-15276,3524,4928,772,-2601,447,5.89,-19.84,3.41
37485,99,-11720,4448,5620,-1548,-1120,902,-11.81,-8.54,6.88
37497,99,-11020,4232,6208,-2883,538,49,-22,4.1,0.37
37509,99,-11924,4104,6748,-4211,1934,-520,-32.13,14.76,-3.97
37521,99,-12768,3656,7512,-5127,3660,-561,-39.12,27.92,-4.28
37533,99,-13092,3268,8436,-5567,4852,-464,-42.47,37.02,-3.54
37545,99,-13572,2876,9324,-5704,5107,-310,-43.52,38.96,-2.37
37557,99,-13760,2612,10172,-5350,5096,-115,-40.82,38.88,-0.88
37569,99,-14128,2728,10436,-4619,4518,91,-35.24,34.47,0.69
37581,99,-14372,2444,10792,-3582,3397,337,-27.33,25.92,2.57
37614,99,-14260,2300,10312,-642,473,869,-4.9,3.61,6.63
37626,99,-13960,2644,10220,-69,-257,1088,-0.53,-1.96,8.3
37638,99,-13684,2704,9980,523,-601,1189,3.99,-4.59,9.07
37650,99,-13024,2756,9804,1223,-703,1205,9.33,-5.36,9.19
37662,99,-12788,2972,9332,1743,-901,897,13.3,-6.87,6.84
37674,99,-12776,3224,8572,1875,-1171,689,14.31,-8.93,5.26
37686,99,-12800,3488,8036,1637,-1115,640,12.49,-8.51,4.88
37698,99,-12680,3624,7772,1356,-908,472,10.35,-6.93,3.6
37710,99,-12420,3552,7788,1141,-861,326,8.71,-6.57,2.49
37743,99,-12640,3672,7540,1057,-659,-401,8.06,-5.03,-3.06
37755,99,-12668,3808,7464,698,-566,-516,5.33,-4.32,-3.94
37767,99,-12628,3660,7476,261,-400,-577,1.99,-3.05,-4.4
37779,99,-12808,3612,7748,-100,-141,-640,-0.76,-1.08,-4.88
37791,99,-12844,3520,7812,-413,-99,-737,-3.15,-0.76,-5.62
37803,99,-12928,3440,8108,-638,134,-799,-4.87,1.02,-6.1
37815,99,-12988,3328,8612,-516,396,-889,-3.94,3.02,-6.78
37827,99,-12912,3004,8848,-285,479,-1013,-2.17,3.65,-7.73
37839,99,-13180,2928,8968,-121,602,-1075,-0.92,4.59,-8.2
37872,99,-13632,2868,8740,163,1314,-722,1.24,10.03,-5.51
37884,99,-13584,3032,8456,126,1385,-535,0.96,10.57,-4.08
37896,99,-13448,3080,8284,199,1374,-382,1.52,10.48,-2.91
37908,99,-13368,3036,8508,242,962,-399,1.85,7.34,-3.04
37920,99,-13312,2896,8384,471,962,-446,3.59,7.34,-3.4
37932,99,-13352,2968,8040,499,932,-500,3.81,7.11,-3.81
37944,99,-13492,2892,7988,433,1034,-491,3.3,7.89,-3.75
37956,99,-13500,2976,8040,420,1410,-477,3.2,10.76,-3.64
37968,99,-13676,3072,7960,328,1382,-365,2.5,10.54,-2.78
38001,99,-13596,2704,7956,491,1345,-477,3.75,10.26,-3.64
38013,99,-13756,2892,7792,342,1193,-377,2.61,9.1,-2.88
38025,99,-13788,2852,7708,143,1004,-320,1.09,7.66,-2.44
38037,99,-13732,2892,8016,107,820,-289,0.82,6.26,-2.2
38049,99,-13672,2792,8152,154,600,-247,1.17,4.58,-1.88
38061,99,-13708,2772,8268,307,516,-204,2.34,3.94,-1.56
38073,99,-13712,2796,8036,340,472,-131,2.59,3.6,-1
38085,99,-13648,2424,8204,-76,360,-300,-0.58,2.75,-2.29
38097,99,-13700,2864,8128,286,339,-31,2.18,2.59,-0.24
38130,99,-13736,2712,7924,490,216,-88,3.74,1.65,-0.67
38142,99,-13692,2848,7992,450,377,-4,3.43,2.88,-0.03
38154,99,-13704,2704,7944,248,381,97,1.89,2.91,0.74
38166,99,-13596,2960,8004,441,261,65,3.36,1.99,0.5
38178,99,-13504,2900,7876,359,312,142,2.74,2.38,1.08
38190,99,-13468,2928,8016,334,168,104,2.55,1.28,0.79
38202,99,-13324,2876,7960,313,123,92,2.39,0.94,0.7
38214,99,-13412,2872,8080,325,129,54,2.48,0.98,0.41
38226,99,-13424,2976,8068,233,120,76,1.78,0.92,0.58
38259,99,-13508,2816,7856,249,324,-80,1.9,2.47,-0.61
38271,99,-13532,2992,8008,119,307,22,0.91,2.34,0.17
38283,99,-13504,2880,8060,190,359,15,1.45,2.74,0.11
38295,99,-13460,2972,7944,163,401,41,1.24,3.06,0.31
38307,99,-13384,2992,8084,138,351,67,1.05,2.68,0.51
38319,99,-13336,2924,7964,184,314,20,1.4,2.4,0.15
38331,99,-13288,2852,8100,226,430,-25,1.72,3.28,-0.19
38343,99,-13392,2964,8008,247,393,-90,1.88,3,-0.69
38355,99,-13580,2956,7892,208,486,-77,1.59,3.71,-0.59
38388,99,-13564,2828,7888,124,339,-120,0.95,2.59,-0.92
38400,99,-13464,2856,8196,131,415,-77,1,3.17,-0.59
38412,99,-13480,2896,8024,148,337,-95,1.13,2.57,-0.72
38424,99,-13508,2864,8052,155,287,-87,1.18,2.19,-0.66
38436,99,-13496,2860,8120,218,282,-42,1.66,2.15,-0.32
38448,99,-13476,2796,8120,326,507,-1,2.49,3.87,-0.01
38460,99,-13608,2764,7976,301,509,-24,2.3,3.88,-0.18
38472,99,-13532,2812,8032,227,508,18,1.73,3.88,0.14
38484,99,-13452,2848,8168,326,472,-12,2.49,3.6,-0.09
38517,99,-13560,2840,7812,197,287,-133,1.5,2.19,-1.01
38529,99,-13452,2880,7896,2,257,-62,0.02,1.96,-0.47
38541,99,-13576,2884,7992,84,326,-54,0.64,2.49,-0.41
38553,99,-13524,2796,8024,218,383,-57,1.66,2.92,-0.43
38565,99,-13516,2880,7968,266,434,-39,2.03,3.31,-0.3
38577,99,-13472,2840,8048,243,489,-44,1.85,3.73,-0.34
38589,99,-13452,2856,8036,313,556,-114,2.39,4.24,-0.87
38601,99,-13496,2808,7972,329,595,-103,2.51,4.54,-0.79
38613,99,-13612,2844,7992,271,674,-41,2.07,5.14,-0.31
38646,99,-13532,2676,7916,217,445,-95,1.66,3.4,-0.72
38658,99,-13516,2740,7872,133,433,-97,1.01,3.3,-0.74
38670,99,-13620,2804,8156,279,427,-98,2.13,3.26,-0.75
38682,99,-13640,2732,7816,334,504,-134,2.55,3.85,-1.02
38694,99,-13616,2812,7716,150,421,-82,1.14,3.21,-0.63
38706,99,-13580,2808,7924,95,331,-19,0.72,2.53,-0.14
38718,99,-13592,2812,7940,209,491,-53,1.59,3.75,-0.4
38730,99,-13496,2764,7772,156,507,-29,1.19,3.87,-0.22
38742,99,-13508,2832,7868,120,390,-89,0.92,2.98,-0.68
38775,99,-13648,2696,7820,33,356,-110,0.25,2.72,-0.84
38787,99,-13520,2828,8120,173,392,-75,1.32,2.99,-0.57
38799,99,-13564,2696,8004,330,424,-111,2.52,3.23,-0.85
38811,99,-13560,2692,7760,143,383,-120,1.09,2.92,-0.92
38823,99,-13536,2812,7828,-14,287,-108,-0.11,2.19,-0.82
38835,99,-13684,2748,7904,-39,260,-126,-0.3,1.98,-0.96
38847,99,-13596,2796,7744,-108,300,-88,-0.82,2.29,-0.67
38859,99,-13600,2780,7852,-48,257,-112,-0.37,1.96,-0.85
38871,99,-13452,2760,7984,-27,224,-109,-0.21,1.71,-0.83
38904,99,-13596,2696,7744,125,376,-167,0.95,2.87,-1.27
38916,99,-13480,2660,8168,247,558,-133,1.88,4.26,-1.01
38928,99,-13616,2632,8208,342,546,-122,2.61,4.17,-0.93
38940,99,-13548,2636,8036,238,554,-129,1.82,4.23,-0.98
38952,99,-13524,2668,8028,219,535,-144,1.67,4.08,-1.1
38964,99,-13616,2632,7968,242,527,-105,1.85,4.02,-0.8
38976,99,-13680,2712,8112,307,605,-118,2.34,4.62,-0.9
38988,99,-13696,2568,7792,358,453,-114,2.73,3.46,-0.87
39000,99,-13740,2632,7784,258,455,-101,1.97,3.47,-0.77
39033,99,-13640,2548,7672,232,369,-130,1.77,2.82,-0.99
39045,99,-13652,2620,7752,126,452,-74,0.96,3.45,-0.56
39057,99,-13668,2696,7776,167,344,-96,1.27,2.62,-0.73
39069,99,-13652,2684,7816,134,311,-112,1.02,2.37,-0.85
39081,99,-13656,2620,8088,204,310,-74,1.56,2.37,-0.56
39093,99,-13664,2480,7912,404,403,-77,3.08,3.07,-0.59
39105,99,-13788,2636,7772,323,394,-27,2.46,3.01,-0.21
39117,99,-13764,2632,7808,157,281,41,1.2,2.14,0.31
39129,99,-13712,2668,7976,206,325,64,1.57,2.48,0.49
39162,99,-13672,2488,7772,342,269,-15,2.61,2.05,-0.11
39174,99,-13616,2604,7868,259,300,-1,1.98,2.29,-0.01
39186,99,-13580,2552,7976,170,215,-26,1.3,1.64,-0.2
39198,99,-13652,2652,8052,230,307,45,1.75,2.34,0.34
39210,99,-13708,2608,7992,312,366,14,2.38,2.79,0.11
39222,99,-13568,2564,8072,387,429,60,2.95,3.27,0.46
39234,99,-13512,2632,7924,413,477,34,3.15,3.64,0.26
39246,99,-13552,2632,7828,310,411,72,2.37,3.14,0.55
39258,99,-13444,2692,7844,378,400,-23,2.88,3.05,-0.18
39291,99,-13840,2520,7424,406,182,-97,3.1,1.39,-0.74
39303,99,-13640,2628,7524,231,319,-56,1.76,2.43,-0.43
39315,99,-13608,2656,7676,118,129,-35,0.9,0.98,-0.27
39327,99,-13648,2600,7840,104,248,-34,0.79,1.89,-0.26
39339,99,-13700,2560,7752,27,306,-34,0.21,2.33,-0.26
39351,99,-13632,2648,8040,92,238,-19,0.7,1.82,-0.14
39363,99,-13536,2596,8076,273,372,-60,2.08,2.84,-0.46
39375,99,-13552,2520,8004,320,483,-91,2.44,3.68,-0.69
39387,99,-13528,2640,7980,145,474,-113,1.11,3.62,-0.86
39420,99,-13740,2384,7772,365,438,-128,2.78,3.34,-0.98
39432,99,-13748,2552,7708,120,371,-24,0.92,2.83,-0.18
39444,99,-13724,2604,7776,159,394,12,1.21,3.01,0.09
39456,99,-13704,2548,7912,312,399,-44,2.38,3.04,-0.34
39468,99,-13648,2764,7664,143,461,5,1.09,3.52,0.04
39480,99,-13628,2476,7692,134,258,23,1.02,1.97,0.18
39492,99,-13676,2640,7900,143,333,21,1.09,2.54,0.16
39504,99,-13540,2476,7880,133,417,27,1.01,3.18,0.21
39516,99,-13536,2492,7808,61,400,-29,0.47,3.05,-0.22
39549,2,-13704,2440,7756,24,436,-93,0.18,3.33,-0.71
39561,2,-13560,2536,7856,-12,360,-36,-0.09,2.75,-0.27
39573,2,-13604,2532,7772,-118,343,-80,-0.9,2.62,-0.61
39585,2,-13592,2612,8004,61,415,-36,0.47,3.17,-0.27
39597,2,-13692,2560,7856,272,353,-83,2.08,2.69,-0.63
39609,2,-13620,2500,7904,233,259,-92,1.78,1.98,-0.7
39621,2,-13736,2580,7680,274,401,-35,2.09,3.06,-0.27
39633,2,-13592,2584,7844,145,293,0,1.11,2.24,0
39645,2,-13464,2508,7896,148,155,-55,1.13,1.18,-0.42
39678,2,-13568,2504,7884,178,380,-162,1.36,2.9,-1.24
39690,2,-13660,2456,7868,282,467,-61,2.15,3.56,-0.47
39702,2,-13660,2500,7812,214,497,-85,1.63,3.79,-0.65
39714,2,-13736,2484,7824,226,450,-37,1.72,3.43,-0.28
39726,2,-13708,2452,7876,436,426,-94,3.33,3.25,-0.72
39738,2,-13696,2412,7812,487,500,-59,3.72,3.81,-0.45
39750,2,-13748,2456,7836,359,347,-55,2.74,2.65,-0.42
39762,2,-13736,2500,7916,350,355,-4,2.67,2.71,-0.03
39774,2,-13668,2528,7868,463,339,-57,3.53,2.59,-0.43
39807,2,-13732,2516,7824,291,323,-72,2.22,2.46,-0.55
39819,2,-13572,2456,7776,345,402,-83,2.63,3.07,-0.63
39831,2,-13628,2428,7676,240,248,-49,1.83,1.89,-0.37
39843,2,-13724,2476,7688,129,304,-57,0.98,2.32,-0.43
39855,2,-13736,2580,8040,317,326,-29,2.42,2.49,-0.22
39867,2,-13636,2460,8044,517,363,-15,3.94,2.77,-0.11
39879,2,-13604,2452,7684,421,366,-30,3.21,2.79,-0.23
39891,2,-13636,2444,7704,244,274,-9,1.86,2.09,-0.07
39903,2,-13572,2616,7928,273,295,-88,2.08,2.25,-0.67
39936,2,-13744,2372,7820,434,283,-128,3.31,2.16,-0.98
39948,2,-13780,2424,7876,396,365,-50,3.02,2.78,-0.38
39960,2,-13708,2360,7836,273,338,-31,2.08,2.58,-0.24
39972,2,-13708,2444,7828,233,344,15,1.78,2.62,0.11
39984,2,-13692,2384,7956,334,413,-40,2.55,3.15,-0.31
39996,2,-13604,2436,7880,283,418,-20,2.16,3.19,-0.15
40008,2,-13640,2424,7724,173,389,5,1.32,2.97,0.04
40020,2,-13604,2440,7692,92,403,-5,0.7,3.07,-0.04
40032,2,-13684,2516,7760,208,362,-84,1.59,2.76,-0.64
40065,2,-13772,2308,7700,252,306,-67,1.92,2.33,-0.51
40077,2,-13684,2368,7724,267,349,-57,2.04,2.66,-0.43
40089,2,-13704,2260,7828,167,374,-61,1.27,2.85,-0.47
40101,2,-13736,2480,7920,214,311,-25,1.63,2.37,-0.19
40113,2,-13864,2340,7880,303,404,-22,2.31,3.08,-0.17
40125,2,-13696,2376,7900,217,318,34,1.66,2.43,0.26
40137,2,-13680,2452,8068,322,209,20,2.46,1.59,0.15
40149,2,-13648,2432,7864,338,306,6,2.58,2.33,0.05
40161,2,-13576,2468,7688,213,307,-49,1.63,2.34,-0.37
40194,2,-13904,2356,7504,298,277,-70,2.27,2.11,-0.53
40206,2,-13724,2412,7868,290,347,79,2.21,2.65,0.6
40218,2,-13728,2412,7760,344,319,18,2.62,2.43,0.14
40230,2,-13660,2388,7792,263,295,-4,2.01,2.25,-0.03
40242,2,-13660,2352,7776,239,264,-5,1.82,2.01,-0.04
40254,2,-13756,2372,7804,251,242,11,1.91,1.85,0.08
40266,2,-13768,2392,7708,201,317,47,1.53,2.42,0.36
40278,2,-13832,2404,7876,238,305,75,1.82,2.33,0.57
40290,2,-13740,2424,7908,319,355,73,2.43,2.71,0.56
40323,2,-13664,2332,7632,273,269,-52,2.08,2.05,-0.4
40335,2,-13576,2460,7840,332,375,-20,2.53,2.86,-0.15
40347,2,-13616,2400,7796,325,272,-53,2.48,2.08,-0.4
40359,2,-13700,2412,7768,325,296,-28,2.48,2.26,-0.21
40371,2,-13684,2480,7876,297,284,-35,2.27,2.17,-0.27
40383,2,-13680,2420,7772,286,340,11,2.18,2.59,0.08
40395,2,-13724,2420,7916,373,341,-51,2.85,2.6,-0.39
40407,2,-13768,2348,7808,380,314,-16,2.9,2.4,-0.12
40419,2,-13752,2520,7668,243,302,22,1.85,2.3,0.17
40452,2,-13728,2296,7704,341,199,-39,2.6,1.52,-0.3
40464,2,-13656,2412,7880,300,265,25,2.29,2.02,0.19
40476,2,-13712,2388,7816,343,282,-10,2.62,2.15,-0.08
40488,2,-13828,2376,7844,279,292,40,2.13,2.23,0.31
40500,2,-13768,2408,7868,323,248,39,2.46,1.89,0.3
40512,2,-13732,2424,7804,421,299,88,3.21,2.28,0.67
40524,2,-13736,2388,7620,314,238,81,2.4,1.82,0.62
40536,2,-13812,2408,7848,321,188,57,2.45,1.43,0.43
40548,2,-13736,2404,7736,254,212,64,1.94,1.62,0.49
40581,2,-13696,2300,7692,326,248,1,2.49,1.89,0.01
40593,2,-13624,2376,7828,379,312,14,2.89,2.38,0.11
40605,2,-13636,2364,7716,374,259,-23,2.85,1.98,-0.18
40617,2,-13816,2452,7696,260,285,16,1.98,2.17,0.12
40629,2,-13768,2336,7880,276,285,43,2.11,2.17,0.33
40641,2,-13724,2404,7776,364,336,43,2.78,2.56,0.33
40653,2,-13752,2352,7644,286,313,19,2.18,2.39,0.14
40665,2,-13728,2452,7792,265,194,63,2.02,1.48,0.48
40677,2,-13668,2340,7776,336,170,49,2.56,1.3,0.37
40710,2,-13656,2284,7856,379,326,-50,2.89,2.49,-0.38
40722,2,-13640,2364,7788,356,373,7,2.72,2.85,0.05
40734,2,-13656,2380,7776,260,325,41,1.98,2.48,0.31
40746,2,-13728,2420,7916,357,253,12,2.72,1.93,0.09
40758,2,-13732,2384,7784,374,298,-5,2.85,2.27,-0.04
40770,2,-13704,2356,7672,386,203,60,2.94,1.55,0.46
40782,2,-13692,2404,7792,335,123,-44,2.56,0.94,-0.34
40794,2,-13784,2316,7844,301,182,32,2.3,1.39,0.24
40806,2,-13848,2360,7780,280,185,70,2.14,1.41,0.53
40839,2,-13808,2296,7724,263,57,80,2.01,0.43,0.61
40851,2,-13576,2364,7848,266,153,111,2.03,1.17,0.85
40863,2,-13540,2436,7928,263,201,62,2.01,1.53,0.47
40875,2,-13516,2408,7828,249,228,58,1.9,1.74,0.44
40887,2,-13556,2440,7800,259,384,56,1.98,2.93,0.43
40899,2,-13576,2452,7804,231,365,40,1.76,2.78,0.31
40911,2,-13548,2460,7940,255,316,37,1.95,2.41,0.28
40923,2,-13612,2388,7864,286,348,25,2.18,2.66,0.19
40935,2,-13692,2472,7952,279,274,19,2.13,2.09,0.14
40968,2,-13812,2280,7684,326,298,-12,2.49,2.27,-0.09
40980,2,-13612,2424,7960,379,294,36,2.89,2.24,0.27
40992,2,-13604,2336,7836,422,309,-16,3.22,2.36,-0.12
41004,2,-13684,2368,7716,368,282,3,2.81,2.15,0.02
41016,2,-13628,2424,7840,374,284,-42,2.85,2.17,-0.32
41028,2,-13652,2408,7672,303,274,-27,2.31,2.09,-0.21
41040,2,-13700,2432,7652,217,235,26,1.66,1.79,0.2
41052,2,-13660,2444,7856,274,203,26,2.09,1.55,0.2
41064,2,-13668,2400,7692,235,235,25,1.79,1.79,0.19
41097,2,-13772,2232,7760,451,316,-80,3.44,2.41,-0.61
41109,2,-13832,2380,7788,260,271,-17,1.98,2.07,-0.13
41121,2,-13724,2384,7868,289,269,2,2.2,2.05,0.02
41133,2,-13644,2380,7908,326,337,43,2.49,2.57,0.33
41145,2,-13588,2328,7864,294,342,-20,2.24,2.61,-0.15
41157,2,-13640,2440,7812,224,261,26,1.71,1.99,0.2
41169,2,-13600,2488,7784,281,386,9,2.14,2.94,0.07
41181,2,-13640,2360,7740,234,463,1,1.79,3.53,0.01
41193,2,-13616,2392,7804,229,350,13,1.75,2.67,0.1
41226,2,-13732,2200,7600,240,384,-104,1.83,2.93,-0.79
41238,2,-13744,2420,7976,231,376,-3,1.76,2.87,-0.02
41250,2,-13720,2388,7780,300,354,-48,2.29,2.7,-0.37
41262,2,-13648,2392,7788,248,319,-17,1.89,2.43,-0.13
41274,2,-13612,2388,7916,394,356,-23,3.01,2.72,-0.18
41286,2,-13660,2356,7696,403,376,-58,3.07,2.87,-0.44
41298,2,-13816,2436,7700,244,302,-60,1.86,2.3,-0.46
41310,2,-13716,2380,7864,268,224,-14,2.04,1.71,-0.11
41322,2,-13712,2340,7896,365,262,-11,2.78,2,-0.08
41355,2,-13844,2288,7760,334,323,-43,2.55,2.46,-0.33
41367,2,-13696,2344,7760,379,315,33,2.89,2.4,0.25
41379,2,-13784,2300,7744,295,308,18,2.25,2.35,0.14
41391,2,-13688,2352,7880,203,313,34,1.55,2.39,0.26
41403,2,-13708,2316,7956,199,299,19,1.52,2.28,0.14
41415,2,-13608,2368,7780,243,385,-10,1.85,2.94,-0.08
41427,2,-13824,2352,7732,136,342,12,1.04,2.61,0.09
41439,2,-13888,2472,7648,85,319,69,0.65,2.43,0.53
41451,2,-13668,2380,7736,129,389,53,0.98,2.97,0.4
41484,2,-13768,2340,7720,177,315,27,1.35,2.4,0.21
41496,2,-13656,2344,7968,308,341,55,2.35,2.6,0.42
41508,2,-13648,2364,7888,282,340,11,2.15,2.59,0.08
41520,2,-13752,2372,7664,212,309,33,1.62,2.36,0.25
41532,2,-13688,2404,7772,220,417,49,1.68,3.18,0.37
41544,2,-13520,2388,7936,389,257,-47,2.97,1.96,-0.36
41556,2,-13664,2420,7688,313,234,-17,2.39,1.79,-0.13
41568,2,-13704,2368,7696,259,202,-34,1.98,1.54,-0.26
41580,2,-13712,2384,7820,223,258,-9,1.7,1.97,-0.07
41613,2,-13824,2268,7560,220,299,-2,1.68,2.28,-0.02
41625,2,-13776,2372,7852,162,294,30,1.24,2.24,0.23
41637,2,-13692,2256,7896,301,263,14,2.3,2.01,0.11
41649,2,-13672,2280,7792,332,196,-35,2.53,1.5,-0.27
41661,2,-13776,2340,7784,251,165,-33,1.91,1.26,-0.25
41673,2,-13728,2340,7904,321,217,-35,2.45,1.66,-0.27
41685,2,-13744,2284,7676,291,225,-25,2.22,1.72,-0.19
41697,2,-13796,2340,7684,202,247,-13,1.54,1.88,-0.1
41709,2,-13780,2396,7772,133,195,52,1.01,1.49,0.4
41742,2,-13704,2224,7688,422,265,-21,3.22,2.02,-0.16
41754,2,-13668,2264,7732,256,257,-19,1.95,1.96,-0.14
41766,2,-13644,2368,7928,258,168,-45,1.97,1.28,-0.34
41778,2,-13672,2260,7980,307,197,-26,2.34,1.5,-0.2
41790,2,-13736,2244,8036,361,238,-20,2.75,1.82,-0.15
41802,2,-13772,2304,7920,376,276,16,2.87,2.11,0.12
41814,2,-13756,2328,7840,289,314,64,2.2,2.4,0.49
41826,2,-13612,2324,7876,255,345,69,1.95,2.63,0.53
41838,2,-13680,2352,7700,313,330,87,2.39,2.52,0.66
41871,2,-13644,2260,7792,405,219,-53,3.09,1.67,-0.4
41883,2,-13720,2288,7660,413,220,-81,3.15,1.68,-0.62
41895,2,-13820,2316,7644,297,169,-72,2.27,1.29,-0.55
41907,2,-13804,2344,7808,280,193,-15,2.14,1.47,-0.11
41919,2,-13760,2304,7980,389,164,31,2.97,1.25,0.24
41931,2,-13760,2212,7780,353,118,49,2.69,0.9,0.37
41943,2,-13744,2268,7888,331,155,102,2.53,1.18,0.78
41955,2,-13680,2340,8060,369,227,71,2.82,1.73,0.54
41967,2,-13632,2292,7768,364,270,80,2.78,2.06,0.61
42000,2,-13712,2304,7684,354,192,-16,2.7,1.46,-0.12
42012,2,-13596,2492,7804,447,177,-60,3.41,1.35,-0.46
42024,2,-13592,2328,7644,439,210,-68,3.35,1.6,-0.52
42036,2,-13564,2344,7788,341,189,-20,2.6,1.44,-0.15
42048,2,-13700,2276,7772,210,180,-43,1.6,1.37,-0.33
42060,2,-13724,2364,7980,279,260,-49,2.13,1.98,-0.37
42072,2,-13748,2268,7956,351,266,-53,2.68,2.03,-0.4
42084,2,-13808,2324,7708,261,231,-60,1.99,1.76,-0.46
42096,2,-13772,2264,7828,216,126,3,1.65,0.96,0.02
42129,2,-13784,2224,7640,276,170,-10,2.11,1.3,-0.08
42141,2,-13664,2360,7788,238,193,12,1.82,1.47,0.09
42153,2,-13616,2276,7928,338,203,39,2.58,1.55,0.3
42165,2,-13692,2224,7800,293,124,-30,2.24,0.95,-0.23
42177,2,-13684,2352,7844,278,164,21,2.12,1.25,0.16
42189,2,-13632,2336,7876,359,137,2,2.74,1.05,0.02
42201,2,-13624,2316,8008,387,240,-14,2.95,1.83,-0.11
42213,2,-13608,2316,7868,312,136,-37,2.38,1.04,-0.28
42225,2,-13644,2364,7940,252,208,23,1.92,1.59,0.18
42258,2,-13752,2172,7692,391,217,-93,2.98,1.66,-0.71
42270,2,-13680,2260,7852,243,281,-48,1.85,2.14,-0.37
42282,2,-13700,2312,7932,265,275,-23,2.02,2.1,-0.18
42294,2,-13680,2256,7900,394,245,-23,3.01,1.87,-0.18
42306,2,-13740,2224,7768,383,255,-19,2.92,1.95,-0.14
42318,2,-13688,2312,7772,350,238,-1,2.67,1.82,-0.01
42330,2,-13672,2264,7804,324,235,-32,2.47,1.79,-0.24
42342,2,-13700,2240,7872,295,232,13,2.25,1.77,0.1
42354,2,-13712,2252,7896,339,152,44,2.59,1.16,0.34
42387,2,-13688,2176,7752,363,180,21,2.77,1.37,0.16
42399,2,-13652,2292,7816,330,176,-17,2.52,1.34,-0.13
42411,2,-13656,2312,7752,263,141,16,2.01,1.08,0.12
42423,2,-13564,2276,8016,332,191,-24,2.53,1.46,-0.18
42435,2,-13612,2220,8000,496,389,-5,3.78,2.97,-0.04
42447,2,-13708,2268,7768,402,339,-20,3.07,2.59,-0.15
42459,2,-13692,2288,7724,233,321,-6,1.78,2.45,-0.05
42471,2,-13688,2388,7860,225,358,39,1.72,2.73,0.3
42483,2,-13628,2228,7908,317,345,10,2.42,2.63,0.08
42516,2,-13716,2216,7696,262,256,22,2,1.95,0.17
42528,2,-13576,2172,7800,298,266,-35,2.27,2.03,-0.27
42540,2,-13720,2268,7848,262,261,-26,2,1.99,-0.2
42552,2,-13692,2280,7928,215,175,-39,1.64,1.34,-0.3
42564,2,-13688,2344,8120,277,215,81,2.11,1.64,0.62
42576,2,-13632,2272,7908,330,213,7,2.52,1.63,0.05
42588,2,-13656,2268,7880,233,235,41,1.78,1.79,0.31
42600,2,-13652,2276,7700,149,169,29,1.14,1.29,0.22
42612,2,-13604,2224,7868,223,242,51,1.7,1.85,0.39
42645,2,-13748,2192,7912,359,392,-33,2.74,2.99,-0.25
42657,2,-13700,2180,7900,360,363,5,2.75,2.77,0.04
42669,2,-13696,2292,7880,205,338,-4,1.56,2.58,-0.03
42681,2,-13732,2292,7808,126,311,5,0.96,2.37,0.04
42693,2,-13672,2196,8092,193,257,2,1.47,1.96,0.02
42705,2,-13668,2248,8024,384,381,36,2.93,2.91,0.27
42717,2,-13644,2220,7880,391,388,48,2.98,2.96,0.37
42729,2,-13616,2232,7812,341,332,-9,2.6,2.53,-0.07
42741,2,-13800,2276,7872,319,243,2,2.43,1.85,0.02
42774,2,-13704,2176,7796,621,527,22,4.74,4.02,0.17
42786,2,-13560,2236,7808,548,572,-10,4.18,4.36,-0.08
42798,2,-13636,2240,7792,443,476,46,3.38,3.63,0.35
42810,2,-13684,2288,7972,356,508,20,2.72,3.88,0.15
42822,2,-13812,2328,7824,337,443,78,2.57,3.38,0.6
42834,2,-13720,2292,7808,330,313,108,2.52,2.39,0.82
42846,2,-13480,2212,7776,241,261,115,1.84,1.99,0.88
42858,2,-13488,2296,7820,143,157,18,1.09,1.2,0.14
42870,2,-13556,2244,7992,232,257,-3,1.77,1.96,-0.02
42903,2,-13720,2156,7500,268,402,-69,2.04,3.07,-0.53
42915,2,-13688,2316,7852,205,378,-12,1.56,2.88,-0.09
42927,2,-13736,2244,7968,270,322,4,2.06,2.46,0.03
42939,2,-13736,2284,7908,337,245,-5,2.57,1.87,-0.04
42951,2,-13764,2244,7748,352,250,23,2.69,1.91,0.18
42963,2,-13692,2272,7736,334,271,56,2.55,2.07,0.43
42975,2,-13656,2292,7876,301,301,73,2.3,2.3,0.56
42987,2,-13600,2240,7764,304,345,14,2.32,2.63,0.11
42999,2,-13548,2252,7936,363,291,8,2.77,2.22,0.06
43032,2,-13780,2156,7684,378,157,-75,2.88,1.2,-0.57
43044,2,-13656,2272,7888,261,260,-10,1.99,1.98,-0.08
43056,2,-13716,2256,7852,315,357,68,2.4,2.72,0.52
43068,2,-13576,2384,7844,430,367,10,3.28,2.8,0.08
43080,2,-13628,2360,7672,347,398,0,2.65,3.04,0
43092,2,-13672,2352,7716,263,310,-42,2.01,2.37,-0.32
43104,2,-13564,2320,7796,270,217,-55,2.06,1.66,-0.42
43116,2,-13684,2288,7792,271,185,-69,2.07,1.41,-0.53
43128,2,-13696,2324,7736,223,193,-42,1.7,1.47,-0.32
43161,2,-13776,2040,7908,440,259,-196,3.36,1.98,-1.5
43173,2,-13848,2228,7788,300,368,-77,2.29,2.81,-0.59
43185,2,-13788,2272,7908,264,318,-14,2.01,2.43,-0.11
43197,2,-13616,2224,8016,372,335,-29,2.84,2.56,-0.22
43209,2,-13624,2252,7868,363,369,-20,2.77,2.82,-0.15
43221,2,-13688,2244,7988,341,331,-71,2.6,2.53,-0.54
43233,2,-13688,2256,7828,435,233,-37,3.32,1.78,-0.28
43245,2,-13820,2084,7680,656,112,-101,5,0.85,-0.77
43257,2,-13736,2188,7760,351,458,-27,2.68,3.49,-0.21
43290,2,-13828,2168,7848,452,547,-21,3.45,4.17,-0.16
43302,2,-13644,2248,7884,433,638,-20,3.3,4.87,-0.15
43314,2,-13688,2264,7628,401,505,-19,3.06,3.85,-0.14
43326,2,-13708,2304,7764,342,477,-14,2.61,3.64,-0.11
43338,2,-13624,2224,7888,406,348,-1,3.1,2.66,-0.01
43350,2,-13684,2252,7708,386,208,-60,2.94,1.59,-0.46
43362,2,-13628,2280,7592,255,145,-38,1.95,1.11,-0.29
43374,2,-13608,2260,7752,240,185,-48,1.83,1.41,-0.37
43386,2,-13692,2328,7796,293,310,-76,2.24,2.37,-0.58
43419,2,-13736,2144,7808,244,265,-72,1.86,2.02,-0.55
43431,2,-13648,2156,8064,424,323,-37,3.23,2.46,-0.28
43443,2,-13668,2196,7848,397,308,-64,3.03,2.35,-0.49
43455,2,-13788,2248,7748,348,281,-33,2.66,2.14,-0.25
43467,2,-13824,2228,7732,339,238,-44,2.59,1.82,-0.34
43479,2,-13848,2188,7848,286,316,-40,2.18,2.41,-0.31
43491,2,-13768,2152,7656,319,315,-2,2.43,2.4,-0.02
43503,2,-13768,2316,7764,372,302,31,2.84,2.3,0.24
43515,2,-13644,2212,7676,378,233,52,2.88,1.78,0.4
43548,2,-13660,2136,7832,337,143,-32,2.57,1.09,-0.24
43560,2,-13588,2164,7888,371,254,-17,2.83,1.94,-0.13
43572,2,-13692,2184,7744,295,202,-52,2.25,1.54,-0.4
43584,2,-13644,2212,7844,227,262,-46,1.73,2,-0.35
43596,2,-13688,2168,7832,327,316,-24,2.49,2.41,-0.18
43608,2,-13700,2172,7816,255,311,10,1.95,2.37,0.08
43620,2,-13612,2220,7840,266,290,-8,2.03,2.21,-0.06
43632,2,-13676,2200,7920,308,311,-21,2.35,2.37,-0.16
43644,2,-13616,2176,7800,354,255,-50,2.7,1.95,-0.38
43677,2,-13884,2156,7668,318,324,-56,2.43,2.47,-0.43
43689,2,-13772,2236,7768,239,324,10,1.82,2.47,0.08
43701,2,-13716,2160,7768,227,332,4,1.73,2.53,0.03
43713,2,-13620,2184,7880,203,324,-65,1.55,2.47,-0.5
43725,2,-13628,2180,7740,287,268,-38,2.19,2.04,-0.29
43737,2,-13744,2148,7712,250,234,-96,1.91,1.79,-0.73
43749,2,-13756,2060,7764,205,226,-29,1.56,1.72,-0.22
43761,2,-13684,2148,7932,293,216,-54,2.24,1.65,-0.41
43773,2,-13656,2060,7944,379,313,-56,2.89,2.39,-0.43
43806,2,-13808,2052,7824,355,257,46,2.71,1.96,0.35
43818,2,-13576,2120,7964,414,301,14,3.16,2.3,0.11
43830,2,-13644,2204,7568,355,287,6,2.71,2.19,0.05
43842,2,-13648,2244,7540,185,312,-8,1.41,2.38,-0.06
43854,2,-13712,2196,7844,115,293,4,0.88,2.24,0.03
43866,2,-13680,2140,8008,279,281,-35,2.13,2.14,-0.27
43878,2,-13848,2156,7776,186,250,19,1.42,1.91,0.14
43890,2,-13688,2160,8028,194,243,35,1.48,1.85,0.27
43902,2,-13632,2128,8016,310,412,27,2.37,3.14,0.21
43935,2,-13784,2040,7648,264,355,-54,2.01,2.71,-0.41
43947,2,-13704,2192,7872,338,389,14,2.58,2.97,0.11
43959,2,-13692,2180,7708,237,278,13,1.81,2.12,0.1
43971,2,-13716,2160,7688,260,252,4,1.98,1.92,0.03
43983,2,-13652,2172,7760,337,280,-24,2.57,2.14,-0.18
43995,2,-13676,2132,7892,434,290,-104,3.31,2.21,-0.79
44007,2,-13936,2160,7752,334,260,-40,2.55,1.98,-0.31
44019,2,-13772,2104,7708,319,213,2,2.43,1.63,0.02
44031,2,-13772,2200,7908,333,320,52,2.54,2.44,0.4
44064,2,-13768,2112,7656,417,199,-35,3.18,1.52,-0.27
44076,2,-13692,2156,7796,369,239,-31,2.82,1.82,-0.24
44088,2,-13572,2148,7892,448,204,-44,3.42,1.56,-0.34
44100,2,-13692,2164,7760,433,303,-36,3.3,2.31,-0.27
44112,2,-13820,2192,7700,385,341,4,2.94,2.6,0.03
44124,2,-13748,2176,7684,290,305,3,2.21,2.33,0.02
44136,2,-13748,2168,7676,233,312,6,1.78,2.38,0.05
44148,2,-13816,2188,7856,302,300,44,2.3,2.29,0.34
44160,2,-13764,2184,7656,334,229,-9,2.55,1.75,-0.07
44193,2,-13780,2032,7724,341,343,-50,2.6,2.62,-0.38
44205,2,-13804,2044,7788,316,271,1,2.41,2.07,0.01
44217,2,-13756,2116,7812,268,342,25,2.04,2.61,0.19
44229,2,-13720,2188,7804,286,381,29,2.18,2.91,0.22
44241,2,-13764,2144,7884,305,253,32,2.33,1.93,0.24
44253,2,-13640,2080,7920,443,285,21,3.38,2.17,0.16
44265,2,-13748,2176,7768,398,254,-18,3.04,1.94,-0.14
44277,2,-13708,2192,7840,306,229,11,2.33,1.75,0.08
44289,2,-13640,2180,7956,404,336,18,3.08,2.56,0.14
44322,2,-13704,2120,7948,384,271,-71,2.93,2.07,-0.54
44334,2,-13624,2124,7912,478,320,-65,3.65,2.44,-0.5
44346,2,-13692,2040,7764,401,282,-95,3.06,2.15,-0.72
44358,2,-13812,2160,7820,377,231,-97,2.88,1.76,-0.74
44370,2,-13936,2124,7764,312,274,-57,2.38,2.09,-0.43
44382,2,-13764,2204,7852,353,344,26,2.69,2.62,0.2
44394,2,-13748,2044,7776,376,330,-20,2.87,2.52,-0.15
44406,2,-13736,2140,7648,305,358,12,2.33,2.73,0.09
44418,2,-13812,2208,7692,317,266,35,2.42,2.03,0.27
44451,2,-13788,2008,7596,354,179,-31,2.7,1.37,-0.24
44463,2,-13760,2204,7780,214,286,69,1.63,2.18,0.53
44475,2,-13648,2068,8004,351,356,41,2.68,2.72,0.31
44487,2,-13644,2124,7860,329,245,54,2.51,1.87,0.41
44499,2,-13644,2148,7712,306,254,-13,2.33,1.94,-0.1
44511,2,-13624,2188,7904,381,269,26,2.91,2.05,0.2
44523,2,-13616,2100,7892,479,400,-7,3.65,3.05,-0.05
44535,2,-13708,2188,7724,329,286,-58,2.51,2.18,-0.44
44547,2,-13740,2156,7720,254,315,-37,1.94,2.4,-0.28
44580,2,-13848,2024,7564,356,229,-39,2.72,1.75,-0.3
44592,2,-13700,2148,7688,316,302,15,2.41,2.3,0.11
44604,2,-13680,2116,7892,369,289,-34,2.82,2.2,-0.26
44616,2,-13676,2132,7836,336,273,-3,2.56,2.08,-0.02
44628,2,-13672,2108,7756,299,259,-14,2.28,1.98,-0.11
44640,2,-13744,2208,7920,344,244,19,2.62,1.86,0.14
44652,2,-13772,2132,7724,301,268,-6,2.3,2.04,-0.05
44664,2,-13772,2104,7772,259,211,29,1.98,1.61,0.22
44676,2,-13732,2128,7928,331,148,18,2.53,1.13,0.14
44709,2,-13676,2036,7716,421,297,-49,3.21,2.27,-0.37
44721,2,-13668,2136,7780,341,413,22,2.6,3.15,0.17
44733,2,-13660,2156,7768,287,344,21,2.19,2.62,0.16
44745,2,-13660,2148,7864,358,367,47,2.73,2.8,0.36
44757,2,-13716,2064,7836,333,294,-38,2.54,2.24,-0.29
44769,2,-13712,2092,7700,274,205,-50,2.09,1.56,-0.38
44781,2,-13684,2196,7880,359,241,-53,2.74,1.84,-0.4
44793,2,-13764,2096,7888,375,203,-5,2.86,1.55,-0.04
44805,2,-13784,2132,7760,320,214,28,2.44,1.63,0.21
44838,2,-13756,2036,7636,410,227,-43,3.13,1.73,-0.33
44850,2,-13700,2152,7764,382,255,5,2.91,1.95,0.04
44862,2,-13820,2112,7768,436,244,6,3.33,1.86,0.05
44874,2,-13792,2128,7784,344,202,68,2.62,1.54,0.52
44886,2,-13772,2168,7944,324,88,73,2.47,0.67,0.56
44898,2,-13776,2096,7868,379,70,110,2.89,0.53,0.84
44910,2,-13632,2120,7848,388,138,107,2.96,1.05,0.82
44922,2,-13680,2188,7864,389,161,45,2.97,1.23,0.34
44934,2,-13592,2132,7872,361,300,12,2.75,2.29,0.09
44967,2,-13756,2056,7764,381,371,-57,2.91,2.83,-0.43
44979,2,-13668,2132,7728,344,334,-19,2.62,2.55,-0.14
44991,2,-13724,2124,7928,311,309,-31,2.37,2.36,-0.24
45003,2,-13768,2076,7740,340,284,39,2.59,2.17,0.3
45015,2,-13752,2156,7780,333,253,-5,2.54,1.93,-0.04
45027,2,-13672,2164,7748,215,260,16,1.64,1.98,0.12
45039,2,-13660,2180,7836,252,178,-32,1.92,1.36,-0.24
45051,2,-13656,2164,8000,434,255,-26,3.31,1.95,-0.2
45063,2,-13688,2148,7988,432,320,-16,3.3,2.44,-0.12
45096,2,-13752,2120,7736,375,273,-23,2.86,2.08,-0.18
45108,2,-13732,2092,7676,308,329,37,2.35,2.51,0.28
45120,2,-13716,2116,7844,318,280,36,2.43,2.14,0.27
45132,2,-13612,2204,7880,414,230,42,3.16,1.75,0.32
45144,2,-13676,2136,7648,338,238,-37,2.58,1.82,-0.28
45156,2,-13732,2124,7728,203,173,-17,1.55,1.32,-0.13
45168,2,-13804,2148,7920,279,233,17,2.13,1.78,0.13
45180,2,-13792,2080,7932,362,442,54,2.76,3.37,0.41
45192,2,-13868,2080,7904,301,294,37,2.3,2.24,0.28
45225,2,-13648,2076,7824,357,227,33,2.72,1.73,0.25
45237,2,-13516,2168,7908,348,236,22,2.66,1.8,0.17
45249,2,-13608,2284,7804,316,281,2,2.41,2.14,0.02
45261,2,-13616,2136,7708,206,362,35,1.57,2.76,0.27
45273,2,-13616,2208,7752,214,361,-19,1.63,2.75,-0.14
45285,2,-13548,2144,7860,318,206,-44,2.43,1.57,-0.34
45297,2,-13668,2104,7836,296,183,-127,2.26,1.4,-0.97
45309,2,-13688,2164,7836,218,173,-49,1.66,1.32,-0.37
45321,2,-13760,2100,7888,227,176,-28,1.73,1.34,-0.21
45354,2,-13980,1948,7732,432,400,-87,3.3,3.05,-0.66
45366,2,-13856,2156,7716,319,335,32,2.43,2.56,0.24
45378,2,-13800,2084,7860,438,219,34,3.34,1.67,0.26
45390,2,-13708,2084,7816,435,243,83,3.32,1.85,0.63
45402,2,-13736,2168,7800,410,188,46,3.13,1.43,0.35
45414,2,-13584,2248,7644,354,168,73,2.7,1.28,0.56
45426,2,-13624,2164,7728,237,204,0,1.81,1.56,0
45438,2,-13620,2140,7844,171,190,11,1.3,1.45,0.08
45450,2,-13688,2216,8036,260,241,7,1.98,1.84,0.05
45483,2,-13660,2000,7904,446,229,-32,3.4,1.75,-0.24
45495,2,-13624,2100,7892,444,391,-42,3.39,2.98,-0.32
45507,2,-13692,2068,7904,353,277,-62,2.69,2.11,-0.47
45519,2,-13704,2180,7940,319,323,-38,2.43,2.46,-0.29
45531,2,-13700,2172,7848,363,399,-39,2.77,3.04,-0.3
45543,2,-13748,2076,7884,407,287,-33,3.11,2.19,-0.25
45555,2,-13804,2148,7696,355,229,-43,2.71,1.75,-0.33
45567,2,-13764,2144,7624,297,232,3,2.27,1.77,0.02
45579,2,-13792,2144,7692,228,215,6,1.74,1.64,0.05
45612,2,-13816,1980,7724,334,338,-41,2.55,2.58,-0.31
45624,2,-13676,2060,7904,331,272,24,2.53,2.08,0.18
45636,2,-13672,2100,8036,346,349,-33,2.64,2.66,-0.25
45648,2,-13576,2036,7908,257,597,-52,1.96,4.55,-0.4
45660,2,-13752,2104,7880,206,308,-3,1.57,2.35,-0.02
45672,2,-13824,2108,7920,262,467,83,2,3.56,0.63
45684,2,-13716,2236,7856,332,442,59,2.53,3.37,0.45
45696,2,-13632,2080,7832,323,242,11,2.46,1.85,0.08
45708,2,-13632,2112,7812,291,291,-3,2.22,2.22,-0.02
45741,2,-13780,1924,7580,320,333,-49,2.44,2.54,-0.37
45753,2,-13708,2156,7864,240,326,-25,1.83,2.49,-0.19
45765,2,-13800,2128,7764,290,327,-21,2.21,2.49,-0.16
45777,2,-13844,2052,7928,236,293,5,1.8,2.24,0.04
45789,2,-13724,2048,7904,321,217,13,2.45,1.66,0.1
45801,2,-13688,2156,7784,343,237,25,2.62,1.81,0.19
45813,2,-13632,2156,7868,325,193,6,2.48,1.47,0.05
45825,2,-13724,2096,7740,313,230,-7,2.39,1.75,-0.05
45837,2,-13780,2120,8000,485,433,-32,3.7,3.3,-0.24
45870,2,-13896,2116,7848,319,233,21,2.43,1.78,0.16
45882,2,-13696,2096,7932,374,244,64,2.85,1.86,0.49
45894,2,-13696,2092,7864,391,217,40,2.98,1.66,0.31
45906,2,-13660,2188,7788,323,276,90,2.46,2.11,0.69
45918,2,-13716,2164,7788,391,344,33,2.98,2.62,0.25
45930,2,-13664,2168,7700,315,391,72,2.4,2.98,0.55
45942,2,-13660,2152,7584,236,361,68,1.8,2.75,0.52
45954,2,-13712,2188,7716,157,294,21,1.2,2.24,0.16
45966,2,-13588,2096,7688,260,329,41,1.98,2.51,0.31
45999,2,-13736,2008,7908,367,313,-43,2.8,2.39,-0.33
46011,2,-13760,2124,8004,365,302,26,2.78,2.3,0.2
46023,2,-13744,2108,7924,380,374,24,2.9,2.85,0.18
46035,2,-13780,2076,7960,361,366,23,2.75,2.79,0.18
46047,2,-13784,2112,7676,417,400,0,3.18,3.05,0
46059,2,-13696,2180,7788,340,369,5,2.59,2.82,0.04
46071,2,-13700,2108,7780,327,275,6,2.49,2.1,0.05
46083,2,-13676,2088,7784,304,196,26,2.32,1.5,0.2
46095,2,-13700,2120,7816,339,232,47,2.59,1.77,0.36
46128,2,-13760,2024,7820,299,187,-13,2.28,1.43,-0.1
46140,2,-13636,2068,8012,321,272,-12,2.45,2.08,-0.09
46152,2,-13732,2104,7828,355,344,34,2.71,2.62,0.26
46164,2,-13740,2100,7876,314,313,30,2.4,2.39,0.23
46176,2,-13680,2164,7856,277,235,23,2.11,1.79,0.18
46188,2,-13704,2096,7812,277,282,29,2.11,2.15,0.22
46200,2,-13548,2156,7984,344,184,47,2.62,1.4,0.36
46212,2,-13568,2036,7860,417,248,-20,3.18,1.89,-0.15
46224,2,-13656,2148,7752,316,293,-10,2.41,2.24,-0.08
46257,2,-13844,2032,7736,399,285,-101,3.04,2.17,-0.77
46269,2,-13752,2076,7788,267,317,-50,2.04,2.42,-0.38
46281,2,-13796,2096,7764,300,247,5,2.29,1.88,0.04
46293,2,-13800,2024,7924,343,231,-19,2.62,1.76,-0.14
46305,2,-13620,2064,7880,357,326,-35,2.72,2.49,-0.27
46317,2,-13788,2044,7804,299,242,-4,2.28,1.85,-0.03
46329,2,-13788,2140,7804,366,242,-6,2.79,1.85,-0.05
46341,2,-13792,2068,7836,425,251,21,3.24,1.91,0.16
46353,2,-13752,2064,7780,376,238,29,2.87,1.82,0.22
46386,2,-13804,2004,7656,329,326,-22,2.51,2.49,-0.17
46398,2,-13736,2140,7796,225,408,-2,1.72,3.11,-0.02
46410,2,-13712,2116,7836,279,364,18,2.13,2.78,0.14
46422,2,-13684,2060,7804,286,297,-8,2.18,2.27,-0.06
46434,2,-13736,2100,7756,232,167,-11,1.77,1.27,-0.08
46446,2,-13692,2096,7948,289,181,18,2.2,1.38,0.14
46458,2,-13696,2064,8032,433,265,2,3.3,2.02,0.02
46470,2,-13732,2108,7856,363,277,13,2.77,2.11,0.1
46482,2,-13748,2116,7896,300,266,58,2.29,2.03,0.44
46515,2,-13756,2012,7708,403,271,-37,3.07,2.07,-0.28
46527,2,-13704,2112,7788,343,199,-12,2.62,1.52,-0.09
46539,2,-13736,2184,8036,408,296,12,3.11,2.26,0.09
46551,2,-13696,2148,7816,460,324,5,3.51,2.47,0.04
46563,2,-13708,2124,7792,368,384,10,2.81,2.93,0.08
46575,2,-13728,2216,7744,273,345,4,2.08,2.63,0.03
46587,2,-13652,2108,7896,309,386,12,2.36,2.94,0.09
46599,2,-13716,1976,7784,277,355,-4,2.11,2.71,-0.03
46611,2,-13716,2048,7940,348,269,-16,2.66,2.05,-0.12
46644,2,-13776,1964,7732,381,174,-37,2.91,1.33,-0.28
46656,2,-13728,2112,7832,330,285,57,2.52,2.17,0.43
46668,2,-13760,2132,7856,325,334,83,2.48,2.55,0.63
46680,2,-13752,2124,7768,267,305,58,2.04,2.33,0.44
46692,2,-13744,2092,7916,372,383,47,2.84,2.92,0.36
46704,2,-13668,2096,7796,408,296,23,3.11,2.26,0.18
46716,2,-13692,2140,7792,335,201,34,2.56,1.53,0.26
46728,2,-13796,2036,7812,397,233,28,3.03,1.78,0.21
46740,2,-13716,2148,7824,362,287,43,2.76,2.19,0.33
46773,2,-13844,1980,7792,327,303,-4,2.49,2.31,-0.03
46785,2,-13744,2068,7932,298,231,54,2.27,1.76,0.41
46797,2,-13656,2100,7884,344,210,61,2.62,1.6,0.47
46809,2,-13616,2160,7804,294,293,48,2.24,2.24,0.37
46821,2,-13612,2220,7832,284,249,21,2.17,1.9,0.16
46833,2,-13584,2136,7760,296,312,16,2.26,2.38,0.12
46845,2,-13628,2112,7696,239,300,-1,1.82,2.29,-0.01
46857,2,-13644,2148,7672,188,299,-3,1.43,2.28,-0.02
46869,2,-13792,2124,7632,148,297,-3,1.13,2.27,-0.02
46902,2,-13760,1984,7824,384,221,-73,2.93,1.69,-0.56
46914,2,-13648,2044,8012,424,255,-24,3.23,1.95,-0.18
46926,2,-13728,1996,7976,355,335,-41,2.71,2.56,-0.31
46938,2,-13812,2088,8020,382,315,3,2.91,2.4,0.02
46950,2,-13860,2104,7908,401,406,11,3.06,3.1,0.08
46962,2,-13808,2032,7748,381,359,14,2.91,2.74,0.11
46974,2,-13672,2128,7768,393,296,56,3,2.26,0.43
46986,2,-13624,2064,7772,409,346,9,3.12,2.64,0.07
46998,2,-13660,2164,7712,399,260,4,3.04,1.98,0.03
47031,2,-13804,1952,7680,360,300,-14,2.75,2.29,-0.11
47043,2,-13800,2044,7756,223,289,30,1.7,2.2,0.23
47055,2,-13748,2016,7932,241,323,75,1.84,2.46,0.57
47067,2,-13692,2052,8024,360,283,45,2.75,2.16,0.34
47079,2,-13660,2044,7892,348,292,69,2.66,2.23,0.53
47091,2,-13668,2016,8104,369,258,23,2.82,1.97,0.18
47103,2,-13640,2068,7964,440,300,13,3.36,2.29,0.1
47115,2,-13736,2080,7740,387,321,2,2.95,2.45,0.02
47127,2,-13692,2140,7848,331,273,4,2.53,2.08,0.03
47160,2,-13740,2088,7636,330,251,-22,2.52,1.91,-0.17
47172,2,-13592,2140,7724,349,318,-9,2.66,2.43,-0.07
47184,2,-13696,2084,7840,336,327,-47,2.56,2.49,-0.36
47196,2,-13680,2128,7828,314,282,22,2.4,2.15,0.17
47208,2,-13712,2056,7864,359,305,0,2.74,2.33,0
47220,2,-13724,2056,7908,318,326,-14,2.43,2.49,-0.11
47232,2,-13732,2104,7860,269,263,6,2.05,2.01,0.05
47244,2,-13676,2052,8036,419,287,-22,3.2,2.19,-0.17
47256,2,-13772,2104,7892,490,365,23,3.74,2.78,0.18
47289,2,-13844,1940,7600,279,363,28,2.13,2.77,0.21
47301,2,-13760,2064,7744,261,207,35,1.99,1.58,0.27
47313,2,-13704,2100,7808,280,223,54,2.14,1.7,0.41
47325,2,-13720,2164,7608,245,211,71,1.87,1.61,0.54
47337,2,-13664,2160,7840,225,220,94,1.72,1.68,0.72
47349,2,-13640,2076,8024,362,377,-10,2.76,2.88,-0.08
47361,2,-13556,2028,7868,371,389,-21,2.83,2.97,-0.16
47373,2,-13828,2120,7844,217,359,-24,1.66,2.74,-0.18
47385,2,-13760,2092,8016,318,377,7,2.43,2.88,0.05
47418,2,-13784,1996,7772,341,270,36,2.6,2.06,0.27
47430,2,-13672,2032,7980,436,341,9,3.33,2.6,0.07
47442,2,-13812,2060,7724,378,290,7,2.88,2.21,0.05
47454,2,-13724,2204,7736,321,254,46,2.45,1.94,0.35
47466,2,-13688,2140,7916,511,372,28,3.9,2.84,0.21
47478,2,-13696,2024,7692,470,345,-14,3.59,2.63,-0.11
47490,2,-13696,2120,7760,324,226,27,2.47,1.72,0.21
47502,2,-13760,2084,7632,294,212,28,2.24,1.62,0.21
47514,2,-13816,2112,7788,290,261,40,2.21,1.99,0.31
47547,2,-13768,2012,7688,234,218,-18,1.79,1.66,-0.14
47559,2,-13608,2096,7760,151,296,3,1.15,2.26,0.02
47571,2,-13556,2116,7952,220,267,15,1.68,2.04,0.11
47583,2,-13640,1992,8148,518,338,-96,3.95,2.58,-0.73
47595,2,-13820,2000,7952,535,345,-63,4.08,2.63,-0.48
47607,2,-13868,2048,7888,434,340,-25,3.31,2.59,-0.19
47619,2,-13908,2072,7996,367,337,33,2.8,2.57,0.25
47631,2,-13832,2008,7928,435,378,63,3.32,2.88,0.48
47643,2,-13776,2076,7792,319,357,66,2.43,2.72,0.5
47676,2,-13676,1964,7608,346,275,55,2.64,2.1,0.42
47688,2,-13688,2076,7696,267,218,27,2.04,1.66,0.21
47700,2,-13776,2144,7696,259,298,107,1.98,2.27,0.82
47712,2,-13736,2080,7664,307,287,18,2.34,2.19,0.14
47724,2,-13696,2076,7792,201,293,66,1.53,2.24,0.5
47736,2,-13692,2096,7628,133,298,52,1.01,2.27,0.4
47748,2,-13696,2112,7864,198,342,61,1.51,2.61,0.47
47760,2,-13620,2132,7740,247,312,36,1.88,2.38,0.27
47772,2,-13600,2080,7904,207,260,17,1.58,1.98,0.13
47805,2,-13688,1956,7848,490,304,-84,3.74,2.32,-0.64
47817,2,-13672,2160,7908,283,326,-73,2.16,2.49,-0.56
47829,2,-13772,2032,7980,403,394,-66,3.07,3.01,-0.5
47841,2,-13736,2068,7776,357,375,-83,2.72,2.86,-0.63
47853,2,-13800,2084,7732,313,299,-32,2.39,2.28,-0.24
47865,2,-13768,2092,7676,317,292,-64,2.42,2.23,-0.49
47877,2,-13736,2048,7660,347,332,7,2.65,2.53,0.05
47889,2,-13724,2092,7652,212,281,1,1.62,2.14,0.01
47901,2,-13712,2084,7772,185,293,4,1.41,2.24,0.03
47934,2,-13880,1988,7732,263,337,-47,2.01,2.57,-0.36
47946,2,-13756,1928,8020,317,379,25,2.42,2.89,0.19
47958,2,-13716,2028,7904,241,311,8,1.84,2.37,0.06
47970,2,-13764,2060,7812,216,236,66,1.65,1.8,0.5
47982,2,-13680,2056,7996,334,327,78,2.55,2.49,0.6
47994,2,-13664,2116,7884,411,381,1,3.14,2.91,0.01
48006,2,-13616,2052,7824,369,346,4,2.82,2.64,0.03
48018,2,-13624,2160,7852,359,340,-29,2.74,2.59,-0.22
48030,2,-13620,2080,7832,320,397,-13,2.44,3.03,-0.1
48063,2,-13804,2040,7780,377,299,-125,2.88,2.28,-0.95
48075,2,-13800,2024,7740,350,366,-69,2.67,2.79,-0.53
48087,2,-13876,2052,7688,250,350,-22,1.91,2.67,-0.17
48099,2,-13784,2072,7792,285,303,-41,2.17,2.31,-0.31
48111,2,-13728,1960,7824,285,385,-21,2.17,2.94,-0.16
48123,2,-13684,2076,7888,277,352,-37,2.11,2.69,-0.28
48135,2,-13688,2080,7692,212,285,-58,1.62,2.17,-0.44
48147,2,-13648,2072,7716,178,309,-42,1.36,2.36,-0.32
48159,2,-13656,2072,7812,161,481,5,1.23,3.67,0.04
48192,2,-14080,1940,7656,142,592,-13,1.08,4.52,-0.1
48204,2,-13880,2032,7636,113,427,-12,0.86,3.26,-0.09
48216,2,-13896,2036,7880,194,313,42,1.48,2.39,0.32
48228,2,-13788,1956,7964,278,287,20,2.12,2.19,0.15
48240,2,-13708,2028,7848,283,281,25,2.16,2.14,0.19
48252,2,-13688,2016,7908,302,354,-21,2.3,2.7,-0.16
48264,2,-13712,1988,7856,334,406,43,2.55,3.1,0.33
48276,2,-13760,1960,7848,286,534,61,2.18,4.07,0.47
48288,2,-13776,2060,7556,222,390,29,1.69,2.98,0.22
48321,2,-13748,1908,7556,346,300,3,2.64,2.29,0.02
48333,2,-13672,1964,7804,389,287,-16,2.97,2.19,-0.12
48345,2,-13788,2136,7696,341,338,11,2.6,2.58,0.08
48357,2,-13800,2036,7728,263,320,-51,2.01,2.44,-0.39
48369,2,-13756,2000,7816,250,359,19,1.91,2.74,0.14
48381,2,-13760,2008,7852,303,407,-42,2.31,3.11,-0.32
48393,2,-13788,2004,7636,244,342,-18,1.86,2.61,-0.14
48405,2,-13804,1956,7656,193,343,-8,1.47,2.62,-0.06
48417,2,-13768,1956,7900,304,346,7,2.32,2.64,0.05
48450,2,-13852,1888,7700,377,328,-73,2.88,2.5,-0.56
48462,2,-13892,1980,7700,257,393,-12,1.96,3,-0.09
48474,2,-13872,1996,7792,188,308,3,1.43,2.35,0.02
48486,2,-13820,2064,7872,206,336,20,1.57,2.56,0.15
48498,2,-13756,1924,7824,297,453,-9,2.27,3.46,-0.07
48510,2,-13760,1900,7712,263,425,-9,2.01,3.24,-0.07
48522,2,-13772,2036,7680,172,402,6,1.31,3.07,0.05
48534,2,-13748,2040,7716,251,420,-22,1.91,3.2,-0.17
48546,2,-13788,2068,7652,331,379,-28,2.53,2.89,-0.21
48579,2,-13824,1880,7608,525,304,-79,4.01,2.32,-0.6
48591,2,-13748,1920,7664,398,305,-59,3.04,2.33,-0.45
48603,2,-13864,2020,7776,317,284,-36,2.42,2.17,-0.27
48615,2,-13844,1960,7800,333,192,1,2.54,1.46,0.01
48627,2,-13780,1880,7824,385,252,2,2.94,1.92,0.02
48639,2,-13868,1976,7808,277,250,-29,2.11,1.91,-0.22
48651,2,-13900,1940,7920,373,319,5,2.85,2.43,0.04
48663,2,-13820,1992,7648,408,312,-14,3.11,2.38,-0.11
48675,2,-13836,2008,7668,388,285,-1,2.96,2.17,-0.01
48708,2,-13824,1888,7556,357,248,-36,2.72,1.89,-0.27
48720,2,-13800,2032,7800,379,298,32,2.89,2.27,0.24
48732,2,-13764,1940,7716,411,252,16,3.14,1.92,0.12
48744,2,-13784,2008,7728,349,250,-33,2.66,1.91,-0.25
48756,2,-13836,2004,7764,341,267,35,2.6,2.04,0.27
48768,2,-13788,1928,7788,412,278,11,3.14,2.12,0.08
48780,2,-13752,1944,7800,342,318,28,2.61,2.43,0.21
48792,2,-13676,1996,7796,336,337,-31,2.56,2.57,-0.24
48804,2,-13732,2012,7760,302,360,8,2.3,2.75,0.06
48837,2,-13864,1872,7632,471,227,-10,3.59,1.73,-0.08
48849,2,-13772,1944,7568,410,209,-70,3.13,1.59,-0.53
48861,2,-13764,2072,7704,407,226,-12,3.11,1.72,-0.09
48873,2,-13868,2020,7764,444,340,-32,3.39,2.59,-0.24
48885,2,-13828,2060,7636,360,335,7,2.75,2.56,0.05
48897,2,-13792,1956,7696,267,294,-18,2.04,2.24,-0.14
48909,2,-13820,2024,7696,251,237,31,1.91,1.81,0.24
48921,2,-13776,2008,7844,353,223,-60,2.69,1.7,-0.46
48933,2,-13748,1912,7760,382,245,-28,2.91,1.87,-0.21
48966,2,-13940,1880,7648,340,275,-17,2.59,2.1,-0.13
48978,2,-13852,1968,7632,269,269,26,2.05,2.05,0.2
48990,2,-13776,1964,7676,220,196,71,1.68,1.5,0.54
49002,2,-13748,1968,7808,284,257,7,2.17,1.96,0.05
49014,2,-13704,1944,7960,526,267,-27,4.01,2.04,-0.21
49026,2,-13852,1928,7712,480,285,-10,3.66,2.17,-0.08
49038,2,-13820,1984,7712,355,282,28,2.71,2.15,0.21
49050,2,-13816,2024,7804,338,286,7,2.58,2.18,0.05
49062,2,-13828,1952,7708,271,282,38,2.07,2.15,0.29
49095,2,-13900,1864,7524,375,166,19,2.86,1.27,0.14
49107,2,-13812,2072,7688,298,204,57,2.27,1.56,0.43
49119,2,-13804,1980,7644,263,100,64,2.01,0.76,0.49
49131,2,-13732,1956,7788,254,228,104,1.94,1.74,0.79
49143,2,-13652,1988,7752,297,228,45,2.27,1.74,0.34
49155,2,-13672,2028,7820,327,191,23,2.49,1.46,0.18
49167,2,-13804,1980,7876,308,222,19,2.35,1.69,0.14
49179,2,-13664,1980,8004,476,232,40,3.63,1.77,0.31
49191,2,-13756,1940,7808,500,282,-2,3.81,2.15,-0.02
49224,2,-13828,1900,7656,405,294,-40,3.09,2.24,-0.31
49236,2,-13692,2040,7884,437,304,1,3.33,2.32,0.01
49248,2,-13760,1968,7748,420,262,-10,3.2,2,-0.08
49260,2,-13756,1936,7692,398,271,-1,3.04,2.07,-0.01
49272,2,-13776,1936,7832,385,294,18,2.94,2.24,0.14
49284,2,-13860,2040,7664,347,279,37,2.65,2.13,0.28
49296,2,-13880,1996,7596,256,312,38,1.95,2.38,0.29
49308,2,-13792,2012,7916,367,419,35,2.8,3.2,0.27
49320,2,-13684,2024,7660,443,385,1,3.38,2.94,0.01
49353,2,-13924,1972,7468,329,234,48,2.51,1.79,0.37
49365,2,-13736,2040,7692,318,169,33,2.43,1.29,0.25
49377,2,-13732,2032,7632,291,193,-4,2.22,1.47,-0.03
49389,2,-13724,2032,7792,305,276,3,2.33,2.11,0.02
49401,2,-13792,1984,7896,407,348,53,3.11,2.66,0.4
49413,2,-13736,1908,7840,347,295,17,2.65,2.25,0.13
49425,2,-13696,2000,7768,314,266,30,2.4,2.03,0.23
49437,2,-13740,1908,7868,359,301,35,2.74,2.3,0.27
49449,2,-13736,1892,7912,407,301,29,3.11,2.3,0.22
49482,2,-13752,1968,7672,510,222,-89,3.89,1.69,-0.68
49494,2,-13732,1968,7584,426,216,-19,3.25,1.65,-0.14
49506,2,-13744,2000,7660,391,240,-57,2.98,1.83,-0.43
49518,2,-13808,2016,7696,350,299,-15,2.67,2.28,-0.11
49530,99,-13808,2056,7772,283,284,14,2.16,2.17,0.11
49542,99,-13740,2020,7800,236,281,27,1.8,2.14,0.21
49554,99,-13768,1992,7716,248,298,15,1.89,2.27,0.11
49566,99,-13748,1968,7768,230,252,-4,1.75,1.92,-0.03
49578,99,-13836,1988,7764,199,270,14,1.52,2.06,0.11
49611,99,-13852,1804,7592,356,194,-42,2.72,1.48,-0.32
49623,99,-13780,1976,7788,302,207,28,2.3,1.58,0.21
49635,99,-13720,2060,7896,462,295,22,3.52,2.25,0.17
49647,99,-13756,2040,7764,485,298,-59,3.7,2.27,-0.45
49659,99,-13744,2036,7764,440,280,-23,3.36,2.14,-0.18
49671,99,-13692,2068,7672,400,289,-8,3.05,2.2,-0.06
49683,99,-13652,1948,7760,398,333,1,3.04,2.54,0.01
49695,99,-13704,1956,7776,333,277,-17,2.54,2.11,-0.13
49707,99,-13716,2088,7736,298,268,-18,2.27,2.04,-0.14
49740,99,-13828,1912,7556,222,322,-28,1.69,2.46,-0.21
49752,99,-13700,2004,7724,317,292,-19,2.42,2.23,-0.14
49764,99,-13676,1960,7856,434,276,-64,3.31,2.11,-0.49
49776,99,-13788,1964,7708,396,242,-65,3.02,1.85,-0.5
49788,99,-13452,1828,7436,356,530,-139,2.72,4.04,-1.06
49800,99,-13864,1924,7776,125,300,-26,0.95,2.29,-0.2
49812,99,-13984,1936,7832,232,344,3,1.77,2.62,0.02
49824,99,-13888,1988,7692,334,474,70,2.55,3.62,0.53
49836,99,-13716,1960,7796,341,236,43,2.6,1.8,0.33
49869,99,-13812,1828,7704,366,181,-69,2.79,1.38,-0.53
49881,99,-13816,1988,7900,418,381,42,3.19,2.91,0.32
49893,99,-13852,1892,7740,394,379,69,3.01,2.89,0.53
49905,99,-13736,1988,7568,279,265,37,2.13,2.02,0.28
49917,99,-13800,2060,7688,246,216,33,1.88,1.65,0.25
49929,99,-13676,2020,7824,334,185,19,2.55,1.41,0.14
49941,99,-13680,1956,7736,420,203,-12,3.2,1.55,-0.09
49953,99,-13696,2004,7684,374,205,6,2.85,1.56,0.05
49965,99,-13804,1932,7716,344,314,18,2.62,2.4,0.14
49998,99,-13840,1896,7748,343,240,-33,2.62,1.83,-0.25
50010,99,-13740,1940,7936,421,315,9,3.21,2.4,0.07
50022,99,-13824,1968,7848,356,290,9,2.72,2.21,0.07
50034,99,-13748,2048,7864,327,333,50,2.49,2.54,0.38
50046,99,-13764,1956,7764,321,360,43,2.45,2.75,0.33
50058,99,-13792,1980,7712,245,305,33,1.87,2.33,0.25
50070,99,-13764,2052,7764,183,314,21,1.4,2.4,0.16
50082,99,-13688,1948,7708,306,274,6,2.33,2.09,0.05
50094,99,-13792,2016,7692,325,262,1,2.48,2,0.01
50127,99,-13860,1808,7612,377,160,-80,2.88,1.22,-0.61
50139,99,-13844,1916,7736,323,169,-13,2.46,1.29,-0.1
50151,99,-13804,1940,7776,310,258,-18,2.37,1.97,-0.14
50163,99,-13736,1988,7844,276,238,1,2.11,1.82,0.01
50175,99,-13712,1952,7776,352,225,38,2.69,1.72,0.29
50187,99,-13744,1976,7828,403,303,23,3.07,2.31,0.18
50199,99,-13744,1908,7680,384,260,4,2.93,1.98,0.03
50211,99,-13776,1976,7776,425,260,-5,3.24,1.98,-0.04
50223,99,-13840,2016,7764,367,237,-7,2.8,1.81,-0.05
50256,99,-13760,1956,7492,335,252,-67,2.56,1.92,-0.51
50268,99,-13772,2028,7572,220,255,-18,1.68,1.95,-0.14
50280,99,-13740,1924,7880,319,286,-32,2.43,2.18,-0.24
50292,99,-13836,1900,7768,337,318,-17,2.57,2.43,-0.13
50304,99,-13812,1960,7772,250,324,-27,1.91,2.47,-0.21
50316,99,-13824,1992,7804,262,304,5,2,2.32,0.04
50328,99,-13772,2012,7812,331,273,-39,2.53,2.08,-0.3
50340,99,-13760,1864,7788,268,296,27,2.04,2.26,0.21
50352,99,-13744,1996,7824,269,221,-7,2.05,1.69,-0.05
50385,99,-13860,1828,7624,433,310,-81,3.3,2.37,-0.62
50397,99,-13772,1956,7680,412,234,-13,3.14,1.79,-0.1
50409,99,-13812,1956,7624,391,191,-16,2.98,1.46,-0.12
50421,99,-13744,1936,7780,334,214,29,2.55,1.63,0.22
50433,99,-13684,1992,7764,350,252,-17,2.67,1.92,-0.13
50445,99,-13688,2012,7728,395,318,-2,3.01,2.43,-0.02
50457,99,-13664,1972,7656,330,333,-23,2.52,2.54,-0.18
50469,99,-13664,1968,7832,348,262,-54,2.66,2,-0.41
50481,99,-13688,1968,7732,350,332,-61,2.67,2.53,-0.47
50514,99,-13828,1796,7648,484,367,-70,3.69,2.8,-0.53
50526,99,-13856,1828,7720,396,327,-52,3.02,2.49,-0.4
50538,99,-13840,2012,7708,303,215,-28,2.31,1.64,-0.21
50550,99,-13860,1956,7764,253,216,10,1.93,1.65,0.08
50562,99,-13780,1936,7812,273,259,27,2.08,1.98,0.21
50574,99,-13756,1984,7684,259,245,18,1.98,1.87,0.14
50586,99,-13768,1992,7768,331,256,9,2.53,1.95,0.07
50598,99,-13756,1960,7792,400,413,-36,3.05,3.15,-0.27
50610,99,-13836,1932,7748,356,274,-23,2.72,2.09,-0.18
50643,99,-13756,1840,7680,358,305,-29,2.73,2.33,-0.22
50655,99,-13720,1972,7776,300,252,-4,2.29,1.92,-0.03
50667,99,-13648,2016,7796,352,248,-29,2.69,1.89,-0.22
50679,99,-13720,1984,7752,368,265,0,2.81,2.02,0
50691,99,-13716,1964,7736,366,272,-63,2.79,2.08,-0.48
50703,99,-13816,1960,7760,306,230,-34,2.33,1.75,-0.26
50715,99,-13788,1928,7792,368,212,21,2.81,1.62,0.16
50727,99,-13768,1892,7784,263,223,5,2.01,1.7,0.04
50739,99,-13756,1948,7880,267,225,-4,2.04,1.72,-0.03
50772,99,-13848,1860,7576,325,203,-5,2.48,1.55,-0.04
50784,99,-13668,2016,7628,256,218,17,1.95,1.66,0.13
50796,99,-13584,1956,7720,245,189,-4,1.87,1.44,-0.03
50808,99,-13556,1984,7700,211,91,-55,1.61,0.69,-0.42
50820,99,-13560,2028,7796,226,222,-133,1.72,1.69,-1.01
50832,99,-13480,2084,7952,281,371,-140,2.14,2.83,-1.07
50844,99,-13520,1856,7900,95,391,-242,0.72,2.98,-1.85
50856,99,-13720,1968,8032,91,399,-211,0.69,3.04,-1.61
50868,99,-13816,2028,7804,164,438,-194,1.25,3.34,-1.48
50901,99,-13736,1804,7580,191,25,-414,1.46,0.19,-3.16
50913,99,-13700,1964,7876,224,100,-353,1.71,0.76,-2.69
50925,99,-13812,1912,7648,174,103,-360,1.33,0.79,-2.75
50937,99,-13792,1948,7632,101,154,-330,0.77,1.17,-2.52
50949,99,-13740,1924,7704,53,166,-406,0.4,1.27,-3.1
50961,99,-13516,2124,8384,311,-955,-429,2.37,-7.29,-3.27
50973,99,-13864,1728,7320,-11,-8,-491,-0.08,-0.06,-3.75
50985,99,-13704,2088,7952,93,-247,-595,0.71,-1.88,-4.54
50997,99,-13460,1956,7848,287,-396,-715,2.19,-3.02,-5.46
51030,99,-13708,1672,7008,441,-525,-1000,3.36,-4.01,-7.63
51042,99,-13440,2084,6808,118,-147,-884,0.9,-1.12,-6.74
51054,99,-13476,1944,7468,-270,-396,-1243,-2.06,-3.02,-9.48
51066,99,-13724,2052,7572,78,-919,-1210,0.6,-7.01,-9.23
51078,99,-13392,1940,7388,116,-860,-1418,0.89,-6.56,-10.82
51090,99,-13436,2048,7188,38,-1543,-1529,0.29,-11.77,-11.67
51102,99,-13348,1904,7108,-52,-1896,-1884,-0.4,-14.47,-14.37
51114,99,-13524,1788,7148,-189,-2951,-2214,-1.44,-22.51,-16.89
51126,99,-13776,1580,7020,-591,-3915,-2424,-4.51,-29.87,-18.49
51159,99,-13740,1060,7132,-3865,-4523,-2055,-29.49,-34.51,-15.68
51171,99,-13320,964,8096,-4432,-3963,-1996,-33.81,-30.24,-15.23
51183,99,-13296,600,8516,-4628,-4188,-2000,-35.31,-31.95,-15.26
51195,99,-13376,484,9088,-4731,-4918,-2021,-36.09,-37.52,-15.42
51207,99,-13468,456,8716,-4682,-5745,-2153,-35.72,-43.83,-16.43
51219,99,-13452,364,8700,-5066,-6599,-2179,-38.65,-50.35,-16.62
51231,99,-13148,148,8292,-5855,-7444,-2185,-44.67,-56.79,-16.67
51243,99,-12936,184,8536,-6701,-7677,-2307,-51.12,-58.57,-17.6
51255,99,-12672,16,9356,-7039,-6749,-2415,-53.7,-51.49,-18.42
51288,99,-12348,-708,11520,-4612,-6678,-2826,-35.19,-50.95,-21.56
51300,99,-12232,-656,12532,-2718,-7094,-2858,-20.74,-54.12,-21.8
51312,99,-12288,-1024,12156,-820,-8465,-2910,-6.26,-64.58,-22.2
51324,99,-12368,-1172,11908,95,-10266,-3203,0.72,-78.32,-24.44
51336,99,-12316,-1104,11652,628,-11515,-3127,4.79,-87.85,-23.86
51348,99,-12204,-992,11888,1084,-12385,-2954,8.27,-94.49,-22.54
51360,99,-11912,-1052,11784,1544,-12755,-2519,11.78,-97.31,-19.22
51372,99,-11488,-1128,11836,1747,-12786,-1995,13.33,-97.55,-15.22
51384,99,-10720,-1112,12548,2149,-12825,-2084,16.4,-97.85,-15.9
51417,99,-10260,-892,12056,3075,-11480,-2096,23.46,-87.59,-15.99
51429,99,-9748,-716,12508,3013,-11090,-2108,22.99,-84.61,-16.08
51441,99,-9252,-712,12828,3310,-10877,-2335,25.25,-82.98,-17.81
51453,99,-8944,-624,13528,3724,-11364,-2584,28.41,-86.7,-19.71
51465,99,-8728,-576,13692,4219,-12105,-2853,32.19,-92.35,-21.77
51477,99,-8292,-568,13724,4363,-12840,-3279,33.29,-97.96,-25.02
51489,99,-7836,-516,13720,4319,-13208,-3616,32.95,-100.77,-27.59
51501,99,-7316,-328,13756,3949,-12550,-3732,30.13,-95.75,-28.47
51513,99,-6924,-208,14312,3959,-11276,-3868,30.2,-86.03,-29.51
51546,99,-6856,84,14556,4681,-10968,-4435,35.71,-83.68,-33.84
51558,99,-6240,-12,14624,5092,-12076,-4592,38.85,-92.13,-35.03
51570,99,-5384,44,15248,5447,-13335,-4852,41.56,-101.74,-37.02
51582,99,-4668,384,15664,6068,-14005,-5272,46.3,-106.85,-40.22
51594,99,-4092,200,15724,6444,-14039,-5756,49.16,-107.11,-43.91
51606,99,-3960,452,15744,6837,-13757,-6335,52.16,-104.96,-48.33
51618,99,-4232,228,15472,7010,-13319,-6591,53.48,-101.62,-50.29
51630,99,-4536,156,15004,6677,-12468,-6571,50.94,-95.12,-50.13
51642,99,-4752,260,14668,6144,-11210,-6435,46.88,-85.53,-49.1
51676,99,-5836,392,13628,4179,-7341,-5165,31.88,-56.01,-39.41
51688,99,-5900,256,14120,3548,-6435,-4447,27.07,-49.1,-33.93
51700,99,-5820,36,15068,3272,-6055,-3992,24.96,-46.2,-30.46
51712,99,-5972,-16,16048,3372,-6107,-3309,25.73,-46.59,-25.25
51724,99,-5752,24,16296,3770,-6230,-2666,28.76,-47.53,-20.34
51736,99,-5420,136,16252,4052,-6540,-1989,30.91,-49.9,-15.17
51748,99,-4952,476,15652,4172,-6341,-1292,31.83,-48.38,-9.86
51760,99,-4268,728,14976,3939,-6300,-723,30.05,-48.07,-5.52
51772,99,-3588,1048,14828,3591,-6500,-478,27.4,-49.59,-3.65
51805,99,-2944,1676,13908,2692,-6167,-356,20.54,-47.05,-2.72
51817,99,-2780,1852,13844,2100,-5571,-27,16.02,-42.5,-0.21
51829,99,-2264,1808,13992,1406,-4745,159,10.73,-36.2,1.21
51841,99,-2140,1756,14284,694,-4241,308,5.29,-32.36,2.35
51853,99,-2244,1204,14880,-38,-3405,516,-0.29,-25.98,3.94
51865,99,-2276,1176,15544,-719,-2227,829,-5.49,-16.99,6.32
51877,99,-1968,1184,16024,-954,-1148,938,-7.28,-8.76,7.16
51889,99,-2024,1128,16148,-1121,-401,1052,-8.55,-3.06,8.03
51901,99,-2136,1144,15896,-1254,625,1215,-9.57,4.77,9.27
51934,99,-2584,616,16048,-1710,952,1115,-13.05,7.26,8.51
51946,99,-2592,608,16460,-1891,233,1181,-14.43,1.78,9.01
51958,99,-2328,628,16784,-1658,33,1097,-12.65,0.25,8.37
51970,99,-1984,492,16784,-1422,-492,983,-10.85,-3.75,7.5
51982,99,-1756,512,16668,-1302,-756,868,-9.93,-5.77,6.62
51994,99,-1576,324,16672,-1378,-574,751,-10.51,-4.38,5.73
52006,99,-1568,320,16848,-1650,-77,641,-12.59,-0.59,4.89
52018,99,-1192,232,16952,-1720,1011,499,-13.12,7.71,3.81
52030,99,-724,8,17296,-1874,1820,-105,-14.3,13.89,-0.8
52063,99,-2248,-400,17732,-1267,1402,-1149,-9.67,10.7,-8.77
52075,99,-2600,-424,17824,-865,1427,-976,-6.6,10.89,-7.45
52087,99,-2712,-376,17836,-461,1421,-699,-3.52,10.84,-5.33
52099,99,-2836,-244,17464,95,1450,-447,0.72,11.06,-3.41
52111,99,-3008,-140,16956,538,1350,-201,4.1,10.3,-1.53
52123,99,-3056,68,16372,740,1339,147,5.65,10.22,1.12
52135,99,-2916,256,16128,869,1033,365,6.63,7.88,2.78
52147,99,-2824,388,15936,971,658,536,7.41,5.02,4.09
52159,99,-2804,512,15620,966,329,685,7.37,2.51,5.23
52192,99,-2032,716,15156,650,474,914,4.96,3.62,6.97
52204,99,-1896,788,15484,532,600,1005,4.06,4.58,7.67
52216,99,-1888,900,15732,596,703,1043,4.55,5.36,7.96
52228,99,-1768,860,15688,638,645,1063,4.87,4.92,8.11
52240,99,-1788,896,15608,455,842,1004,3.47,6.42,7.66
52252,99,-1568,904,15728,378,645,827,2.88,4.92,6.31
52264,99,-1600,852,15828,505,265,585,3.85,2.02,4.46
52276,99,-1708,816,15848,539,248,413,4.11,1.89,3.15
52288,99,-1876,700,15980,697,91,306,5.32,0.69,2.33
52321,99,-2320,564,15792,510,704,431,3.89,5.37,3.29
52333,99,-2392,664,15800,298,1022,594,2.27,7.8,4.53
52345,99,-2448,672,15692,202,1057,675,1.54,8.06,5.15
52357,99,-2484,568,15648,52,1172,667,0.4,8.94,5.09
52369,99,-2420,648,15832,111,877,561,0.85,6.69,4.28
52381,99,-2384,644,15888,210,406,493,1.6,3.1,3.76
52393,99,-2340,652,15940,140,271,381,1.07,2.07,2.91
52405,99,-2200,648,15848,21,173,429,0.16,1.32,3.27
52417,99,-2128,688,16072,-76,389,411,-0.58,2.97,3.14
52450,99,-2424,408,16152,-34,695,390,-0.26,5.3,2.98
52462,99,-2368,540,16240,40,819,443,0.31,6.25,3.38
52474,99,-2364,428,16368,304,422,390,2.32,3.22,2.98
52486,99,-2480,420,16244,378,297,395,2.88,2.27,3.01
52498,99,-2356,448,16132,400,273,366,3.05,2.08,2.79
52510,99,-2412,436,16276,430,196,418,3.28,1.5,3.19
52522,99,-2380,440,16068,454,482,434,3.46,3.68,3.31
52534,99,-2308,528,15968,459,438,479,3.5,3.34,3.65
52546,99,-2392,588,16016,552,603,525,4.21,4.6,4.01
52579,99,-2376,580,15548,463,497,478,3.53,3.79,3.65
52591,99,-2236,632,15668,258,728,519,1.97,5.55,3.96
52603,99,-2228,716,15904,221,859,552,1.69,6.55,4.21
52615,99,-2276,664,16080,335,619,443,2.56,4.72,3.38
52627,99,-2296,696,15896,397,492,377,3.03,3.75,2.88
52639,99,-2252,732,15716,411,390,327,3.14,2.98,2.49
52651,99,-2184,812,15724,350,277,213,2.67,2.11,1.63
52663,99,-2156,764,15784,277,287,170,2.11,2.19,1.3
52675,99,-2208,676,15900,228,430,146,1.74,3.28,1.11
52708,99,-2664,600,15652,168,425,124,1.28,3.24,0.95
52720,99,-2620,636,15948,231,394,146,1.76,3.01,1.11
52732,99,-2600,664,15880,181,425,198,1.38,3.24,1.51
52744,99,-2416,636,15884,196,433,174,1.5,3.3,1.33
52756,99,-2396,620,16020,292,297,154,2.23,2.27,1.17
52768,99,-2280,672,15968,471,217,119,3.59,1.66,0.91
52780,99,-2280,576,16100,576,-106,138,4.39,-0.81,1.05
52792,99,-2224,696,16180,785,-263,123,5.99,-2.01,0.94
52804,99,-2380,548,16120,795,-129,126,6.07,-0.98,0.96
52837,99,-2544,628,15708,426,238,90,3.25,1.82,0.69
52849,99,-2540,636,15844,433,357,199,3.3,2.72,1.52
52861,99,-2568,628,15800,306,438,241,2.33,3.34,1.84
52873,99,-2620,620,15868,258,313,229,1.97,2.39,1.75
52885,99,-2540,624,15992,207,396,279,1.58,3.02,2.13
52897,99,-2492,616,16132,399,-3,283,3.04,-0.02,2.16
52909,99,-2400,684,16164,478,-232,246,3.65,-1.77,1.88
52921,99,-2308,668,16132,480,-321,201,3.66,-2.45,1.53
52933,99,-2240,564,16044,428,-158,197,3.27,-1.21,1.5
52966,99,-2208,668,15620,58,675,153,0.44,5.15,1.17
52978,99,-2368,696,15780,-44,939,208,-0.34,7.16,1.59
52990,99,-2420,744,15624,-111,835,204,-0.85,6.37,1.56
53002,99,-2516,704,15736,-142,701,222,-1.08,5.35,1.69
53014,99,-2460,772,15912,-80,628,136,-0.61,4.79,1.04
53026,99,-2384,712,15908,-61,341,96,-0.47,2.6,0.73
53038,99,-2288,648,16020,62,100,41,0.47,0.76,0.31
53050,99,-2288,620,16024,182,-97,25,1.39,-0.74,0.19
53062,99,-2240,616,15836,111,60,6,0.85,0.46,0.05
53095,99,-2540,388,15784,166,323,69,1.27,2.46,0.53
53107,99,-2440,520,15800,-58,711,180,-0.44,5.42,1.37
53119,99,-2516,548,16068,13,697,165,0.1,5.32,1.26
53131,99,-2556,508,16116,109,577,130,0.83,4.4,0.99
53143,99,-2600,488,15900,40,384,56,0.31,2.93,0.43
53155,99,-2576,476,16124,44,121,32,0.34,0.92,0.24
53167,99,-2568,440,16164,81,-79,40,0.62,-0.6,0.31
53179,99,-2584,332,16204,51,-7,163,0.39,-0.05,1.24
53191,99,-2428,404,16244,190,200,230,1.45,1.53,1.75
53224,99,-2468,432,16380,753,0,249,5.74,0,1.9
53236,99,-2400,396,16208,891,-21,166,6.8,-0.16,1.27
53248,99,-2432,560,15948,767,-215,184,5.85,-1.64,1.4
53260,99,-2400,332,16104,814,-95,234,6.21,-0.72,1.79
53272,99,-2220,564,16176,769,-10,206,5.87,-0.08,1.57
53284,99,-2224,596,15768,695,453,174,5.3,3.46,1.33
53296,99,-2244,616,15928,615,503,124,4.69,3.84,0.95
53308,99,-2384,704,15668,472,523,110,3.6,3.99,0.84
53320,99,-2388,756,15544,337,493,59,2.57,3.76,0.45
53353,99,-2560,508,15708,180,437,185,1.37,3.33,1.41
53365,99,-2572,584,16004,261,440,306,1.99,3.36,2.33
53377,99,-2356,652,15820,213,464,309,1.63,3.54,2.36
53389,99,-2200,740,15924,176,328,228,1.34,2.5,1.74
53401,99,-2116,716,15960,160,172,98,1.22,1.31,0.75
53413,99,-2124,676,15836,93,216,62,0.71,1.65,0.47
53425,99,-2156,660,15872,63,361,51,0.48,2.75,0.39
53437,99,-2264,592,15940,134,726,21,1.02,5.54,0.16
53449,99,-2436,528,16012,188,752,59,1.43,5.74,0.45
53482,99,-2620,456,15972,378,355,37,2.88,2.71,0.28
53494,99,-2580,488,16004,274,524,123,2.09,4,0.94
53506,99,-2456,484,16048,338,719,111,2.58,5.49,0.85
53518,99,-2476,464,15924,342,825,134,2.61,6.29,1.02
53530,99,-2496,548,15772,244,1007,192,1.86,7.68,1.46
53542,99,-2416,596,15884,297,957,271,2.27,7.3,2.07
53554,99,-2368,468,15980,271,1231,284,2.07,9.39,2.17
53566,99,-2352,440,16064,239,1299,215,1.82,9.91,1.64
53578,99,-2420,528,16204,246,1343,161,1.88,10.25,1.23
53611,99,-2716,440,15804,328,699,-81,2.5,5.33,-0.62
53623,99,-2664,640,15840,353,740,-26,2.69,5.65,-0.2
53635,99,-2704,596,15744,278,824,62,2.12,6.29,0.47
53647,99,-2860,544,15708,227,946,82,1.73,7.22,0.63
53659,99,-2904,508,15468,115,1083,168,0.88,8.26,1.28
53671,99,-3048,572,15476,-1,1238,269,-0.01,9.45,2.05
53683,99,-2940,652,15520,-145,1418,428,-1.11,10.82,3.27
53695,99,-2796,556,15536,-254,1523,483,-1.94,11.62,3.68
53707,99,-2628,560,15924,-71,1065,329,-0.54,8.13,2.51
53740,99,-2628,376,16040,451,-95,-60,3.44,-0.72,-0.46
53752,99,-2424,428,16288,398,190,-132,3.04,1.45,-1.01
53764,99,-2320,444,16188,387,753,-81,2.95,5.74,-0.62
53776,99,-2264,528,16536,626,1921,-100,4.78,14.66,-0.76
53788,99,-2448,544,16008,634,2508,-117,4.84,19.13,-0.89
53800,99,-2668,640,16076,737,2346,-103,5.62,17.9,-0.79
53812,99,-2212,712,15668,523,2389,-255,3.99,18.23,-1.95
53824,99,-1828,1004,15856,484,2682,-588,3.69,20.46,-4.49
53836,99,-1568,972,15564,361,3354,-915,2.75,25.59,-6.98
53869,99,-2992,516,15176,33,3766,-1654,0.25,28.73,-12.62
53881,99,-3508,644,15200,-77,3443,-1764,-0.59,26.27,-13.46
53893,99,-4184,620,15224,82,2686,-1795,0.63,20.49,-13.69
53905,99,-4672,448,14752,-98,1844,-1682,-0.75,14.07,-12.83
53917,99,-5156,460,14732,-448,1294,-1302,-3.42,9.87,-9.93
53929,99,-5088,284,15036,-623,1055,-856,-4.75,8.05,-6.53
53941,99,-4896,124,15520,-381,736,-451,-2.91,5.62,-3.44
53953,99,-4984,-12,15452,-450,830,-44,-3.43,6.33,-0.34
53965,99,-4872,-92,15452,-586,1367,380,-4.47,10.43,2.9
53998,99,-4212,-124,15888,-619,528,770,-4.72,4.03,5.87
54010,99,-3824,-152,16296,-489,53,671,-3.73,0.4,5.12
54022,99,-3696,-180,16404,-287,-354,578,-2.19,-2.7,4.41
54034,99,-3556,-216,16428,-151,-492,455,-1.15,-3.75,3.47
54046,99,-3552,-68,16432,-7,-236,414,-0.05,-1.8,3.16
54058,99,-3524,-32,16288,84,68,392,0.64,0.52,2.99
54070,99,-3500,84,16096,169,184,378,1.29,1.4,2.88
54082,99,-3812,80,15776,164,134,358,1.25,1.02,2.73
54094,99,-3788,92,15740,253,103,434,1.93,0.79,3.31
54127,99,-3828,100,15244,348,-385,370,2.66,-2.94,2.82
54139,99,-3696,360,15568,336,-492,450,2.56,-3.75,3.43
54151,99,-3616,296,15592,637,-587,443,4.86,-4.48,3.38
54163,99,-3556,192,15376,504,-574,428,3.85,-4.38,3.27
54175,99,-3628,208,15500,416,-694,479,3.17,-5.29,3.65
54187,99,-3604,308,15764,461,-738,521,3.52,-5.63,3.97
54199,99,-3452,208,15724,456,-633,591,3.48,-4.83,4.51
54211,99,-3328,228,15616,234,-418,544,1.79,-3.19,4.15
54223,99,-3248,188,15780,194,-676,432,1.48,-5.16,3.3
54256,99,-3352,104,15744,404,-1145,244,3.08,-8.74,1.86
54268,99,-3284,228,15976,497,-1629,280,3.79,-12.43,2.14
54280,99,-3304,204,15932,809,-2024,336,6.17,-15.44,2.56
54292,99,-3356,208,16100,1020,-2613,286,7.78,-19.94,2.18
54304,99,-3444,260,15804,1227,-3194,358,9.36,-24.37,2.73
54316,99,-4112,704,16276,1532,-2933,504,11.69,-22.38,3.85
54328,99,-3640,84,15252,1228,-3316,682,9.37,-25.3,5.2
54340,99,-3188,292,15248,954,-3257,666,7.28,-24.85,5.08
54352,99,-2744,472,15620,737,-3511,544,5.62,-26.79,4.15
54385,99,-2520,264,15812,403,-3062,519,3.07,-23.36,3.96
54397,99,-2476,336,16024,164,-2656,669,1.25,-20.26,5.1
54409,99,-2188,432,16376,313,-2393,758,2.39,-18.26,5.78
54421,99,-1820,312,16436,577,-1928,708,4.4,-14.71,5.4
54433,99,-1828,456,16172,560,-1362,639,4.27,-10.39,4.88
54445,99,-1836,960,15764,1473,-832,1046,11.24,-6.35,7.98
54457,99,-1528,592,15788,515,-499,515,3.93,-3.81,3.93
54469,99,-1812,452,16048,533,30,430,4.07,0.23,3.28
54481,99,-1968,216,16036,476,665,451,3.63,5.07,3.44
54514,99,-2428,312,15728,85,1238,471,0.65,9.45,3.59
54526,3,-2364,720,16020,212,857,545,1.62,6.54,4.16
54538,3,-2228,368,15928,415,791,333,3.17,6.03,2.54
54550,3,-2016,592,16324,721,693,460,5.5,5.29,3.51
54562,3,-1924,560,16284,643,1020,289,4.91,7.78,2.2
54574,3,-1820,240,16288,809,1571,335,6.17,11.99,2.56
54586,3,-1588,652,16236,459,2408,380,3.5,18.37,2.9
54598,3,-1596,620,16112,385,3308,209,2.94,25.24,1.59
54610,3,-1796,592,15864,99,3933,147,0.76,30.01,1.12
54643,3,-2544,532,15596,166,2465,-615,1.27,18.81,-4.69
54655,3,-2692,696,15532,271,1952,-725,2.07,14.89,-5.53
54667,3,-2796,668,15448,201,1678,-772,1.53,12.8,-5.89
54679,3,-2784,604,15336,26,2065,-709,0.2,15.75,-5.41
54691,3,-2908,572,15472,-274,2733,-556,-2.09,20.85,-4.24
54703,3,-3032,576,15664,-329,3668,-233,-2.51,27.98,-1.78
54715,3,-2992,424,15556,-463,4715,-30,-3.53,35.97,-0.23
54727,3,-3052,504,15592,-545,4709,-84,-4.16,35.93,-0.64
54739,3,-3044,448,15696,-486,4589,-186,-3.71,35.01,-1.42
54772,3,-3216,440,15304,-119,3148,-797,-0.91,24.02,-6.08
54784,3,-3092,588,15180,-231,3673,-913,-1.76,28.02,-6.97
54796,3,-3052,736,14728,-656,4265,-895,-5,32.54,-6.83
54808,3,-3336,736,14692,-1320,5624,-765,-10.07,42.91,-5.84
54820,3,-3648,464,14984,-1949,7426,-435,-14.87,56.66,-3.32
54832,3,-4016,272,14952,-2539,9387,-77,-19.37,71.62,-0.59
54844,3,-4204,184,15008,-3047,10925,230,-23.25,83.35,1.75
54856,3,-4408,60,14980,-3362,11849,249,-25.65,90.4,1.9
54868,3,-4692,-120,15168,-3293,12060,208,-25.12,92.01,1.59
54901,3,-5828,-640,14992,-2276,9126,-731,-17.36,69.63,-5.58
54913,3,-6200,-572,14848,-2088,7914,-955,-15.93,60.38,-7.29
54925,3,-6324,-612,14688,-1883,6753,-1099,-14.37,51.52,-8.38
54937,3,-6404,-716,14832,-1740,5945,-1165,-13.28,45.36,-8.89
54949,3,-6648,-896,14900,-1649,5673,-1050,-12.58,43.28,-8.01
54961,3,-6792,-992,14928,-1539,5854,-986,-11.74,44.66,-7.52
54973,3,-6868,-960,14684,-1554,6046,-791,-11.86,46.13,-6.03
54985,3,-6676,-892,14636,-1572,6354,-718,-11.99,48.48,-5.48
54997,3,-6572,-860,14484,-1574,6375,-804,-12.01,48.64,-6.13
55030,3,-7228,-1340,14028,-1334,6918,-1173,-10.18,52.78,-8.95
55042,3,-7424,-1176,14224,-1384,6713,-1196,-10.56,51.22,-9.12
55054,3,-7744,-1256,14060,-1404,6568,-1181,-10.71,50.11,-9.01
55066,3,-7836,-1228,14040,-1368,6621,-1197,-10.44,50.51,-9.13
55078,3,-7900,-1256,13804,-1293,6360,-1204,-9.86,48.52,-9.19
55090,3,-7956,-1464,13476,-1264,6144,-1268,-9.64,46.88,-9.67
55102,3,-8436,-1308,13744,-1256,5034,-1072,-9.58,38.41,-8.18
55114,3,-8264,-1480,13432,-1262,5491,-1005,-9.63,41.89,-7.67
55126,3,-7772,-1444,13420,-1431,5322,-1204,-10.92,40.6,-9.19
55159,3,-8480,-1652,13200,-1202,4763,-1584,-9.17,36.34,-12.08
55171,3,-8732,-1712,13364,-1161,4476,-1545,-8.86,34.15,-11.79
55183,3,-8716,-1808,13248,-988,4400,-1624,-7.54,33.57,-12.39
55195,3,-8836,-1784,13228,-760,4308,-1681,-5.8,32.87,-12.83
55207,3,-8964,-1844,13200,-655,3804,-1600,-5,29.02,-12.21
55219,3,-9156,-1924,13388,-470,3685,-1547,-3.59,28.11,-11.8
55231,3,-9236,-2000,13440,-118,3855,-1438,-0.9,29.41,-10.97
55243,3,-9328,-2120,13004,-18,3872,-1319,-0.14,29.54,-10.06
55255,3,-9428,-2052,12828,-124,3933,-1184,-0.95,30.01,-9.03
55288,3,-9984,-2240,12672,-275,3032,-883,-2.1,23.13,-6.74
55300,3,-10024,-2164,12896,-49,3069,-627,-0.37,23.41,-4.78
55312,3,-9844,-2264,12780,114,3178,-548,0.87,24.25,-4.18
55324,3,-9716,-2172,12336,25,3054,-493,0.19,23.3,-3.76
55336,3,-9520,-2156,12312,-247,3144,-404,-1.88,23.99,-3.08
55348,3,-9564,-2076,12368,-447,3182,-411,-3.41,24.28,-3.14
55360,3,-9740,-2228,12448,-589,3256,-320,-4.49,24.84,-2.44
55372,3,-9676,-2204,12544,-610,3279,-273,-4.65,25.02,-2.08
55384,3,-9700,-2160,12520,-475,3231,-278,-3.62,24.65,-2.12
55417,3,-9672,-2376,12408,-31,2928,-512,-0.24,22.34,-3.91
55429,3,-9800,-2256,12392,13,2776,-632,0.1,21.18,-4.82
55441,3,-9696,-2320,12424,185,2927,-766,1.41,22.33,-5.84
55453,3,-9752,-2292,12444,354,3217,-850,2.7,24.54,-6.48
55465,3,-9916,-2324,12236,398,3547,-832,3.04,27.06,-6.35
55477,3,-10128,-2132,12012,371,3864,-688,2.83,29.48,-5.25
55489,3,-10084,-2216,11620,218,4689,-576,1.66,35.77,-4.39
55501,3,-10072,-2348,11508,-179,5069,-616,-1.37,38.67,-4.7
55513,3,-10224,-2268,11560,-463,5335,-623,-3.53,40.7,-4.75
55547,3,-10660,-2596,11460,-618,4826,-835,-4.71,36.82,-6.37
55559,3,-10832,-2576,11396,-659,4585,-919,-5.03,34.98,-7.01
55571,3,-11108,-2576,11036,-705,4217,-926,-5.38,32.17,-7.06
55583,3,-11164,-2500,10992,-868,4190,-811,-6.62,31.97,-6.19
55595,3,-11268,-2540,10984,-956,4293,-729,-7.29,32.75,-5.56
55607,3,-11340,-2608,10944,-1045,4453,-647,-7.97,33.97,-4.94
55619,3,-11280,-2752,10724,-1175,4423,-520,-8.96,33.74,-3.97
55631,3,-11264,-2756,10628,-1291,4445,-467,-9.85,33.91,-3.56
55643,3,-11452,-2812,10668,-1534,4289,-501,-11.7,32.72,-3.82
55676,3,-11800,-3208,10920,-935,3279,-488,-7.13,25.02,-3.72
55688,3,-11852,-3156,10928,-703,3005,-449,-5.36,22.93,-3.43
55700,3,-11912,-3136,10812,-584,2875,-262,-4.46,21.93,-2
55712,3,-11676,-3144,10732,-504,2814,-282,-3.85,21.47,-2.15
55724,3,-11740,-3024,10424,-577,2923,-221,-4.4,22.3,-1.69
55736,3,-11752,-2984,10592,-521,2971,-176,-3.97,22.67,-1.34
55748,3,-11764,-3072,10536,-437,3252,-123,-3.33,24.81,-0.94
55760,3,-11784,-3160,10348,-507,3211,-150,-3.87,24.5,-1.14
55772,3,-11868,-3088,10372,-465,2972,-140,-3.55,22.67,-1.07
55805,3,-11816,-3084,10016,-440,2578,-37,-3.36,19.67,-0.28
55817,3,-11216,-2532,9884,-686,3509,101,-5.23,26.77,0.77
55829,3,-11240,-3020,9420,-1142,4770,9,-8.71,36.39,0.07
55841,3,-11508,-3244,9816,-1331,5377,-151,-10.15,41.02,-1.15
55853,3,-11912,-3276,9556,-1653,6158,-70,-12.61,46.98,-0.53
55865,3,-12048,-3220,9588,-1645,6308,-119,-12.55,48.13,-0.91
55877,3,-12328,-3268,9588,-1408,5349,-234,-10.74,40.81,-1.79
55889,3,-12576,-3336,9500,-1132,4501,-336,-8.64,34.34,-2.56
55901,3,-12780,-3436,9672,-602,3739,-350,-4.59,28.53,-2.67
55934,3,-12576,-3492,8992,-47,2689,-294,-0.36,20.52,-2.24
55946,3,-12240,-3228,8924,-163,3066,-395,-1.24,23.39,-3.01
55958,3,-12468,-3328,8960,-154,3345,-394,-1.17,25.52,-3.01
55970,3,-12840,-3384,8916,-324,3735,-343,-2.47,28.5,-2.62
55982,3,-13024,-3456,8624,-427,3856,-198,-3.26,29.42,-1.51
55994,3,-13028,-3368,8668,-448,3423,-179,-3.42,26.12,-1.37
56006,3,-13148,-3448,8500,-423,2684,-206,-3.23,20.48,-1.57
56018,3,-13120,-3588,8740,-220,1939,-251,-1.68,14.79,-1.91
56030,3,-13304,-3652,8704,116,1161,-263,0.89,8.86,-2.01
56063,3,-13208,-3520,8648,837,-947,-380,6.39,-7.23,-2.9
56075,3,-12964,-3512,9016,1085,-1289,-300,8.28,-9.83,-2.29
56087,3,-12876,-3484,8720,1090,-1088,-166,8.32,-8.3,-1.27
56099,3,-12876,-3364,8596,844,-700,-96,6.44,-5.34,-0.73
56111,3,-12768,-3428,8616,613,-354,83,4.68,-2.7,0.63
56123,3,-12676,-3500,8708,517,50,115,3.94,0.38,0.88
56135,3,-12788,-3432,8596,354,28,124,2.7,0.21,0.95
56147,3,-12676,-3396,8868,415,-4,69,3.17,-0.03,0.53
56159,3,-12684,-3492,8992,522,-231,27,3.98,-1.76,0.21
56192,3,-12792,-3596,8912,1155,-1154,-46,8.81,-8.8,-0.35
56204,3,-12776,-3500,8856,1162,-1243,-92,8.87,-9.48,-0.7
56216,3,-12732,-3460,8900,1140,-1344,-40,8.7,-10.25,-0.31
56228,3,-12692,-3400,8848,1091,-1337,2,8.32,-10.2,0.02
56240,3,-12712,-3368,8984,1014,-1261,55,7.74,-9.62,0.42
56252,3,-12756,-3332,9108,1042,-1066,80,7.95,-8.13,0.61
56264,3,-12596,-3352,9152,1094,-907,175,8.35,-6.92,1.34
56276,3,-12676,-3320,8984,1099,-1020,160,8.38,-7.78,1.22
56288,3,-12724,-3364,8988,1053,-1147,262,8.03,-8.75,2
56321,3,-12692,-3520,8880,1000,-1508,198,7.63,-11.51,1.51
56333,3,-12768,-3456,9084,921,-1583,241,7.03,-12.08,1.84
56345,3,-12828,-3488,9188,892,-1673,304,6.81,-12.76,2.32
56357,3,-12808,-3508,9168,846,-1875,389,6.45,-14.31,2.97
56369,3,-12708,-3444,9336,760,-1932,478,5.8,-14.74,3.65
56381,3,-12648,-3428,9448,851,-2015,535,6.49,-15.37,4.08
56393,3,-12588,-3416,9396,878,-2032,639,6.7,-15.5,4.88
56405,3,-12560,-3260,9532,930,-2096,624,7.1,-15.99,4.76
56417,3,-12500,-3184,9600,977,-2219,666,7.45,-16.93,5.08
56450,3,-12192,-3104,9516,1107,-2642,720,8.45,-20.16,5.49
56462,3,-12004,-2980,9744,1194,-2846,746,9.11,-21.71,5.69
56474,3,-11824,-2896,9876,1274,-2990,654,9.72,-22.81,4.99
56486,3,-11796,-2904,9824,1282,-3066,589,9.78,-23.39,4.49
56498,3,-11728,-2924,10252,1194,-3222,578,9.11,-24.58,4.41
56510,3,-11724,-2848,10168,1440,-3950,394,10.99,-30.14,3.01
56522,3,-11860,-2960,10516,1777,-4459,308,13.56,-34.02,2.35
56534,3,-11844,-3064,10488,2141,-5720,129,16.33,-43.64,0.98
56546,3,-11940,-3096,10800,2719,-7524,-175,20.74,-57.4,-1.34
56579,3,-11952,-3096,10888,4136,-11856,-558,31.56,-90.45,-4.26
56591,3,-11576,-2880,11296,4406,-12826,-432,33.62,-97.85,-3.3
56603,3,-11240,-2908,11788,4627,-13207,-392,35.3,-100.76,-2.99
56615,3,-11136,-2892,12344,4908,-13400,-264,37.45,-102.23,-2.01
56627,3,-10856,-2868,12776,5229,-13787,-81,39.89,-105.19,-0.62
56639,3,-10336,-2660,12996,5659,-13814,31,43.17,-105.39,0.24
56651,3,-9772,-2424,12916,5936,-13646,150,45.29,-104.11,1.14
56663,3,-9224,-2264,13136,6085,-13666,106,46.42,-104.26,0.81
56675,3,-8916,-2180,13124,6229,-14061,90,47.52,-107.28,0.69
56708,3,-8452,-1624,13120,6298,-14993,155,48.05,-114.39,1.18
56720,3,-7744,-1228,13208,5851,-13818,521,44.64,-105.42,3.97
56732,3,-7188,-852,13204,5269,-11937,863,40.2,-91.07,6.58
56744,3,-6708,-856,13272,4613,-10071,996,35.19,-76.84,7.6
56756,3,-6680,-784,13224,4043,-9139,1065,30.85,-69.73,8.13
56768,3,-6584,-668,13192,3265,-7954,1277,24.91,-60.68,9.74
56780,3,-6072,-436,13608,2843,-6808,1320,21.69,-51.94,10.07
56792,3,-5692,-516,13556,2484,-6517,1013,18.95,-49.72,7.73
56804,3,-5948,-540,13652,1925,-6445,866,14.69,-49.17,6.61
56837,3,-5820,-612,14240,1754,-5505,706,13.38,-42,5.39
56849,3,-5380,-472,14744,1665,-5308,752,12.7,-40.5,5.74
56861,3,-5104,-400,14888,1667,-5105,608,12.72,-38.95,4.64
56873,3,-5080,-420,14924,1533,-4970,422,11.7,-37.92,3.22
56885,3,-5004,-352,15076,1288,-4665,395,9.83,-35.59,3.01
56897,3,-4944,-436,15024,1090,-4197,317,8.32,-32.02,2.42
56909,3,-4768,-484,15152,974,-3720,219,7.43,-28.38,1.67
56921,3,-4820,-448,15380,976,-3557,201,7.45,-27.14,1.53
56933,3,-4780,-660,15680,1267,-3052,125,9.67,-23.28,0.95
56966,3,-4840,-584,15164,1202,-2676,53,9.17,-20.42,0.4
56978,3,-4724,-396,15268,954,-2338,68,7.28,-17.84,0.52
56990,3,-4688,-400,15264,899,-2122,59,6.86,-16.19,0.45
57002,3,-4700,-456,15424,959,-2103,160,7.32,-16.04,1.22
57014,3,-4920,-428,15536,1095,-2167,164,8.35,-16.53,1.25
57026,3,-4952,-248,15340,1063,-2091,327,8.11,-15.95,2.49
57038,3,-4740,-244,15304,1032,-2069,401,7.87,-15.79,3.06
57050,3,-4652,-248,15280,1032,-2516,404,7.87,-19.2,3.08
57062,3,-4632,-240,15244,1073,-2903,526,8.19,-22.15,4.01
57095,3,-4352,-284,15472,1193,-3073,816,9.1,-23.45,6.23
57107,3,-4204,-188,15656,1306,-3832,814,9.96,-29.24,6.21
57119,3,-4116,-172,15588,1237,-4083,894,9.44,-31.15,6.82
57131,3,-3996,-160,15704,1373,-3986,1019,10.48,-30.41,7.77
57143,3,-3916,-220,15712,1325,-4049,1108,10.11,-30.89,8.45
57155,3,-4216,-32,16008,1443,-4231,1299,11.01,-32.28,9.91
57167,3,-3844,-204,15416,1464,-3831,1519,11.17,-29.23,11.59
57179,3,-3744,104,15328,1397,-3911,1632,10.66,-29.84,12.45
57191,3,-3928,-132,15640,1475,-4745,1798,11.25,-36.2,13.72
57224,3,-2820,396,14920,1207,-4936,1854,9.21,-37.66,14.14
57236,3,-2568,372,14944,800,-5405,1518,6.1,-41.24,11.58
57248,3,-2548,216,15624,652,-5596,1236,4.97,-42.69,9.43
57260,3,-2636,-16,16132,750,-5587,1079,5.72,-42.63,8.23
57272,3,-2768,320,16568,1443,-6252,1354,11.01,-47.7,10.33
57284,3,-2252,-560,16428,1443,-7017,1279,11.01,-53.54,9.76
57296,3,-2148,-48,16780,1560,-6782,1044,11.9,-51.74,7.97
57308,3,-1980,8,16456,2296,-6572,851,17.52,-50.14,6.49
57320,3,-1704,-12,15592,2453,-7280,587,18.71,-55.54,4.48
57353,3,-2736,684,15156,2779,-10451,-196,21.2,-79.73,-1.5
57365,3,-2456,616,15232,2741,-11168,611,20.91,-85.21,4.66
57377,3,-1548,860,15480,2653,-10895,1137,20.24,-83.12,8.67
57389,3,-564,716,15952,2328,-10867,1271,17.76,-82.91,9.7
57401,3,236,632,16456,2135,-10347,1262,16.29,-78.94,9.63
57413,3,1180,568,17212,1989,-9480,1055,15.17,-72.33,8.05
57425,3,1872,528,17848,2124,-9047,703,16.2,-69.02,5.36
57437,3,1776,704,17860,2432,-8852,470,18.55,-67.54,3.59
57449,3,1644,684,17648,2764,-8225,625,21.09,-62.75,4.77
57482,3,1888,1200,15788,3719,-6286,1357,28.37,-47.96,10.35
57494,3,2176,1152,15324,2694,-5796,1253,20.55,-44.22,9.56
57506,3,1876,1244,14980,2222,-5499,1281,16.95,-41.95,9.77
57518,3,1548,1360,14760,1878,-5759,1508,14.33,-43.94,11.51
57530,3,1432,1436,14860,1612,-6056,1761,12.3,-46.2,13.44
57542,3,1780,1624,14812,1480,-6411,1942,11.29,-48.91,14.82
57554,3,2156,1728,14628,1296,-6377,1899,9.89,-48.65,14.49
57566,3,2124,1708,14520,817,-6839,1910,6.23,-52.18,14.57
57578,3,1920,1604,14600,284,-6902,1967,2.17,-52.66,15.01
57611,3,988,1360,14204,-1622,-6470,2130,-12.37,-49.36,16.25
57623,3,356,1316,13892,-2643,-6211,2702,-20.16,-47.39,20.61
57635,3,76,1376,13564,-3669,-5809,3599,-27.99,-44.32,27.46
57647,3,308,1408,13392,-4552,-5708,5001,-34.73,-43.55,38.15
57659,3,1396,1016,13648,-5361,-6066,6515,-40.9,-46.28,49.71
57671,3,3280,804,14760,-5662,-6812,7702,-43.2,-51.97,58.76
57683,3,5344,292,15572,-5289,-7452,7821,-40.35,-56.85,59.67
57695,3,7188,104,16404,-5069,-7328,7586,-38.67,-55.91,57.88
57707,3,8500,4,16676,-4250,-9481,6769,-32.42,-72.33,51.64
57740,3,8296,-404,15964,-2617,-4682,4936,-19.97,-35.72,37.66
57752,3,7484,-524,15592,-2671,-3319,4859,-20.38,-25.32,37.07
57764,3,7388,-788,15492,-2354,-2045,4629,-17.96,-15.6,35.32
57776,3,8076,-816,15612,-2345,-1593,3960,-17.89,-12.15,30.21
57788,3,8164,-896,15580,-2171,-1520,2789,-16.56,-11.6,21.28
57800,3,7496,-976,15804,-2327,-1069,1999,-17.75,-8.16,15.25
57812,3,6880,-1044,16504,-1668,-1081,1417,-12.73,-8.25,10.81
57824,3,6484,-1232,16344,-1239,-323,892,-9.45,-2.46,6.81
57836,3,6024,-1296,16444,-960,-584,564,-7.32,-4.46,4.3
57869,3,5172,-1452,16016,21,-1304,743,0.16,-9.95,5.67
57881,3,5568,-1252,15724,71,-939,1048,0.54,-7.16,8
57893,3,5916,-1088,15488,184,-741,1107,1.4,-5.65,8.45
57905,3,6216,-1016,15144,8,-280,910,0.06,-2.14,6.94
57917,3,6368,-980,14916,-117,-19,655,-0.89,-0.14,5
57929,3,6028,-952,14728,-247,10,594,-1.88,0.08,4.53
57941,3,5804,-1076,14888,-258,309,661,-1.97,2.36,5.04
57953,3,5916,-1024,15176,25,222,730,0.19,1.69,5.57
57965,3,5944,-1216,15116,326,66,706,2.49,0.5,5.39
57998,3,6444,-1232,15048,179,151,395,1.37,1.15,3.01
58010,3,6852,-1084,15060,468,475,-22,3.57,3.62,-0.17
58022,3,6392,-1208,15452,151,335,-65,1.15,2.56,-0.5
58034,3,6104,-1352,15440,366,953,-154,2.79,7.27,-1.17
58046,3,5848,-1144,15108,456,941,-188,3.48,7.18,-1.43
58058,3,5788,-1220,15112,571,957,-161,4.36,7.3,-1.23
58070,3,5620,-1052,15112,632,869,-173,4.82,6.63,-1.32
58082,3,5468,-1232,15132,582,1039,-93,4.44,7.93,-0.71
58094,3,5528,-1188,15240,541,781,-93,4.13,5.96,-0.71
58127,3,5488,-1216,15036,390,1003,139,2.98,7.65,1.06
58139,3,5672,-1164,15200,364,1213,353,2.78,9.25,2.69
58151,3,5760,-1172,15204,374,1368,373,2.85,10.44,2.85
58163,3,5780,-1148,15076,374,1570,350,2.85,11.98,2.67
58175,3,5828,-1096,14884,332,1082,155,2.53,8.26,1.18
58187,3,5972,-1088,15012,269,656,10,2.05,5,0.08
58199,3,6036,-1068,15280,301,768,-128,2.3,5.86,-0.98
58211,3,6048,-1140,15180,167,1159,-153,1.27,8.84,-1.17
58223,3,6016,-1260,15124,22,1748,-184,0.17,13.34,-1.4
58256,3,5244,-1220,15032,96,2445,-452,0.73,18.65,-3.45
58268,3,5276,-1264,15348,5,2169,-457,0.04,16.55,-3.49
58280,3,5660,-1244,15436,-18,2122,-732,-0.14,16.19,-5.58
58292,3,5792,-1208,15544,-50,1856,-1081,-0.38,14.16,-8.25
58304,3,5916,-1248,15692,-222,2075,-1346,-1.69,15.83,-10.27
58316,3,6776,-1184,16176,-160,2955,-1958,-1.22,22.54,-14.94
58328,3,6356,-1440,15532,-227,3662,-2502,-1.73,27.94,-19.09
58340,3,6116,-1444,15852,-1080,3904,-2894,-8.24,29.79,-22.08
58352,3,6056,-1412,16180,-540,4353,-3304,-4.12,33.21,-25.21
58385,3,4692,-1460,15696,-204,4733,-3659,-1.56,36.11,-27.92
58397,3,4352,-1196,16080,292,4102,-3456,2.23,31.3,-26.37
58409,3,4080,-1144,15584,737,4167,-3248,5.62,31.79,-24.78
58421,3,4248,-1048,14924,365,4842,-3174,2.78,36.94,-24.22
58433,3,4176,-1024,14824,-267,5021,-3162,-2.04,38.31,-24.12
58445,3,4272,-1032,14924,-781,5242,-3083,-5.96,39.99,-23.52
58457,3,3856,-1044,15192,-846,5594,-3043,-6.45,42.68,-23.22
58469,3,3732,-936,15192,-773,5295,-2868,-5.9,40.4,-21.88
58481,3,3444,-1052,15108,-809,4839,-2775,-6.17,36.92,-21.17
58514,3,3424,-1144,14964,-1268,4550,-2568,-9.67,34.71,-19.59
58526,3,3424,-1040,15100,-1517,4872,-2578,-11.57,37.17,-19.67
58538,3,3224,-1136,15340,-1653,4773,-2457,-12.61,36.42,-18.75
58550,3,3324,-1188,15812,-1568,4671,-2438,-11.96,35.64,-18.6
58562,3,3348,-1352,15796,-1462,4755,-2487,-11.15,36.28,-18.97
58574,3,3012,-1384,15472,-1557,4898,-2445,-11.88,37.37,-18.65
58586,3,2648,-1456,15224,-1841,4893,-2327,-14.05,37.33,-17.75
58598,3,2100,-1564,15288,-2003,4747,-2072,-15.28,36.22,-15.81
58610,3,2052,-1784,15564,-2209,4538,-1949,-16.85,34.62,-14.87
58643,3,2204,-1940,16028,-2090,3321,-2288,-15.95,25.34,-17.46
58655,3,2388,-1960,16244,-2090,3369,-2253,-15.95,25.7,-17.19
58667,3,2572,-2528,16552,-2553,3672,-1959,-19.48,28.02,-14.95
58679,3,2340,-2080,16240,-2144,4158,-2106,-16.36,31.72,-16.07
58691,3,2004,-2164,15880,-2580,4436,-1934,-19.68,33.84,-14.76
58703,3,1780,-1700,15740,-3599,4415,-1880,-27.46,33.68,-14.34
58715,3,1488,-2460,15848,-3298,5003,-1684,-25.16,38.17,-12.85
58727,3,1500,-2892,15560,-3789,4782,-1772,-28.91,36.48,-13.52
58739,3,1200,-2232,15292,-3645,3903,-1663,-27.81,29.78,-12.69
58772,3,996,-2700,15140,-4402,2480,-1454,-33.58,18.92,-11.09
58784,3,1364,-3000,15812,-4736,2086,-1500,-36.13,15.91,-11.44
58796,3,1284,-2732,15680,-4404,2205,-1377,-33.6,16.82,-10.51
58808,3,1100,-2848,15924,-4247,2541,-1206,-32.4,19.39,-9.2
58820,3,944,-3088,16028,-3933,2330,-935,-30.01,17.78,-7.13
58832,3,1032,-3088,15820,-3688,2340,-721,-28.14,17.85,-5.5
58844,3,1012,-3180,15632,-3620,2376,-564,-27.62,18.13,-4.3
58856,3,948,-3304,15232,-3798,2411,-445,-28.98,18.39,-3.4
58868,3,740,-3548,15108,-4145,2191,-432,-31.62,16.72,-3.3
58901,3,1232,-4000,14452,-5946,1339,-574,-45.36,10.22,-4.38
58913,3,1124,-4056,14408,-6963,1329,-623,-53.12,10.14,-4.75
58925,3,1024,-4160,14356,-7896,1676,-536,-60.24,12.79,-4.09
58937,3,900,-4460,14224,-8887,1754,-454,-67.8,13.38,-3.46
58949,3,872,-4784,14328,-9730,1582,-432,-74.23,12.07,-3.3
58961,3,1012,-5016,14520,-10485,1597,-463,-79.99,12.18,-3.53
58973,3,856,-5360,14528,-10940,1515,-510,-83.47,11.56,-3.89
58985,3,796,-5564,14612,-11399,1243,-430,-86.97,9.48,-3.28
58997,3,696,-5868,14872,-11458,941,-348,-87.42,7.18,-2.66
59030,3,772,-6832,14692,-10947,1304,-501,-83.52,9.95,-3.82
59042,3,632,-7020,14620,-10858,1332,-500,-82.84,10.16,-3.81
59054,3,552,-7308,14592,-10773,1345,-492,-82.19,10.26,-3.75
59066,3,656,-7556,14524,-10993,1191,-494,-83.87,9.09,-3.77
59078,3,756,-7640,14264,-10555,1573,-166,-80.53,12,-1.27
59090,3,804,-7960,13956,-10494,1791,-187,-80.06,13.66,-1.43
59102,3,996,-8192,13816,-10542,1726,-349,-80.43,13.17,-2.66
59114,3,888,-8496,13660,-10486,1398,-496,-80,10.67,-3.78
59126,3,904,-8644,13628,-10317,1373,-763,-78.71,10.48,-5.82
59159,3,384,-9496,13392,-8981,1709,-794,-68.52,13.04,-6.06
59171,3,236,-9536,13592,-8487,1823,-518,-64.75,13.91,-3.95
59183,3,272,-9704,13584,-7851,1862,-257,-59.9,14.21,-1.96
59195,3,588,-9828,13364,-7122,1889,-99,-54.34,14.41,-0.76
59207,3,916,-9880,13188,-6505,2010,-282,-49.63,15.34,-2.15
59219,3,748,-9992,12864,-5980,1910,-383,-45.62,14.57,-2.92
59231,3,412,-10132,12832,-5545,1598,-504,-42.3,12.19,-3.85
59243,3,344,-10364,12576,-5128,1460,-471,-39.12,11.14,-3.59
59255,3,460,-10488,12432,-4906,1410,-550,-37.43,10.76,-4.2
59288,3,288,-10784,12116,-4048,1049,-883,-30.88,8,-6.74
59300,3,284,-10720,12236,-3792,1052,-795,-28.93,8.03,-6.07
59312,3,136,-10792,12100,-3503,1004,-669,-26.73,7.66,-5.1
59324,3,252,-10844,11944,-3323,879,-453,-25.35,6.71,-3.46
59336,3,360,-10944,11660,-3238,1001,-400,-24.7,7.64,-3.05
59348,3,676,-11088,11972,-3793,800,-686,-28.94,6.1,-5.23
59360,3,380,-10996,11648,-2843,1180,-387,-21.69,9,-2.95
59372,3,388,-11152,11408,-3037,1433,-459,-23.17,10.93,-3.5
59384,3,556,-11276,11216,-3136,1343,-511,-23.93,10.25,-3.9
59417,3,132,-11276,10740,-4100,912,-654,-31.28,6.96,-4.99
59429,3,200,-11396,10896,-4192,1089,-474,-31.98,8.31,-3.62
59441,3,228,-11872,11216,-4413,786,-557,-33.67,6,-4.25
59453,3,256,-11536,11092,-3810,764,-302,-29.07,5.83,-2.3
59465,3,544,-11632,10992,-3705,1066,-437,-28.27,8.13,-3.33
59477,3,636,-11828,10976,-3555,1044,-571,-27.12,7.97,-4.36
59489,3,536,-11688,10884,-3972,737,-899,-30.3,5.62,-6.86
59501,3,116,-11932,10556,-3650,1031,-620,-27.85,7.87,-4.73
59513,3,268,-11948,10268,-4734,887,-674,-36.12,6.77,-5.14
59546,3,236,-12248,9928,-4835,919,-159,-36.89,7.01,-1.21
59558,3,464,-12260,10008,-4942,950,-189,-37.7,7.25,-1.44
59570,3,480,-12164,10080,-4888,840,-304,-37.29,6.41,-2.32
59582,3,340,-12380,10404,-4313,1136,-313,-32.91,8.67,-2.39
59594,3,256,-12460,10408,-3529,1188,-205,-26.92,9.06,-1.56
59606,3,444,-12556,10292,-2938,993,-135,-22.42,7.58,-1.03
59618,3,476,-12688,10196,-2396,934,-211,-18.28,7.13,-1.61
59630,3,316,-12748,10020,-1771,845,-285,-13.51,6.45,-2.17
59642,3,160,-12692,10016,-1229,596,-227,-9.38,4.55,-1.73
59675,3,-20,-12744,9440,-21,408,250,-0.16,3.11,1.91
59687,3,116,-12736,9416,-63,662,588,-0.48,5.05,4.49
59699,3,432,-12656,9332,-158,888,612,-1.21,6.77,4.67
59711,3,556,-12608,9392,-257,792,398,-1.96,6.04,3.04
59723,3,548,-12644,9584,-40,555,108,-0.31,4.23,0.82
59735,3,316,-12696,9888,361,450,-83,2.75,3.43,-0.63
59747,3,232,-12784,9768,765,215,-202,5.84,1.64,-1.54
59759,3,144,-12800,9704,979,44,-139,7.47,0.34,-1.06
59771,3,8,-12840,9476,1073,187,68,8.19,1.43,0.52
59804,3,348,-12768,9516,1075,387,227,8.2,2.95,1.73
59816,3,344,-12632,9652,1164,317,111,8.88,2.42,0.85
59828,3,16,-12608,9644,1227,175,222,9.36,1.34,1.69
59840,3,152,-12628,9648,1322,155,410,10.09,1.18,3.13
59852,3,380,-12624,9644,1328,168,388,10.13,1.28,2.96
59864,3,452,-12584,9548,1216,489,296,9.28,3.73,2.26
59876,3,336,-12560,9640,1219,443,186,9.3,3.38,1.42
59888,3,160,-12580,10056,1559,19,105,11.89,0.14,0.8
59900,3,136,-12548,10140,2046,-192,70,15.61,-1.46,0.53
59933,3,60,-12728,9560,2280,-87,69,17.4,-0.66,0.53
59945,3,12,-12500,9584,2014,104,270,15.37,0.79,2.06
59957,3,-24,-12540,9492,1691,346,490,12.9,2.64,3.74
59969,3,316,-12364,9536,1356,597,541,10.35,4.55,4.13
59981,3,532,-12268,9640,1080,671,272,8.24,5.12,2.08
59993,3,604,-12220,9788,1004,497,-117,7.66,3.79,-0.89
60005,3,500,-12280,10212,1198,282,-343,9.14,2.15,-2.62
60017,3,340,-12288,10624,1715,55,-416,13.08,0.42,-3.17
60029,3,52,-12336,10472,2197,117,-288,16.76,0.89,-2.2
60062,3,-152,-12552,9916,2272,-57,362,17.33,-0.43,2.76
60074,3,104,-12336,10436,2352,-11,555,17.94,-0.08,4.23
60086,3,364,-12256,10824,2847,112,478,21.72,0.85,3.65
60098,3,340,-12180,11048,3501,105,280,26.71,0.8,2.14
60110,3,240,-12200,10824,4045,190,252,30.86,1.45,1.92
60122,3,464,-12020,10480,4186,188,82,31.94,1.43,0.63
60134,3,336,-11988,10216,4059,146,20,30.97,1.11,0.15
60146,3,292,-11832,10344,3755,298,86,28.65,2.27,0.66
60158,3,276,-11776,10624,3726,165,195,28.43,1.26,1.49
60191,3,16,-11584,10828,3988,457,349,30.43,3.49,2.66
60203,3,112,-11436,11488,4605,704,331,35.13,5.37,2.53
60215,3,152,-11268,12496,5989,689,423,45.69,5.26,3.23
60227,3,140,-11448,13428,7993,753,461,60.98,5.74,3.52
60239,3,232,-11416,13480,10096,1582,492,77.03,12.07,3.75
60251,3,216,-11512,13036,11669,1930,543,89.03,14.72,4.14
60263,3,-16,-11472,12028,12190,1847,574,93,14.09,4.38
60275,3,40,-11216,11160,11554,1712,545,88.15,13.06,4.16
60287,3,84,-10924,10884,10379,962,487,79.19,7.34,3.72
60320,3,-288,-9952,11152,7004,385,222,53.44,2.94,1.69
60332,3,-272,-9624,11756,6434,302,246,49.09,2.3,1.88
60344,3,-188,-9400,12924,6789,291,370,51.8,2.22,2.82
60356,3,-216,-9212,13452,7998,939,461,61.02,7.16,3.52
60368,3,-200,-9612,13356,8376,912,234,63.9,6.96,1.79
60380,3,-292,-9340,12724,8264,427,317,63.05,3.26,2.42
60392,3,-88,-9316,12132,7292,527,298,55.63,4.02,2.27
60404,3,140,-9036,12184,6112,415,207,46.63,3.17,1.58
60416,3,160,-8856,12424,5033,155,107,38.4,1.18,0.82
60449,3,-244,-8720,13680,4543,-136,76,34.66,-1.04,0.58
60461,3,-120,-8488,13480,4605,-10,100,35.13,-0.08,0.76
60473,3,-52,-8336,13352,4471,124,42,34.11,0.95,0.32
60485,3,-44,-8256,13372,4301,215,-58,32.81,1.64,-0.44
60497,3,-76,-8176,13820,4357,599,-47,33.24,4.57,-0.36
60509,3,-196,-8176,13788,4517,756,-97,34.46,5.77,-0.74
60521,3,-220,-8096,13708,4556,320,66,34.76,2.44,0.5
60533,3,-332,-7972,13756,4413,326,114,33.67,2.49,0.87
60545,3,-236,-7948,13824,4311,501,153,32.89,3.82,1.17
60578,3,-84,-7748,14144,4007,358,77,30.57,2.73,0.59
60590,3,8,-7532,14768,4517,435,99,34.46,3.32,0.76
60602,3,64,-7452,14608,4966,760,-9,37.89,5.8,-0.07
60614,3,-4,-7316,14808,5476,924,-82,41.78,7.05,-0.63
60626,3,-124,-7300,14684,5749,968,-51,43.86,7.39,-0.39
60638,3,-72,-7132,14604,6047,725,-84,46.13,5.53,-0.64
60650,3,-72,-6996,14736,6289,575,-73,47.98,4.39,-0.56
60662,3,76,-6824,15428,7010,410,-160,53.48,3.13,-1.22
60674,3,-140,-6684,15712,8075,1223,-163,61.61,9.33,-1.24
60707,3,-452,-6304,14152,9253,1182,-206,70.59,9.02,-1.57
60719,3,-544,-5972,13940,8341,655,-116,63.64,5,-0.89
60731,3,-404,-5728,14192,7535,154,-103,57.49,1.17,-0.79
60743,3,-376,-5324,15452,7801,-69,-67,59.52,-0.53,-0.51
60755,3,-268,-5156,15788,8751,96,-132,66.76,0.73,-1.01
60767,3,-404,-5096,15604,9483,-52,-93,72.35,-0.4,-0.71
60779,3,-224,-5012,15552,9905,-367,17,75.57,-2.8,0.13
60791,3,-232,-4700,15144,9687,-75,40,73.91,-0.57,0.31
60803,3,-188,-4492,15080,9127,540,96,69.63,4.12,0.73
60836,3,-512,-3168,15060,7961,1012,334,60.74,7.72,2.55
60848,3,-488,-3796,15448,7467,1042,357,56.97,7.95,2.72
60860,3,-320,-3448,15708,7645,244,378,58.33,1.86,2.88
60872,3,-444,-3392,15768,7945,528,384,60.62,4.03,2.93
60884,3,-360,-3168,15904,7954,276,383,60.68,2.11,2.92
60896,3,-348,-2924,16024,8261,441,360,63.03,3.36,2.75
60908,3,-212,-2768,15792,8210,927,178,62.64,7.07,1.36
60920,3,-312,-1656,16060,8589,811,260,65.53,6.19,1.98
60932,3,-260,-2368,16440,9269,929,282,70.72,7.09,2.15
60965,3,-764,-1504,15496,10201,1098,414,77.83,8.38,3.16
60977,3,-408,-1076,15852,10603,1197,438,80.89,9.13,3.34
60989,3,-456,-872,15896,11344,1370,259,86.55,10.45,1.98
61001,3,-488,-716,15664,11676,1431,137,89.08,10.92,1.05
61013,3,-672,-560,15388,11356,1145,75,86.64,8.74,0.57
61025,3,-712,-156,15708,11623,514,98,88.68,3.92,0.75
61037,3,-848,448,15880,12059,495,170,92,3.78,1.3
61049,3,-1180,1216,15864,13299,344,339,101.46,2.62,2.59
61061,3,-1452,728,15024,16103,-269,233,122.86,-2.05,1.78
61094,3,180,1536,15484,15052,159,21,114.84,1.21,0.16
61106,3,292,2064,15352,13796,184,-143,105.26,1.4,-1.09
61118,3,88,2664,14948,13285,491,-368,101.36,3.75,-2.81
61130,3,-408,2864,14948,13290,634,-426,101.39,4.84,-3.25
61142,3,-696,3180,16036,13012,960,-172,99.27,7.32,-1.31
61154,3,-688,3324,16048,12374,1097,-63,94.41,8.37,-0.48
61166,3,-800,3336,15672,11180,913,79,85.3,6.97,0.6
61178,3,-736,3764,15396,9680,746,58,73.85,5.69,0.44
61190,3,-752,4060,15456,8415,458,114,64.2,3.49,0.87
61223,3,-520,4712,16104,6152,491,197,46.94,3.75,1.5
61235,3,-580,5036,15776,6766,903,161,51.62,6.89,1.23
61247,3,-788,5128,15336,6921,1208,167,52.8,9.22,1.27
61259,3,-860,5256,14892,7024,1511,144,53.59,11.53,1.1
61271,3,-712,5500,15200,7601,907,327,57.99,6.92,2.49
61283,3,-812,5668,14872,8198,72,510,62.55,0.55,3.89
61295,3,-696,5792,14812,8789,-157,630,67.05,-1.2,4.81
61307,3,-356,6020,14644,8957,-485,776,68.34,-3.7,5.92
61319,3,-244,6388,14800,10109,-782,752,77.13,-5.97,5.74
61352,3,-1468,6908,15120,12249,-2552,1590,93.45,-19.47,12.13
61364,3,-420,5888,18312,9255,-4206,3182,70.61,-32.09,24.28
61376,3,-824,7392,14876,9998,-2941,2615,76.28,-22.44,19.95
61388,3,148,7408,14444,9680,349,1754,73.85,2.66,13.38
61400,3,732,7748,13284,10084,1717,806,76.93,13.1,6.15
61412,3,180,7956,12732,10593,1262,264,80.82,9.63,2.01
61424,3,-344,8080,13172,9819,1852,-74,74.91,14.13,-0.56
61436,3,-720,8484,13856,10175,1807,-173,77.63,13.79,-1.32
61448,3,-1080,8300,13652,9938,2263,144,75.82,17.27,1.1
61481,3,-900,8944,12636,8883,1311,1076,67.77,10,8.21
61493,3,-696,9304,12844,8632,963,1308,65.86,7.35,9.98
61505,3,-460,9496,13212,8246,1724,1207,62.91,13.15,9.21
61517,3,-364,9796,12700,6680,2531,1028,50.96,19.31,7.84
61529,3,72,9832,12856,7131,2270,831,54.41,17.32,6.34
61541,3,416,10364,12864,7164,2226,282,54.66,16.98,2.15
61553,3,-132,10288,12688,6050,2675,-18,46.16,20.41,-0.14
61565,3,148,10232,12492,5005,1914,-146,38.19,14.6,-1.11
61577,3,76,10252,12188,4046,1193,-60,30.87,9.1,-0.46
61610,3,-204,10756,12516,3563,1267,-890,27.18,9.67,-6.79
61622,3,-436,10772,12576,4083,1507,-1010,31.15,11.5,-7.71
61634,3,-708,10740,11940,3160,2258,-1258,24.11,17.23,-9.6
61646,3,-704,10520,11952,2398,2333,-1421,18.3,17.8,-10.84
61658,3,-612,10872,11948,2620,1665,-1395,19.99,12.7,-10.64
61670,3,-1000,10768,11548,1857,1715,-1380,14.17,13.08,-10.53
61682,3,-1356,10768,12032,1786,1704,-1222,13.63,13,-9.32
61694,3,-1096,11080,12168,1879,1208,-1085,14.34,9.22,-8.28
61706,3,-1272,11252,12428,1755,1583,-1090,13.39,12.08,-8.32
61739,3,-1588,11296,12404,610,1937,-1258,4.65,14.78,-9.6
61751,3,-1304,11500,12728,893,1904,-1324,6.81,14.53,-10.1
61763,3,-1632,11416,12552,839,1508,-1046,6.4,11.51,-7.98
61775,3,-1584,11692,13124,1188,1332,-929,9.06,10.16,-7.09
61787,3,-1404,11860,13080,1382,836,-722,10.54,6.38,-5.51
61799,3,-1404,11996,13144,1336,503,-613,10.19,3.84,-4.68
61811,3,-1444,11712,12680,1069,446,-655,8.16,3.4,-5
61823,3,-1564,11532,12568,1071,353,-561,8.17,2.69,-4.28
61835,3,-1712,11316,12256,1098,582,-531,8.38,4.44,-4.05
61868,3,-1808,11132,11848,1285,697,-511,9.8,5.32,-3.9
61880,3,-1732,11148,11828,1329,682,-404,10.14,5.2,-3.08
61892,3,-1620,10988,11528,1446,652,-339,11.03,4.97,-2.59
61904,3,-1384,11240,11688,1372,560,-356,10.47,4.27,-2.72
61916,3,-1356,11340,11840,1161,601,-484,8.86,4.59,-3.69
61928,3,-1496,11424,11944,812,327,-311,6.2,2.49,-2.37
61940,3,-1668,11392,11888,960,243,-162,7.32,1.85,-1.24
61952,3,-1672,11420,12012,921,260,-132,7.03,1.98,-1.01
61964,3,-1636,11496,12044,708,426,-172,5.4,3.25,-1.31
61997,3,-1528,11484,11920,-57,292,-165,-0.43,2.23,-1.26
62009,3,-1496,11648,12108,-292,446,-150,-2.23,3.4,-1.14
62021,3,-1692,11412,12052,-428,498,-159,-3.27,3.8,-1.21
62033,3,-1744,11244,11868,-689,506,-158,-5.26,3.86,-1.21
62045,3,-1716,11256,11892,-768,750,-262,-5.86,5.72,-2
62057,3,-1660,11248,11848,-1012,377,-194,-7.72,2.88,-1.48
62069,3,-1388,11240,12000,-1276,-24,-117,-9.74,-0.18,-0.89
62081,3,-1256,11500,12276,-807,-373,-195,-6.16,-2.85,-1.49
62093,3,-1664,11464,12360,-1699,-514,-8,-12.96,-3.92,-0.06
62126,3,-2236,11736,12956,-1352,-1663,1203,-10.31,-12.69,9.18
62138,3,-2384,11704,12992,-1675,-1958,1884,-12.78,-14.94,14.37
62150,3,-2604,11712,13064,-2025,-2538,2559,-15.45,-19.36,19.52
62162,3,-2792,11428,13032,-2917,-2973,3203,-22.25,-22.68,24.44
62174,3,-3108,11080,13156,-4561,-3310,3909,-34.8,-25.25,29.82
62186,3,-2388,10736,13088,-5718,-3428,4484,-43.62,-26.15,34.21
62198,3,-1480,10412,12152,-6464,-3223,4639,-49.32,-24.59,35.39
62210,3,-924,9400,11912,-9260,-3125,4646,-70.65,-23.84,35.45
62222,3,-504,9044,10876,-12383,-2370,4124,-94.47,-18.08,31.46
62255,3,876,8264,11804,-15025,-3240,2507,-114.63,-24.72,19.13
62267,3,992,8216,12176,-15584,-3388,2018,-118.9,-25.85,15.4
62279,3,1012,8008,12444,-16007,-3812,1442,-122.12,-29.08,11
62291,3,848,8040,13900,-15871,-3674,1074,-121.09,-28.03,8.19
62303,3,1064,8036,14736,-14947,-1878,407,-114.04,-14.33,3.11
62315,3,1152,7628,14204,-14453,-1326,54,-110.27,-10.12,0.41
62327,3,924,7228,13940,-14309,-840,-323,-109.17,-6.41,-2.46
62339,3,732,6632,13704,-14819,-555,-534,-113.06,-4.23,-4.07
62351,3,660,5916,13540,-16318,-925,-697,-124.5,-7.06,-5.32
62384,3,816,5436,15728,-16498,948,-2175,-125.87,7.23,-16.59
62396,3,576,5156,16892,-14970,1901,-2556,-114.21,14.5,-19.5
62408,3,140,5028,17184,-13297,1976,-2603,-101.45,15.08,-19.86
62420,3,-332,4740,16800,-10955,1036,-2257,-83.58,7.9,-17.22
62432,3,-936,3972,16160,-9663,219,-1575,-73.72,1.67,-12.02
62444,3,-952,3592,15848,-9219,-653,-931,-70.34,-4.98,-7.1
62456,3,-544,3240,15580,-9222,-1558,-452,-70.36,-11.89,-3.45
62468,3,-188,2792,15316,-9856,-3107,-107,-75.2,-23.7,-0.82
62480,3,64,2752,15920,-10407,-4914,298,-79.4,-37.49,2.27
62513,3,360,2036,16556,-9533,-5903,431,-72.73,-45.04,3.29
62525,3,672,2132,17160,-9215,-5612,690,-70.3,-42.82,5.26
62537,3,696,1972,17092,-8351,-4395,661,-63.71,-33.53,5.04
62549,3,832,1568,16612,-7837,-4160,899,-59.79,-31.74,6.86
62561,3,1052,1352,16364,-7486,-4245,944,-57.11,-32.39,7.2
62573,3,1180,1340,16280,-6870,-3590,872,-52.41,-27.39,6.65
62585,3,1684,924,16372,-6602,-3385,690,-50.37,-25.83,5.26
62597,3,1928,772,16272,-6426,-4606,500,-49.03,-35.14,3.81
62609,3,1820,552,16324,-5982,-4808,153,-45.64,-36.68,1.17
62642,3,2004,-140,15864,-7398,-5584,-145,-56.44,-42.6,-1.11
62654,3,2208,-104,16300,-7360,-5578,-114,-56.15,-42.56,-0.87
62666,3,2392,-100,16636,-6334,-5442,-255,-48.32,-41.52,-1.95
62678,3,2436,-300,16836,-5192,-5559,-385,-39.61,-42.41,-2.94
62690,3,2140,-636,16752,-4111,-5760,-397,-31.36,-43.95,-3.03
62702,3,2180,-604,17056,-3140,-6013,-165,-23.96,-45.88,-1.26
62714,3,2420,-568,17004,-1837,-5863,22,-14.02,-44.73,0.17
62726,3,2892,-616,16888,-689,-5996,142,-5.26,-45.75,1.08
62738,3,3088,-600,16688,329,-5875,394,2.51,-44.82,3.01
62771,3,3416,-732,15236,808,-4387,805,6.16,-33.47,6.14
62783,3,3836,-492,15252,1018,-4095,765,7.77,-31.24,5.84
62795,3,4308,-448,15136,1156,-4019,553,8.82,-30.66,4.22
62807,3,4348,-316,14904,1233,-4166,289,9.41,-31.78,2.2
62819,3,4200,-300,14828,1378,-4205,154,10.51,-32.08,1.17
62831,3,4256,-280,14868,1417,-3767,206,10.81,-28.74,1.57
62843,3,4296,-200,14948,1340,-3329,258,10.22,-25.4,1.97
62855,3,4392,-172,15176,1463,-3440,398,11.16,-26.25,3.04
62867,3,4168,-240,14976,1702,-3262,455,12.99,-24.89,3.47
62901,3,4296,-396,14236,1383,-3645,917,10.55,-27.81,7
62913,3,4896,-200,14532,986,-3457,905,7.52,-26.37,6.9
62925,3,5008,44,14772,1220,-4080,808,9.31,-31.13,6.16
62937,3,4976,-100,15100,1670,-4515,671,12.74,-34.45,5.12
62949,3,4704,-188,15144,2012,-4440,918,15.35,-33.87,7
62961,3,4796,-408,15024,1720,-3842,1245,13.12,-29.31,9.5
62973,3,5268,-460,15048,1205,-3313,1438,9.19,-25.28,10.97
62985,3,5500,-232,15096,1122,-3547,1384,8.56,-27.06,10.56
62997,3,5144,-368,14920,1321,-4417,1772,10.08,-33.7,13.52
63030,3,5944,-160,14424,981,-4239,1854,7.48,-32.34,14.14
63042,3,6584,-240,14364,974,-4486,1630,7.43,-34.23,12.44
63054,3,6836,-328,14444,793,-4702,1253,6.05,-35.87,9.56
63066,3,6848,-464,15068,6,-4220,942,0.05,-32.2,7.19
63078,3,6492,-532,15080,88,-4139,736,0.67,-31.58,5.62
63090,3,6428,-644,15464,-354,-3839,808,-2.7,-29.29,6.16
63102,3,6504,-620,15428,-621,-3206,734,-4.74,-24.46,5.6
63114,3,7184,-536,15440,-847,-2924,635,-6.46,-22.31,4.84
63126,3,6508,-684,14836,-1197,-2488,718,-9.13,-18.98,5.48
63159,3,6644,-832,14396,-2306,-982,979,-17.59,-7.49,7.47
63171,3,6836,-956,14268,-3209,-547,1156,-24.48,-4.17,8.82
63183,3,6928,-1032,13632,-4546,-372,1146,-34.68,-2.84,8.74
63195,3,7232,-1208,13612,-6310,-269,876,-48.14,-2.05,6.68
63207,3,7204,-1156,13980,-7813,-433,430,-59.61,-3.3,3.28
63219,3,6596,-1308,14468,-7956,-957,419,-60.7,-7.3,3.2
63231,3,6648,-1220,15168,-7102,-1221,577,-54.18,-9.32,4.4
63243,3,6840,-1296,15692,-5343,-1114,453,-40.76,-8.5,3.46
63255,3,6900,-1660,15584,-4330,-1322,659,-33.04,-10.09,5.03
63288,3,6820,-2248,14720,-2688,-1048,738,-20.51,-8,5.63
63300,3,7036,-2116,14680,-2091,-1240,785,-15.95,-9.46,5.99
63312,3,7100,-2328,14724,-2046,-950,686,-15.61,-7.25,5.23
63324,3,7372,-2308,14908,-1925,-428,610,-14.69,-3.27,4.65
63336,3,7388,-2364,14600,-1340,-885,519,-10.22,-6.75,3.96
63348,3,7176,-2420,14684,-1147,-1176,530,-8.75,-8.97,4.04
63360,3,7164,-2444,14736,-1093,-786,593,-8.34,-6,4.52
63372,3,7244,-2460,14508,-860,-577,682,-6.56,-4.4,5.2
63384,3,7500,-2384,14684,-493,-743,696,-3.76,-5.67,5.31
63417,3,7024,-2700,14204,-8,-446,630,-0.06,-3.4,4.81
63429,3,7108,-2672,14324,-12,-204,776,-0.09,-1.56,5.92
63441,3,7472,-2576,14488,46,-41,890,0.35,-0.31,6.79
63453,3,8108,-2452,14628,201,-108,706,1.53,-0.82,5.39
63465,3,7820,-2800,14312,39,-749,449,0.3,-5.71,3.43
63477,3,7648,-2664,14468,-149,-1181,221,-1.14,-9.01,1.69
63489,3,7084,-2668,14360,-139,-951,216,-1.06,-7.26,1.65
63501,3,6900,-2580,14316,184,-782,348,1.4,-5.97,2.66
63513,3,6976,-2788,14392,369,-638,713,2.82,-4.87,5.44
63546,3,7080,-2672,13856,283,-784,734,2.16,-5.98,5.6
63558,3,6868,-2656,13692,333,-465,842,2.54,-3.55,6.42
63570,3,7328,-2680,13920,145,-446,899,1.11,-3.4,6.86
63582,3,7632,-2656,14072,29,-507,776,0.22,-3.87,5.92
63594,3,7756,-2688,13972,158,-690,610,1.21,-5.26,4.65
63606,3,7664,-2628,14064,-45,-666,571,-0.34,-5.08,4.36
63618,3,7784,-2616,14340,225,-1161,599,1.72,-8.86,4.57
63630,3,7780,-2664,14428,689,-1594,543,5.26,-12.16,4.14
63642,3,7564,-2968,14492,522,-1498,501,3.98,-11.43,3.82
63675,3,7676,-3064,14504,38,-379,734,0.29,-2.89,5.6
63687,3,7564,-2852,14232,45,363,740,0.34,2.77,5.65
63699,3,7672,-2932,14024,15,953,651,0.11,7.27,4.97
63711,3,7700,-2992,13992,-408,1178,588,-3.11,8.99,4.49
63723,3,7844,-2836,14160,-539,1217,426,-4.11,9.28,3.25
63735,3,7836,-2808,14040,-171,854,192,-1.3,6.52,1.46
63747,3,7648,-2900,13880,-640,915,112,-4.88,6.98,0.85
63759,3,7536,-2976,13976,-588,398,259,-4.49,3.04,1.98
63771,3,7368,-2976,14100,-814,490,452,-6.21,3.74,3.45
63804,3,7628,-3064,13992,-643,1845,264,-4.91,14.08,2.01
63816,3,7740,-2968,14068,-726,2034,172,-5.54,15.52,1.31
63828,3,7656,-3076,14072,-664,2042,-27,-5.07,15.58,-0.21
63840,3,7480,-3288,14132,-1203,2262,-93,-9.18,17.26,-0.71
63852,3,7576,-3180,14392,-1218,2432,-280,-9.29,18.55,-2.14
63864,3,7488,-3260,14532,-949,2556,-180,-7.24,19.5,-1.37
63876,3,7456,-3368,14872,-826,3053,-266,-6.3,23.29,-2.03
63888,3,7652,-3568,14796,-998,3617,-486,-7.61,27.6,-3.71
63900,3,7804,-3572,14648,-1411,3945,-826,-10.77,30.1,-6.3
63933,3,7080,-3720,14456,-2527,4661,-1442,-19.28,35.56,-11
63945,3,6840,-3640,15004,-2470,5035,-1441,-18.84,38.41,-10.99
63957,3,6468,-3700,14988,-2399,5274,-1269,-18.3,40.24,-9.68
63969,3,5908,-3512,14988,-1884,5615,-902,-14.37,42.84,-6.88
63981,3,5844,-3552,15068,-1364,5929,-495,-10.41,45.23,-3.78
63993,3,6260,-3408,15408,-712,5750,-197,-5.43,43.87,-1.5
64005,3,6524,-3544,15180,-106,5881,-406,-0.81,44.87,-3.1
64017,3,6732,-3540,15628,612,5115,-523,4.67,39.02,-3.99
64029,3,6352,-3552,15500,1185,5480,-812,9.04,41.81,-6.2
64062,3,6024,-3716,16032,3838,6395,-1043,29.28,48.79,-7.96
64074,3,5184,-3692,15652,3849,6931,-864,29.37,52.88,-6.59
64086,3,5188,-3756,15216,3372,7326,-827,25.73,55.89,-6.31
64098,3,5868,-3396,15208,3152,7080,-1346,24.05,54.02,-10.27
64110,3,6100,-3308,15152,2844,6523,-2002,21.7,49.77,-15.27
64122,3,5740,-3136,15316,2950,6497,-2632,22.51,49.57,-20.08
64134,3,4620,-3276,15076,2721,6902,-2773,20.76,52.66,-21.16
64146,3,3828,-3128,14800,2488,8393,-2259,18.98,64.03,-17.23
64158,3,3068,-3392,13824,730,11263,-1580,5.57,85.93,-12.05
64191,3,3388,-2584,15404,-296,7653,-579,-2.26,58.39,-4.42
64203,3,3040,-2644,16288,1059,5619,-670,8.08,42.87,-5.11
64215,3,3056,-2720,16032,1872,5618,-1071,14.28,42.86,-8.17
64227,3,3048,-2652,15412,2188,4898,-999,16.69,37.37,-7.62
64239,3,2808,-2316,15836,2759,4676,-612,21.05,35.68,-4.67
64251,3,2396,-2592,15300,3315,6389,-156,25.29,48.74,-1.19
64263,3,2708,-2576,14984,2954,7035,442,22.54,53.67,3.37
64275,3,3292,-2392,15440,3067,6562,240,23.4,50.06,1.83
64287,3,2988,-2364,15596,3164,6062,-325,24.14,46.25,-2.48
64320,3,1836,-2092,14824,1995,6156,-650,15.22,46.97,-4.96
64332,3,1444,-2048,15008,1489,6315,-216,11.36,48.18,-1.65
64344,3,980,-1876,14968,957,6904,532,7.3,52.67,4.06
64356,3,704,-1996,14864,455,8870,1604,3.47,67.67,12.24
64368,3,1228,-1904,14848,-109,10908,2035,-0.83,83.22,15.53
64380,3,1644,-1660,15148,-257,10851,1976,-1.96,82.79,15.08
64392,3,1492,-1716,15560,679,10031,1400,5.18,76.53,10.68
64404,3,1084,-1888,15912,1483,9704,667,11.31,74.04,5.09
64416,3,516,-2160,15944,1640,8305,218,12.51,63.36,1.66
64449,3,-284,-2028,15932,1136,6776,477,8.67,51.7,3.64
64461,3,-260,-1868,15892,990,8598,918,7.55,65.6,7
64473,3,-388,-1976,15376,456,11131,1174,3.48,84.92,8.96
64485,3,-480,-1888,14484,-604,13154,1349,-4.61,100.36,10.29
64497,3,-1244,-1980,14164,-1608,14444,1493,-12.27,110.2,11.39
64509,3,-1984,-2016,14516,-2222,15284,1705,-16.95,116.61,13.01
64521,99,-2600,-2112,15060,-2498,15536,1728,-19.06,118.53,13.18
64533,99,-2840,-2200,15044,-2504,15266,1639,-19.1,116.47,12.5
64545,99,-3036,-2428,14720,-2706,14405,1331,-20.65,109.9,10.15
64578,99,-3600,-2716,15176,-2517,11340,281,-19.2,86.52,2.14
64590,99,-4156,-2932,15588,-2635,10765,180,-20.1,82.13,1.37
64602,99,-4588,-2920,16000,-2299,10253,189,-17.54,78.22,1.44
64614,99,-4676,-3032,16124,-1736,10415,144,-13.24,79.46,1.1
64626,99,-4624,-3172,15724,-1637,10340,0,-12.49,78.89,0
64638,99,-4644,-3132,15380,-1656,9856,-189,-12.63,75.2,-1.44
64650,99,-5048,-3200,14968,-2056,9608,-262,-15.69,73.3,-2
64662,99,-5184,-3124,15504,-2010,9784,-203,-15.34,74.65,-1.55
64674,99,-5232,-3244,15604,-1673,10038,-411,-12.76,76.58,-3.14
64707,99,-6348,-3500,14380,-1928,11303,-414,-14.71,86.24,-3.16
64719,99,-6364,-3232,14080,-1888,10976,-466,-14.4,83.74,-3.56
64731,99,-6800,-3372,13724,-1922,10050,-588,-14.66,76.68,-4.49
64743,99,-7240,-3544,13272,-2334,9028,-470,-17.81,68.88,-3.59
64755,99,-7388,-3464,12880,-2966,8066,-346,-22.63,61.54,-2.64
64767,99,-7276,-3484,13132,-3179,7009,-344,-24.25,53.47,-2.62
64779,99,-7324,-3612,13476,-3055,6508,-531,-23.31,49.65,-4.05
64791,99,-7224,-3704,13320,-3041,6287,-628,-23.2,47.97,-4.79
64803,99,-7052,-3524,13312,-2928,6755,-874,-22.34,51.54,-6.67
64836,99,-8288,-4064,12572,-3625,7324,-1372,-27.66,55.88,-10.47
64848,99,-8484,-4112,13168,-3464,6838,-1181,-26.43,52.17,-9.01
64860,99,-8536,-4288,13608,-2783,6326,-1154,-21.23,48.26,-8.8
64872,99,-8960,-4448,13648,-2079,5835,-1056,-15.86,44.52,-8.06
64884,99,-9176,-4524,13584,-1411,5301,-770,-10.77,40.44,-5.87
64896,99,-8836,-4552,13444,-859,4948,-768,-6.55,37.75,-5.86
64908,99,-8752,-4576,12940,-600,3982,-840,-4.58,30.38,-6.41
64920,99,-9172,-4796,12804,-489,2893,-664,-3.73,22.07,-5.07
64932,99,-8856,-4812,12936,-334,2652,-700,-2.55,20.23,-5.34
64965,99,-9276,-4896,12696,55,1397,-832,0.42,10.66,-6.35
64977,99,-8920,-4556,13144,522,1488,-667,3.98,11.35,-5.09
64989,99,-8648,-4676,13156,1146,1779,-833,8.74,13.57,-6.36
65001,99,-8712,-4600,12720,1406,1846,-978,10.73,14.08,-7.46
65013,99,-8920,-4744,12420,1281,1879,-977,9.77,14.34,-7.45
65025,99,-8784,-4580,12280,896,1230,-895,6.84,9.38,-6.83
65037,99,-8868,-4636,12200,778,123,-916,5.94,0.94,-6.99
65049,99,-9156,-4524,12236,862,-300,-865,6.58,-2.29,-6.6
65061,99,-9220,-4688,12076,854,-647,-759,6.52,-4.94,-5.79
65094,99,-8524,-4464,12052,367,-437,-753,2.8,-3.33,-5.74
65106,99,-8752,-4420,12052,411,-587,-708,3.14,-4.48,-5.4
65118,99,-9084,-4552,11876,107,-461,-568,0.82,-3.52,-4.33
65130,99,-8984,-4464,11928,-218,-7,-346,-1.66,-0.05,-2.64
65142,99,-8636,-4564,12260,-247,435,-215,-1.88,3.32,-1.64
65154,99,-8664,-4636,12136,-291,593,-262,-2.22,4.52,-2
65166,99,-8772,-4728,12284,-445,656,-247,-3.4,5,-1.88
65178,99,-8772,-4676,12496,-543,572,-269,-4.14,4.36,-2.05
65190,99,-9004,-4720,12456,-526,162,-291,-4.01,1.24,-2.22
65223,99,-8696,-4852,12288,-127,-612,87,-0.97,-4.67,0.66
65235,99,-8472,-4692,12508,-21,-995,41,-0.16,-7.59,0.31
65247,99,-8716,-4792,12676,6,-1469,82,0.05,-11.21,0.63
65259,99,-8808,-4860,13012,277,-1598,81,2.11,-12.19,0.62
65271,99,-8684,-4924,13016,390,-1692,127,2.98,-12.91,0.97
65283,99,-8488,-4884,13040,719,-2128,92,5.49,-16.24,0.7
65295,99,-8492,-4876,12696,929,-2391,-29,7.09,-18.24,-0.22
65307,99,-8356,-4852,12908,901,-2287,20,6.87,-17.45,0.15
65319,99,-8288,-4768,12952,918,-2061,-104,7,-15.72,-0.79
65352,99,-8300,-4740,12344,414,-1542,-112,3.16,-11.76,-0.85
65364,99,-8192,-4712,12368,145,-1070,-4,1.11,-8.16,-0.03
65376,99,-8292,-4720,12448,-303,-934,57,-2.31,-7.13,0.43
65388,99,-8364,-4768,12348,-573,-1120,144,-4.37,-8.54,1.1
65400,99,-8576,-4768,12672,-602,-1226,300,-4.59,-9.35,2.29
65412,99,-8616,-4852,12840,-581,-1094,464,-4.43,-8.35,3.54
65424,99,-8312,-4864,12832,-733,-1192,471,-5.59,-9.09,3.59
65436,99,-8008,-4804,12816,-902,-1047,420,-6.88,-7.99,3.2
65448,99,-7908,-4724,12960,-870,-992,274,-6.64,-7.57,2.09
65481,99,-7896,-4956,13004,23,-1048,110,0.18,-8,0.84
65493,99,-7920,-5132,13560,388,-1565,-68,2.96,-11.94,-0.52
65505,99,-7708,-5236,14460,1450,-2965,-587,11.06,-22.62,-4.48
65517,99,-7700,-5500,15660,3347,-5854,-1567,25.54,-44.66,-11.96
65529,99,-8180,-5536,15692,5151,-8743,-1973,39.3,-66.7,-15.05
65541,99,-8188,-5508,16016,6752,-10773,-2224,51.51,-82.19,-16.97
65553,99,-7900,-5304,15428,7751,-11789,-2018,59.14,-89.94,-15.4
65565,99,-7712,-4952,14660,8367,-11098,-1322,63.84,-84.67,-10.09
65577,99,-7248,-4608,13688,7876,-8996,-606,60.09,-68.63,-4.62
65610,99,-6576,-4040,12572,6104,-2704,253,46.57,-20.63,1.93
65622,99,-7184,-4144,12580,4945,-1930,706,37.73,-14.72,5.39
65634,99,-7272,-3864,13040,3943,-1691,1116,30.08,-12.9,8.51
65646,99,-6888,-3536,13520,3970,-2557,1243,30.29,-19.51,9.48
65658,99,-6544,-3276,13520,4032,-3476,1208,30.76,-26.52,9.22
65670,99,-6348,-3232,13088,3780,-3826,1088,28.84,-29.19,8.3
65682,99,-5984,-2868,13668,3518,-4247,961,26.84,-32.4,7.33
65694,99,-5608,-2920,14384,3880,-4541,627,29.6,-34.65,4.78
65706,99,-5640,-2848,14260,4288,-4878,404,32.71,-37.22,3.08
65739,99,-5032,-2684,14904,5354,-4036,539,40.85,-30.79,4.11
65751,99,-5136,-2504,14832,5217,-3983,451,39.8,-30.39,3.44
65763,99,-5164,-2444,14780,5033,-3212,487,38.4,-24.51,3.72
65775,99,-5024,-2460,14872,4799,-2953,424,36.61,-22.53,3.23
65787,99,-4852,-2376,15216,4888,-3042,319,37.29,-23.21,2.43
65799,99,-4872,-2264,15324,5310,-3137,174,40.51,-23.93,1.33
65811,99,-5188,-2132,15196,5682,-3462,146,43.35,-26.41,1.11
65823,99,-5372,-1896,14732,5669,-3628,315,43.25,-27.68,2.4
65835,99,-5064,-1840,14684,5435,-3571,461,41.47,-27.24,3.52
65868,99,-4952,-1572,14944,4560,-3106,616,34.79,-23.7,4.7
65880,99,-4680,-1296,15156,4480,-2501,818,34.18,-19.08,6.24
65892,99,-4588,-1180,15076,4417,-2348,789,33.7,-17.91,6.02
65904,99,-4396,-1040,15040,4438,-2488,760,33.86,-18.98,5.8
65916,99,-4212,-856,14960,4280,-2163,620,32.65,-16.5,4.73
65928,99,-4104,-696,14808,3915,-2133,579,29.87,-16.27,4.42
65940,99,-3976,-540,14620,3526,-2316,588,26.9,-17.67,4.49
65952,99,-4036,-236,14716,3496,-2321,668,26.67,-17.71,5.1
65964,99,-4184,-412,14688,3407,-2636,753,25.99,-20.11,5.74
65997,99,-4356,-248,14700,2920,-2201,1708,22.28,-16.79,13.03
66009,99,-3404,4,14456,2541,-2138,1741,19.39,-16.31,13.28
66021,99,-3028,128,14832,2221,-2453,1568,16.94,-18.71,11.96
66033,99,-3156,56,15080,2056,-2559,1351,15.69,-19.52,10.31
66045,99,-3100,100,15484,1781,-2023,1179,13.59,-15.43,9
66057,99,-2880,88,15540,1703,-1749,1069,12.99,-13.34,8.16
66069,99,-2628,48,15664,1527,-1124,854,11.65,-8.58,6.52
66081,99,-2696,76,15608,1215,-868,573,9.27,-6.62,4.37
66093,99,-3096,-68,16036,1266,-1116,398,9.66,-8.51,3.04
66126,99,-3440,-160,15844,1817,-1645,276,13.86,-12.55,2.11
66138,99,-3188,76,15992,1748,-1730,280,13.34,-13.2,2.14
66150,99,-3088,148,16228,1936,-1433,285,14.77,-10.93,2.17
66162,99,-3108,-36,16088,2198,-1203,190,16.77,-9.18,1.45
66174,99,-3384,60,15796,2053,-1139,323,15.66,-8.69,2.46
66186,99,-3392,124,15488,1655,-1046,489,12.63,-7.98,3.73
66198,99,-3120,184,15628,1454,-1290,596,11.09,-9.84,4.55
66210,99,-3184,220,15704,1339,-1300,689,10.22,-9.92,5.26
66222,99,-3256,268,15792,1370,-1386,811,10.45,-10.57,6.19
66255,99,-3332,152,15864,1656,-1320,1095,12.63,-10.07,8.35
66267,99,-3432,300,15752,1581,-1089,1476,12.06,-8.31,11.26
66279,99,-3556,300,15632,1567,-1025,1999,11.96,-7.82,15.25
66291,99,-3692,272,15824,1550,-685,2523,11.83,-5.23,19.25
66303,99,-3004,392,15776,1606,111,2680,12.25,0.85,20.45
66315,99,-2112,468,15536,1444,555,2365,11.02,4.23,18.04
66327,99,-1964,432,15876,1270,390,1714,9.69,2.98,13.08
66339,99,-2456,352,16548,1372,-19,1241,10.47,-0.14,9.47
66351,99,-2868,288,16928,1564,-388,1025,11.93,-2.96,7.82
66384,99,-3048,436,16628,1674,-1600,1192,12.77,-12.21,9.09
66396,99,-2760,600,16480,1546,-1405,1369,11.8,-10.72,10.44
66408,99,-2344,764,16452,1463,-1143,1470,11.16,-8.72,11.22
66420,99,-1792,1068,16204,1386,-875,1224,10.57,-6.68,9.34
66432,99,-1588,1088,15912,1150,-934,999,8.77,-7.13,7.62
66444,99,-1896,1176,16132,1324,-548,785,10.1,-4.18,5.99
66456,99,-2144,1268,15968,1626,-342,749,12.41,-2.61,5.71
66468,99,-2208,1308,15520,1694,-356,774,12.92,-2.72,5.91
66480,99,-2144,1432,15324,1557,-407,773,11.88,-3.11,5.9
66513,99,-1864,1580,14936,1100,-507,365,8.39,-3.87,2.78
66525,99,-1668,1628,15080,663,-233,261,5.06,-1.78,1.99
66537,99,-1884,1552,15168,434,25,158,3.31,0.19,1.21
66549,99,-2004,1532,15136,53,143,160,0.4,1.09,1.22
66561,99,-2116,1436,15420,-172,479,198,-1.31,3.65,1.51
66573,99,-2024,1396,15596,-159,679,108,-1.21,5.18,0.82
66585,99,-2264,1376,15668,-192,437,56,-1.46,3.33,0.43
66597,99,-2576,1352,15696,-261,437,56,-1.99,3.33,0.43
66609,99,-2892,1356,15684,-411,334,301,-3.14,2.55,2.3
66642,99,-2608,1124,15368,-1088,-202,534,-8.3,-1.54,4.07
66654,99,-2236,1132,15444,-1534,-459,555,-11.7,-3.5,4.23
66666,99,-1956,1352,16236,-1379,-33,368,-10.52,-0.25,2.81
66678,99,-1792,1228,16572,-1027,323,316,-7.84,2.46,2.41
66690,99,-1468,1228,16912,-418,18,268,-3.19,0.14,2.04
66702,99,-1184,1256,16928,18,118,72,0.14,0.9,0.55
66714,99,-1232,1172,16464,-138,294,-133,-1.05,2.24,-1.01
66726,99,-1512,1176,15964,-269,357,-164,-2.05,2.72,-1.25
66738,99,-1608,1128,15684,-525,811,-154,-4.01,6.19,-1.17
66771,99,-864,812,16464,42,2221,-515,0.32,16.94,-3.93
66783,99,-984,684,16168,-177,2566,-1109,-1.35,19.58,-8.46
66795,99,-1784,596,15688,-609,2621,-1502,-4.65,20,-11.46
66807,99,-2620,456,15760,-821,3120,-1530,-6.26,23.8,-11.67
66819,99,-3044,108,16276,-821,3342,-1355,-6.26,25.5,-10.34
66831,99,-3352,-84,16880,-466,2725,-1084,-3.56,20.79,-8.27
66843,99,-3540,-176,17184,-142,2599,-1015,-1.08,19.83,-7.74
66855,99,-3632,-212,16896,-20,2462,-945,-0.15,18.78,-7.21
66867,99,-3748,-268,16340,-224,2231,-812,-1.71,17.02,-6.2
66900,99,-4528,-380,14936,-1831,2240,-530,-13.97,17.09,-4.04
66912,99,-4812,-536,14360,-3028,2631,-130,-23.1,20.07,-0.99
66924,99,-5200,-512,13780,-4614,2897,265,-35.2,22.1,2.02
66936,99,-5276,-680,15384,-4821,4061,1022,-36.78,30.98,7.8
66948,99,-4144,-2068,15200,-5017,5146,1261,-38.28,39.26,9.62
66960,99,-4192,-2852,14916,-5034,5486,512,-38.41,41.85,3.91
66972,99,-6348,-2260,15172,-4607,3830,708,-35.15,29.22,5.4
66984,99,-8124,-440,19840,-1570,-97,2459,-11.98,-0.74,18.76
66996,99,-4740,3284,20216,-159,-4636,4267,-1.21,-35.37,32.55
67029,99,7056,2060,14336,958,-3757,-1779,7.31,-28.66,-13.57
67041,99,1932,1424,15780,1672,-5012,-4864,12.76,-38.24,-37.11
67053,99,-4040,100,17952,3215,-5306,-4321,24.53,-40.48,-32.97
67065,99,-6328,-812,18652,4064,-1803,-2463,31.01,-13.76,-18.79
67077,99,-5856,-996,17924,4414,635,-463,33.68,4.84,-3.53
67089,99,-4644,-668,17108,3990,2268,830,30.44,17.3,6.33
67101,99,-3340,-316,16724,3129,4055,1286,23.87,30.94,9.81
67113,99,-1852,252,16636,2423,5078,679,18.49,38.74,5.18
67125,99,-2092,412,16208,2211,3689,-262,16.87,28.14,-2
67158,99,-5884,-408,15472,2886,-1713,-890,22.02,-13.07,-6.79
67170,99,-6076,-128,14736,3640,-2922,-624,27.77,-22.29,-4.76
67182,99,-6356,-80,13664,3258,-3159,-297,24.86,-24.1,-2.27
67194,99,-6304,284,13340,2929,-2936,457,22.35,-22.4,3.49
67206,99,-5908,552,13380,2363,-2746,1365,18.03,-20.95,10.41
67218,99,-4804,956,13944,1919,-2818,2089,14.64,-21.5,15.94
67230,99,-3304,964,14480,1477,-3094,2202,11.27,-23.61,16.8
67242,99,-2356,1248,14820,1198,-3209,1932,9.14,-24.48,14.74
67254,99,-1940,1316,14724,1346,-3400,1392,10.27,-25.94,10.62
67287,99,-2104,1080,15376,3340,-5498,907,25.48,-41.95,6.92
67299,99,-1968,1432,14980,3073,-5097,1038,23.45,-38.89,7.92
67311,99,-1576,1912,14948,2732,-4772,1259,20.84,-36.41,9.61
67323,99,-820,2188,15424,3075,-4426,1169,23.46,-33.77,8.92
67335,99,60,2140,16020,3878,-4883,828,29.59,-37.25,6.32
67347,99,324,2160,16692,5018,-5412,376,38.28,-41.29,2.87
67359,99,244,1944,16576,5929,-5154,98,45.23,-39.32,0.75
67371,99,-12,2096,16044,6347,-5106,91,48.42,-38.96,0.69
67383,99,-164,2212,15332,6177,-4620,238,47.13,-35.25,1.82
67416,99,-512,2612,14276,4899,-4387,85,37.38,-33.47,0.65
67428,99,-616,2856,14300,4072,-4000,-37,31.07,-30.52,-0.28
67440,99,-252,2840,14948,3302,-4529,166,25.19,-34.55,1.27
67452,99,-868,2808,15284,3028,-5481,69,23.1,-41.82,0.53
67464,99,-592,3012,15116,2701,-4051,289,20.61,-30.91,2.2
67476,99,-28,2724,15496,1659,-4161,395,12.66,-31.75,3.01
67488,99,180,2672,16076,896,-4417,385,6.84,-33.7,2.94
67500,99,200,2596,16288,14,-3781,463,0.11,-28.85,3.53
67512,99,352,2624,16560,-653,-3134,578,-4.98,-23.91,4.41
67545,99,956,2500,16912,57,-1766,436,0.43,-13.47,3.33
67557,99,1456,2780,16952,-258,-990,410,-1.97,-7.55,3.13
67569,99,1952,2932,16896,-168,-447,197,-1.28,-3.41,1.5
67581,99,1908,3032,16576,-200,-444,-188,-1.53,-3.39,-1.43
67593,99,1496,3000,16284,-418,-409,-419,-3.19,-3.12,-3.2
67605,99,1092,2944,16228,-636,-564,-458,-4.85,-4.3,-3.49
67617,99,1220,2828,16384,-743,-651,-437,-5.67,-4.97,-3.33
67629,99,1560,2716,16340,-1015,-330,-427,-7.74,-2.52,-3.26
67641,99,1844,2924,16184,-983,130,-478,-7.5,0.99,-3.65
67674,99,1256,3068,15420,-1588,2146,-922,-12.12,16.37,-7.03
67686,99,484,2688,15740,-1842,2674,-1094,-14.05,20.4,-8.35
67698,99,-264,2420,15816,-2022,2739,-1105,-15.43,20.9,-8.43
67710,99,-836,1968,16088,-1461,2196,-732,-11.15,16.75,-5.58
67722,99,-684,1792,16052,-1231,2080,-446,-9.39,15.87,-3.4
67734,99,-364,1852,15628,-1262,1750,-304,-9.63,13.35,-2.32
67746,99,-480,1804,15524,-1526,1445,-245,-11.64,11.02,-1.87
67758,99,-544,1872,15508,-1634,1411,-94,-12.47,10.77,-0.72
67770,99,-380,1808,15168,-1799,1282,99,-13.73,9.78,0.76
67803,99,208,1804,15672,-927,-617,-46,-7.07,-4.71,-0.35
67815,99,8,1552,16116,-571,-889,-182,-4.36,-6.78,-1.39
67827,99,8,1428,17096,-408,-930,-132,-3.11,-7.1,-1.01
67839,99,124,1540,17528,-125,-1348,-196,-0.95,-10.28,-1.5
67851,99,136,1664,17440,74,-1194,-197,0.56,-9.11,-1.5
67863,99,208,1676,17076,4,-971,-67,0.03,-7.41,-0.51
67875,99,556,1708,17060,-85,-218,94,-0.65,-1.66,0.72
67887,99,1008,1484,17084,112,153,81,0.85,1.17,0.62
67899,99,1128,1176,17308,197,169,-7,1.5,1.29,-0.05
67932,99,1092,1428,17100,1356,684,-873,10.35,5.22,-6.66
67944,99,744,1876,16880,1315,244,-1160,10.03,1.86,-8.85
67956,99,440,1736,16848,877,-245,-1055,6.69,-1.87,-8.05
67968,99,480,1812,16912,453,-320,-812,3.46,-2.44,-6.2
67980,99,696,1744,16880,206,61,-567,1.57,0.47,-4.33
67992,99,808,1592,16600,160,1004,-555,1.22,7.66,-4.23
68004,99,704,1576,16404,287,2392,-616,2.19,18.25,-4.7
68016,99,480,1736,16428,369,3446,-642,2.82,26.29,-4.9
68028,99,420,1864,16404,673,3607,-542,5.13,27.52,-4.14
68061,99,-752,1532,16152,666,2587,-508,5.08,19.74,-3.88
68073,99,-1052,1484,16476,307,2173,-281,2.34,16.58,-2.14
68085,99,-1296,1560,16600,218,1950,-132,1.66,14.88,-1.01
68097,99,-1192,1776,16552,342,1879,24,2.61,14.34,0.18
68109,99,-1072,1804,16260,620,1837,139,4.73,14.02,1.06
68121,99,-1092,1848,15684,524,1677,278,4,12.79,2.12
68133,99,-1040,2012,14964,143,1536,476,1.09,11.72,3.63
68145,99,-768,2136,14472,-367,1300,669,-2.8,9.92,5.1
68157,99,-508,2436,14156,-937,750,615,-7.15,5.72,4.69
68190,99,-444,2492,14560,-724,-648,246,-5.52,-4.94,1.88
68202,99,-648,2528,14824,-441,-789,335,-3.36,-6.02,2.56
68214,99,-656,2160,14884,-352,-640,488,-2.69,-4.88,3.72
68226,99,-624,2000,15188,-515,-865,559,-3.93,-6.6,4.26
68238,99,-372,1952,15396,-596,-901,652,-4.55,-6.87,4.97
68250,99,-160,1912,15756,-483,-700,611,-3.68,-5.34,4.66
68262,99,80,1756,15908,-427,-730,531,-3.26,-5.57,4.05
68274,99,396,1696,16200,-329,-348,382,-2.51,-2.66,2.91
68286,99,524,1688,16516,-183,-239,255,-1.4,-1.82,1.95
68319,99,-60,1480,16448,-116,-287,110,-0.89,-2.19,0.84
68331,99,92,1652,16396,-187,-344,124,-1.43,-2.62,0.95
68343,99,144,1740,16428,-136,-500,200,-1.04,-3.81,1.53
68355,99,576,1780,16496,131,-963,178,1,-7.35,1.36
68367,99,556,1720,16428,57,-370,106,0.43,-2.82,0.81
68379,99,424,1624,16296,375,-614,8,2.86,-4.68,0.06
68391,99,300,1744,16376,762,-1376,88,5.81,-10.5,0.67
68403,99,88,1640,15988,1029,-1178,81,7.85,-8.99,0.62
68415,99,-56,1696,15596,858,-1388,213,6.55,-10.59,1.63
68448,99,180,1480,16116,1067,-2307,11,8.14,-17.6,0.08
68460,99,284,1456,16476,1262,-2242,93,9.63,-17.11,0.71
68472,99,4,1344,16304,1053,-1757,291,8.03,-13.4,2.22
68484,99,80,1372,16020,737,-891,427,5.62,-6.8,3.26
68496,99,204,1544,16084,467,-630,437,3.56,-4.81,3.33
68508,99,212,1480,16396,545,-955,346,4.16,-7.29,2.64
68520,99,52,1368,16692,641,-1413,379,4.89,-10.78,2.89
68532,99,164,1516,16748,997,-1534,416,7.61,-11.7,3.17
68544,99,488,1504,16496,1136,-1542,416,8.67,-11.76,3.17
68577,99,856,1708,15896,802,-665,341,6.12,-5.07,2.6
68589,99,1228,1872,16072,583,-204,345,4.45,-1.56,2.63
68601,99,1476,1980,16276,502,26,223,3.83,0.2,1.7
68613,99,1476,1932,16044,358,370,54,2.73,2.82,0.41
68625,99,1544,2072,16544,520,376,-25,3.97,2.87,-0.19
68637,99,1504,1976,16524,887,283,-232,6.77,2.16,-1.77
68649,99,1376,2012,16288,953,596,-338,7.27,4.55,-2.58
68661,99,1252,2008,16212,967,577,-408,7.38,4.4,-3.11
68673,99,1264,2064,16164,952,724,-374,7.26,5.52,-2.85
68706,99,1036,2084,15232,261,906,-552,1.99,6.91,-4.21
68718,99,916,2236,15448,-41,996,-544,-0.31,7.6,-4.15
68730,99,744,2116,15536,-245,1012,-592,-1.87,7.72,-4.52
68742,99,656,1984,15724,-295,982,-582,-2.25,7.49,-4.44
68754,99,492,1860,16364,55,877,-593,0.42,6.69,-4.52
68766,99,340,1816,15988,210,863,-600,1.6,6.58,-4.58
68778,99,252,1752,15808,176,515,-505,1.34,3.93,-3.85
68790,99,304,1872,15700,-33,283,-491,-0.25,2.16,-3.75
68802,99,312,1836,15732,-121,0,-470,-0.92,0,-3.59
68835,99,328,1508,15612,-423,324,-292,-3.23,2.47,-2.23
68847,99,252,1576,16048,-625,446,-216,-4.77,3.4,-1.65
68859,99,128,1556,16112,-677,588,-70,-5.17,4.49,-0.53
68871,99,124,1472,16280,-554,496,-14,-4.23,3.78,-0.11
68883,99,200,1360,16308,-381,404,38,-2.91,3.08,0.29
68895,99,244,1472,16400,-327,122,20,-2.49,0.93,0.15
68907,99,432,1424,16564,-142,-49,51,-1.08,-0.37,0.39
68919,99,536,1508,16640,69,75,61,0.53,0.57,0.47
68931,99,560,1516,16368,13,61,73,0.1,0.47,0.56
68964,99,688,1368,16432,117,192,128,0.89,1.46,0.98
68976,99,748,1568,16464,129,270,119,0.98,2.06,0.91
68988,99,632,1528,16248,156,221,168,1.19,1.69,1.28
69000,99,664,1484,16220,242,173,125,1.85,1.32,0.95
69012,99,820,1540,16224,135,101,21,1.03,0.77,0.16
69024,99,628,1616,16236,186,-183,-55,1.42,-1.4,-0.42
69036,99,508,1496,16296,321,-541,-90,2.45,-4.13,-0.69
69048,99,480,1428,16304,309,-482,21,2.36,-3.68,0.16
69060,99,612,1528,16764,621,-167,107,4.74,-1.27,0.82
69093,99,668,1484,15924,532,-109,6,4.06,-0.83,0.05
69105,99,796,1624,15840,407,-119,-1,3.11,-0.91,-0.01
69117,99,880,1668,16176,485,-490,21,3.7,-3.74,0.16
69129,99,884,1544,16420,884,-786,-130,6.74,-6,-0.99
69141,99,704,1556,16196,910,-616,-114,6.94,-4.7,-0.87
69153,99,608,1660,16072,757,-574,-29,5.78,-4.38,-0.22
69165,99,904,1684,16052,679,-319,48,5.18,-2.43,0.37
69177,99,1032,1712,16120,530,-74,22,4.04,-0.56,0.17
69189,99,1096,1728,16284,517,-4,-21,3.94,-0.03,-0.16
69223,99,1000,1628,15676,666,333,-157,5.08,2.54,-1.2
69235,99,996,1768,16036,571,214,-181,4.36,1.63,-1.38
69247,99,980,1756,16292,684,-63,-144,5.22,-0.48,-1.1
69259,99,828,1756,16204,721,89,-142,5.5,0.68,-1.08
69271,99,848,1732,16164,823,93,-155,6.28,0.71,-1.18
69283,99,732,1744,15816,783,148,-145,5.97,1.13,-1.11
69295,99,760,1844,15704,555,201,-125,4.23,1.53,-0.95
69307,99,748,1760,15612,318,72,-116,2.43,0.55,-0.89
69319,99,636,1948,15804,186,234,-52,1.42,1.79,-0.4
69352,99,644,1572,15760,114,499,-57,0.87,3.81,-0.43
69364,99,680,1724,15868,1,425,7,0.01,3.24,0.05
69376,99,636,1728,15996,-63,216,89,-0.48,1.65,0.68
69388,99,772,1732,16040,-93,134,72,-0.71,1.02,0.55
69400,99,840,1740,15996,-51,31,119,-0.39,0.24,0.91
69412,99,720,1680,15980,-91,7,133,-0.69,0.05,1.01
69424,99,896,1720,16248,-46,164,126,-0.35,1.25,0.96
69436,99,824,1700,16252,208,331,122,1.59,2.53,0.93
69448,99,888,1652,16228,276,320,195,2.11,2.44,1.49
69481,99,912,1564,16140,299,-240,37,2.28,-1.83,0.28
69493,99,896,1600,16020,174,-152,53,1.33,-1.16,0.4
69505,99,984,1568,16048,68,-85,138,0.52,-0.65,1.05
69517,99,1064,1712,16308,50,287,161,0.38,2.19,1.23
69529,4,1092,1552,16224,142,573,178,1.08,4.37,1.36
69541,4,1100,1628,16352,153,538,67,1.17,4.1,0.51
69553,4,1008,1548,16432,241,392,53,1.84,2.99,0.4
69565,4,1032,1636,16448,423,257,-4,3.23,1.96,-0.03
69577,4,1124,1628,16440,379,-58,-55,2.89,-0.44,-0.42
69610,4,684,1400,16228,588,241,-106,4.49,1.84,-0.81
69622,4,672,1460,16312,506,222,35,3.86,1.69,0.27
69634,4,720,1468,16224,593,247,127,4.52,1.88,0.97
69646,4,640,1460,16164,464,299,179,3.54,2.28,1.37
69658,4,636,1472,16208,395,297,241,3.01,2.27,1.84
69670,4,640,1524,16204,444,-36,243,3.39,-0.27,1.85
69682,4,604,1612,16256,504,-53,233,3.85,-0.4,1.78
69694,4,680,1540,16264,667,-306,229,5.09,-2.33,1.75
69706,4,688,1592,16208,730,-310,326,5.57,-2.37,2.49
69739,4,808,1492,15896,791,-372,354,6.03,-2.84,2.7
69751,4,804,1680,15876,562,-460,347,4.29,-3.51,2.65
69763,4,848,1692,15856,486,-643,445,3.71,-4.91,3.4
69775,4,892,1680,15856,361,-595,498,2.75,-4.54,3.8
69787,4,948,1708,15800,232,-603,539,1.77,-4.6,4.11
69799,4,740,1744,15804,205,-693,607,1.56,-5.29,4.63
69811,4,468,1692,15548,91,-779,781,0.69,-5.94,5.96
69823,4,292,1708,15556,8,-814,981,0.06,-6.21,7.48
69835,4,36,1576,15632,-22,-635,1409,-0.17,-4.84,10.75
69868,4,-884,1260,15924,-41,-950,3472,-0.31,-7.25,26.49
69880,4,-760,1424,16100,-266,-821,4811,-2.03,-6.26,36.71
69892,4,340,1364,16424,145,-1074,5666,1.11,-8.19,43.23
69904,4,3260,1316,16844,242,-803,5168,1.85,-6.13,39.43
69916,4,4748,1028,17892,317,-662,3729,2.42,-5.05,28.45
69928,4,4896,1008,18732,647,332,2544,4.94,2.53,19.41
69940,4,4420,1452,18868,962,2021,1904,7.34,15.42,14.53
69952,4,4092,1896,18916,1184,4266,1810,9.03,32.55,13.81
69964,4,4308,2180,18744,1474,6613,1941,11.25,50.45,14.81
69997,4,6752,2020,17692,902,14706,514,6.88,112.2,3.92
70009,4,6964,2360,17016,-358,18066,-411,-2.73,137.83,-3.14
70021,4,7048,2340,16892,-2427,23512,-1538,-18.52,179.38,-11.73
70033,4,5948,2796,16224,-4378,27853,-2126,-33.4,212.5,-16.22
70045,4,3768,3176,15012,-5807,32709,-2021,-44.3,249.55,-15.42
70057,4,2052,3512,13400,-6689,32767,-1707,-51.03,249.99,-13.02
70069,4,592,3484,11772,-7543,32767,-1556,-57.55,249.99,-11.87
70081,4,-1032,2956,10664,-8365,32767,-1770,-63.82,249.99,-13.5
70093,4,-2788,2364,9796,-9575,32767,-1638,-73.05,249.99,-12.5
70126,4,-5072,932,9900,-9238,32767,-2790,-70.48,249.99,-21.29
70138,4,-6432,636,8816,-8629,32767,-3419,-65.83,249.99,-26.08
70150,4,-7436,120,7180,-7878,32767,-4653,-60.1,249.99,-35.5
70162,4,-9432,104,6288,-6341,32767,-4640,-48.38,249.99,-35.4
70174,4,-9904,-704,5200,-4758,32767,-5858,-36.3,249.99,-44.69
70186,4,-10732,-1112,4224,-2708,32767,-7069,-20.66,249.99,-53.93
70198,4,-12112,-1000,2720,-390,32767,-8094,-2.98,249.99,-61.75
70210,4,-12484,-2328,888,246,32767,-8610,1.88,249.99,-65.69
70222,4,-12808,-2184,-912,1341,32767,-10014,10.23,249.99,-76.4
70255,4,-16064,-3880,-2924,5939,32767,-11614,45.31,249.99,-88.61
70267,4,-16500,-4152,-4372,6978,32767,-11828,53.24,249.99,-90.24
70279,4,-16820,-5084,-4928,6687,30117,-11966,51.02,229.77,-91.29
70291,4,-17952,-5724,-5660,5170,25079,-11240,39.44,191.34,-85.75
70303,4,-18564,-6008,-5736,3315,21006,-10122,25.29,160.26,-77.22
70315,4,-18440,-6412,-4516,2335,15841,-8632,17.81,120.86,-65.86
70327,4,-19284,-6520,-4324,1977,11846,-7926,15.08,90.38,-60.47
70339,4,-20904,-6496,-4620,1345,8213,-6279,10.26,62.66,-47.9
70351,4,-21624,-6404,-5196,335,5785,-4473,2.56,44.14,-34.13
70384,4,-17976,-6032,-4488,-1427,4500,-1355,-10.89,34.33,-10.34
70396,4,-17084,-5900,-4268,-2026,3449,-724,-15.46,26.31,-5.52
70408,4,-16404,-5736,-3848,-2110,2258,-558,-16.1,17.23,-4.26
70420,4,-16356,-5748,-3688,-2284,1381,-511,-17.43,10.54,-3.9
70432,4,-16800,-5584,-3508,-2378,241,-169,-18.14,1.84,-1.29
70444,4,-16836,-5556,-3548,-2706,-1240,428,-20.65,-9.46,3.27
70456,4,-16492,-5340,-3844,-3593,-1949,1054,-27.41,-14.87,8.04
70468,4,-15712,-5032,-3560,-4358,-2212,1367,-33.25,-16.88,10.43
70480,4,-15368,-4780,-2560,-4220,-2693,1290,-32.2,-20.55,9.84
70513,4,-15592,-4644,-1688,-2134,-2567,1129,-16.28,-19.58,8.61
70525,4,-15364,-4368,-1888,-1656,-1557,1175,-12.63,-11.88,8.96
70537,4,-15260,-4188,-2268,-1281,-736,1131,-9.77,-5.62,8.63
70549,4,-15032,-4040,-2160,-1097,-60,1154,-8.37,-0.46,8.8
70561,4,-14744,-4008,-2248,-738,426,1023,-5.63,3.25,7.8
70573,4,-14716,-4012,-2444,-747,97,889,-5.7,0.74,6.78
70585,4,-14764,-3908,-2404,-910,-374,743,-6.94,-2.85,5.67
70597,4,-14664,-3884,-2468,-972,-409,677,-7.42,-3.12,5.17
70609,4,-14484,-3744,-2740,-939,-147,588,-7.16,-1.12,4.49
70642,4,-14120,-3876,-2504,-914,623,-284,-6.97,4.75,-2.17
70654,4,-14476,-3804,-2336,-535,854,-446,-4.08,6.52,-3.4
70666,4,-14804,-3880,-2924,-378,1238,-584,-2.88,9.45,-4.46
70678,4,-15136,-3824,-3168,-516,1113,-507,-3.94,8.49,-3.87
70690,4,-15300,-3848,-3332,-592,614,-387,-4.52,4.68,-2.95
70702,4,-15304,-3844,-3540,-749,259,-209,-5.71,1.98,-1.59
70714,4,-15156,-3828,-3676,-904,340,12,-6.9,2.59,0.09
70726,4,-15212,-3888,-3832,-1164,484,112,-8.88,3.69,0.85
70738,4,-15300,-3948,-3784,-1552,758,301,-11.84,5.78,2.3
70771,4,-14628,-4452,-2980,-1629,39,-150,-12.43,0.3,-1.14
70783,4,-14668,-4432,-2292,-1245,-381,-515,-9.5,-2.91,-3.93
70795,4,-15064,-4364,-2356,-635,-659,-689,-4.84,-5.03,-5.26
70807,4,-15488,-4460,-2632,-245,-829,-614,-1.87,-6.32,-4.68
70819,4,-15872,-4380,-3072,-237,-1105,-389,-1.81,-8.43,-2.97
70831,4,-15892,-4192,-3212,-199,-1429,-96,-1.52,-10.9,-0.73
70843,4,-15820,-4212,-3180,0,-1883,56,0,-14.37,0.43
70855,4,-15912,-4364,-2848,386,-2830,171,2.94,-21.59,1.3
70867,4,-16092,-4732,-2508,1236,-4432,121,9.43,-33.81,0.92
70900,4,-18688,-4908,-2792,6373,-14240,-372,48.62,-108.64,-2.84
70912,4,-20228,-5532,-2188,8803,-20330,557,67.16,-155.11,4.25
70924,4,-22176,-6136,-1216,12042,-28291,2357,91.87,-215.84,17.98
70936,4,-23940,-6472,-660,15457,-32768,4691,117.93,-250,35.79
70948,4,-25100,-6828,-480,19087,-32768,7600,145.62,-250,57.98
70960,4,-25516,-6856,-1100,22445,-32768,10948,171.24,-250,83.53
70972,4,-24336,-6544,-1788,25509,-32768,13998,194.62,-250,106.8
70984,4,-22428,-6148,-2376,27834,-32768,16817,212.36,-250,128.3
70996,4,-19624,-5580,-2656,29235,-32768,19148,223.05,-250,146.09
71029,4,-10332,-3380,-1368,24368,-32768,22287,185.91,-250,170.04
71041,4,-8436,-2776,504,21254,-32768,21873,162.16,-250,166.88
71053,4,-4448,-1700,2156,15548,-32768,20796,118.62,-250,158.66
71065,4,24,408,3140,11293,-32768,19074,86.16,-250,145.52
71077,4,3136,2604,4476,7701,-32768,16479,58.75,-250,125.72
71089,4,5948,3988,5580,2099,-32768,14354,16.01,-250,109.51
71101,4,7956,5000,6652,-3124,-32768,12715,-23.83,-250,97.01
71113,4,9660,6264,10348,-7333,-32768,10822,-55.95,-250,82.57
71125,4,14156,6380,15992,-8064,-32768,9445,-61.52,-250,72.06
71158,4,11964,4292,17588,3581,-23137,1731,27.32,-176.52,13.21
71170,4,9572,2564,16704,5800,-22760,1278,44.25,-173.65,9.75
71182,4,6732,1452,15876,5522,-20829,1992,42.13,-158.91,15.2
71194,4,7504,1228,15156,3599,-16820,3849,27.46,-128.33,29.37
71206,4,8648,1928,13984,2075,-14108,4421,15.83,-107.64,33.73
71218,4,9660,2584,12592,1301,-12613,4570,9.93,-96.23,34.87
71230,4,10816,3288,12520,1545,-11588,3977,11.79,-88.41,30.34
71242,4,10812,3292,11876,2060,-9478,2780,15.72,-72.31,21.21
71254,4,9712,3076,10912,1698,-7022,1959,12.95,-53.57,14.95
71287,4,8992,2452,9308,-2302,-949,1396,-17.56,-7.24,10.65
71299,4,8576,2144,10548,-3294,-1671,1177,-25.13,-12.75,8.98
71311,4,7452,2204,12456,-3330,-3249,2070,-25.41,-24.79,15.79
71323,4,7684,2144,13688,-2563,-1913,2774,-19.55,-14.6,21.16
71335,4,9716,2344,14744,-1435,-1406,3271,-10.95,-10.73,24.96
71347,4,11232,2432,15348,-154,-2241,2827,-1.17,-17.1,21.57
71359,4,11704,2240,15452,104,-1530,1878,0.79,-11.67,14.33
71371,4,11524,1940,15552,-424,-775,1310,-3.23,-5.91,9.99
71383,4,11692,1856,16068,-1028,-207,829,-7.84,-1.58,6.32
71416,4,10676,1424,16060,-635,1602,-437,-4.84,12.22,-3.33
71428,4,9960,1112,15568,-462,1669,-307,-3.52,12.73,-2.34
71440,4,9648,1116,15196,-610,1787,-451,-4.65,13.63,-3.44
71452,4,9500,1328,14720,-760,1573,-427,-5.8,12,-3.26
71464,4,9264,1364,14344,-533,1884,-669,-4.07,14.37,-5.1
71476,4,8744,1480,13796,-378,2069,-652,-2.88,15.79,-4.97
71488,4,8304,1496,13520,-443,2242,-401,-3.38,17.11,-3.06
71500,4,8212,1704,13420,-452,2493,-174,-3.45,19.02,-1.33
71512,4,8160,1716,13276,-302,2443,-40,-2.3,18.64,-0.31
71545,4,8412,1944,13356,-151,1434,-27,-1.15,10.94,-0.21
71557,4,8560,1972,13428,-141,1389,-35,-1.08,10.6,-0.27
71569,4,8840,2036,13672,-270,1415,-27,-2.06,10.8,-0.21
71581,4,9208,2084,13948,-72,1251,-269,-0.55,9.54,-2.05
71593,4,9344,2100,14008,70,1554,-681,0.53,11.86,-5.2
71605,4,9220,2116,13848,274,1854,-1012,2.09,14.14,-7.72
71617,4,8944,1980,13728,280,2242,-1088,2.14,17.11,-8.3
71629,4,9292,2160,14568,738,2187,-1090,5.63,16.69,-8.32
71641,4,9748,2108,15004,1944,2238,-1509,14.83,17.07,-11.51
71674,4,10028,1996,14208,3262,5368,-2690,24.89,40.95,-20.52
71686,4,10376,2544,14200,2940,5957,-3017,22.43,45.45,-23.02
71698,4,10256,2808,14316,3237,6123,-3689,24.7,46.71,-28.14
71710,4,9916,3092,15200,4200,5815,-4109,32.04,44.36,-31.35
71722,4,9636,3148,15896,5679,6883,-4814,43.33,52.51,-36.73
71734,4,10008,3232,16004,6956,8107,-5388,53.07,61.85,-41.11
71746,4,9524,3196,14892,7115,9320,-6264,54.28,71.11,-47.79
71758,4,9248,3504,13864,6394,9665,-6613,48.78,73.74,-50.45
71770,4,8380,3916,12952,5609,9265,-6821,42.79,70.69,-52.04
71803,4,7780,1696,8088,-7073,12077,-7854,-53.96,92.14,-59.92
71815,4,8080,512,5924,-21706,13714,-8094,-165.6,104.63,-61.75
71827,4,6572,-348,3660,-32768,14730,-7037,-250,112.38,-53.69
71839,4,4708,532,7168,-32768,16316,-6030,-250,124.48,-46.01
71851,4,3008,-668,9780,-32768,20204,-4743,-250,154.14,-36.19
71863,4,1684,-1416,8284,-32768,21630,-3434,-250,165.02,-26.2
71875,4,176,-5920,6344,-32768,19675,-3127,-250,150.11,-23.86
71887,4,-2472,-9028,5096,-32768,18532,-624,-250,141.39,-4.76
71899,4,-2244,-14560,6272,-32768,18794,1682,-250,143.39,12.83
71932,4,-2948,-19612,13700,-32768,11340,5206,-250,86.52,39.72
71944,4,-4068,-19332,17264,-32768,8977,6426,-250,68.49,49.03
71956,4,-4072,-18752,19840,-32768,8107,7616,-250,61.85,58.11
71968,4,-2264,-16976,21284,-32768,8109,7601,-250,61.87,57.99
71980,4,-836,-15608,20844,-26119,8289,5960,-199.27,63.24,45.47
71992,4,-972,-14820,18236,-14080,7988,3941,-107.42,60.94,30.07
72004,4,-1284,-15348,13288,-5782,6831,2302,-44.11,52.12,17.56
72016,4,-640,-15168,8036,-3761,5016,545,-28.69,38.27,4.16
72028,4,-564,-14032,4876,-4215,2625,-986,-32.16,20.03,-7.52
72061,4,-1724,-13316,6360,-4402,-1930,-2594,-33.58,-14.72,-19.79
72073,4,-1100,-13356,7516,-2470,-1778,-2125,-18.84,-13.57,-16.21
72085,4,-384,-13496,8024,-178,-608,-1420,-1.36,-4.64,-10.83
72097,4,280,-13308,7840,2192,466,-882,16.72,3.56,-6.73
72109,4,236,-12916,7628,4335,1000,-310,33.07,7.63,-2.37
72121,4,272,-13312,6856,6059,1206,110,46.23,9.2,0.84
72133,4,764,-13256,6472,6435,545,-17,49.1,4.16,-0.13
72145,4,752,-13440,6568,6429,-368,-541,49.05,-2.81,-4.13
72157,4,788,-14408,7196,4833,-3133,-828,36.87,-23.9,-6.32
72190,4,464,-14164,6052,368,-1554,-1522,2.81,-11.86,-11.61
72202,4,448,-14156,6628,-807,-830,-927,-6.16,-6.33,-7.07
72214,4,920,-14264,7036,-1308,626,-208,-9.98,4.78,-1.59
72226,4,496,-14668,7444,-1119,580,195,-8.54,4.43,1.49
72238,4,272,-14844,7636,-259,457,513,-1.98,3.49,3.91
72250,4,356,-15072,7532,349,686,889,2.66,5.23,6.78
72262,4,260,-15300,7144,611,740,1053,4.66,5.65,8.03
72274,4,188,-15332,7296,747,709,1194,5.7,5.41,9.11
72286,4,188,-15024,7392,1115,469,914,8.51,3.58,6.97
72319,4,-228,-14728,6992,2143,-61,852,16.35,-0.47,6.5
72331,4,-100,-14468,6936,2107,11,1053,16.08,0.08,8.03
72343,4,52,-14440,6708,1456,205,1166,11.11,1.56,8.9
72355,4,-304,-14304,6536,736,439,1427,5.62,3.35,10.89
72367,4,-68,-14148,6728,378,291,1568,2.88,2.22,11.96
72379,4,260,-13980,6840,355,128,1392,2.71,0.98,10.62
72391,4,160,-13964,7044,486,-144,1094,3.71,-1.1,8.35
72403,4,-116,-14084,7004,641,-153,1015,4.89,-1.17,7.74
72415,4,4,-14156,7040,752,-222,953,5.74,-1.69,7.27
72448,4,-212,-14124,6876,379,-84,1439,2.89,-0.64,10.98
72460,4,-144,-13972,6916,142,32,1866,1.08,0.24,14.24
72472,4,48,-14048,6808,-140,177,2196,-1.07,1.35,16.75
72484,4,260,-14076,7076,-427,673,2398,-3.26,5.13,18.3
72496,4,340,-14036,7340,-333,736,2123,-2.54,5.62,16.2
72508,4,32,-14052,7484,209,711,1772,1.59,5.42,13.52
72520,4,0,-14112,7892,1117,820,1551,8.52,6.26,11.83
72532,4,-128,-14212,10728,4758,196,1659,36.3,1.5,12.66
72544,4,-1304,-15160,16272,14338,738,2911,109.39,5.63,22.21
72577,4,-1220,-16480,19984,32767,292,5118,249.99,2.23,39.05
72589,4,-396,-15732,17692,32767,-749,3156,249.99,-5.71,24.08
72601,4,-264,-15100,18080,32767,-3612,2261,249.99,-27.56,17.25
72613,4,-836,-14884,19312,32767,29,212,249.99,0.22,1.62
72625,4,-1092,-15044,19132,32767,2658,-1827,249.99,20.28,-13.94
72637,4,-1476,-14524,16656,32767,-931,-280,249.99,-7.1,-2.14
72649,4,-712,-12660,18612,32767,-3232,157,249.99,-24.66,1.2
72661,4,-1768,-10896,16852,32767,-2606,306,249.99,-19.88,2.33
72673,4,-2408,-7936,11996,32767,-3917,1369,249.99,-29.88,10.44
72706,4,-1896,724,9420,32767,-399,1941,249.99,-3.04,14.81
72718,4,-664,-4496,6332,32767,-4979,7318,249.99,-37.99,55.83
72730,4,-3256,6672,3404,32767,-3909,4473,249.99,-29.82,34.13
72742,4,-1892,6976,7712,32767,-4267,5023,249.99,-32.55,38.32
72754,4,-1140,7784,6396,32767,-274,4529,249.99,-2.09,34.55
72766,4,816,7780,5088,32767,881,4882,249.99,6.72,37.25
72778,4,784,8556,896,28654,-5402,6084,218.61,-41.21,46.42
72790,4,-84,10824,432,24978,-5720,5469,190.57,-43.64,41.73
72802,4,712,12028,4868,22561,-4325,5225,172.13,-33,39.86
72835,4,3652,16204,4928,23357,-3315,2136,178.2,-25.29,16.3
72847,4,1672,13104,6312,9807,653,1337,74.82,4.98,10.2
72859,4,2912,14060,7468,10318,2495,438,78.72,19.04,3.34
72871,4,2536,15172,7288,7870,-2893,1876,60.04,-22.07,14.31
72883,4,1976,15804,7372,9393,-176,727,71.66,-1.34,5.55
72895,4,1824,15396,8196,6410,-24,1112,48.9,-0.18,8.48
72907,4,1972,16216,8876,3100,-2249,2397,23.65,-17.16,18.29
72919,4,2772,17344,9692,2881,-1661,2236,21.98,-12.67,17.06
72931,4,3696,17784,10852,2618,-1698,1929,19.97,-12.95,14.72
72964,4,3496,16060,7476,972,1830,-876,7.42,13.96,-6.68
72976,4,3204,15428,6768,184,2511,-1466,1.4,19.16,-11.18
72988,4,2896,15236,6832,-338,2893,-1845,-2.58,22.07,-14.08
73000,4,2556,14788,6408,-851,2679,-1938,-6.49,20.44,-14.79
73012,4,2352,14768,6540,-1195,2276,-1784,-9.12,17.36,-13.61
73024,4,2112,14704,6564,-1146,1963,-1715,-8.74,14.98,-13.08
73036,4,2084,14596,6108,-1382,2112,-1807,-10.54,16.11,-13.79
73048,4,2096,14840,6696,-1519,1814,-1912,-11.59,13.84,-14.59
73060,4,1888,14780,6176,-1767,2134,-2154,-13.48,16.28,-16.43
73093,4,988,14284,5700,-4368,2650,-2161,-33.33,20.22,-16.49
73105,4,1236,14472,6412,-5496,2351,-1983,-41.93,17.94,-15.13
73117,4,1140,14692,7100,-6170,2060,-1948,-47.07,15.72,-14.86
73129,4,1188,14652,7692,-6956,2115,-2166,-53.07,16.14,-16.53
73141,4,1092,14892,8768,-7005,2116,-2298,-53.44,16.14,-17.53
73153,4,812,14484,8240,-7614,2843,-2668,-58.09,21.69,-20.36
73165,4,628,14240,8212,-8844,3175,-2846,-67.47,24.22,-21.71
73177,4,276,14112,8112,-9599,2669,-2578,-73.23,20.36,-19.67
73189,4,-260,13744,8148,-10758,2516,-2288,-82.08,19.2,-17.46
73222,4,-352,14460,11592,-9922,1638,-1094,-75.7,12.5,-8.35
73234,4,-412,14424,12372,-8198,1524,-794,-62.55,11.63,-6.06
73246,4,-476,14356,12368,-6175,965,-308,-47.11,7.36,-2.35
73258,4,-812,13764,11412,-4921,633,219,-37.54,4.83,1.67
73270,4,-708,13420,10572,-4639,675,627,-35.39,5.15,4.78
73282,4,-500,13280,9884,-4403,360,908,-33.59,2.75,6.93
73294,4,-632,12944,9712,-4424,-73,1298,-33.75,-0.56,9.9
73306,4,-512,12628,9592,-5209,-318,1595,-39.74,-2.43,12.17
73318,4,-188,12032,8984,-6768,-774,1880,-51.64,-5.91,14.34
73351,4,112,11736,10228,-12182,-5518,3824,-92.94,-42.1,29.17
73363,4,832,13092,14500,-8900,-4793,4128,-67.9,-36.57,31.49
73375,4,1284,12916,15004,-4710,-3622,4022,-35.93,-27.63,30.69
73387,4,1232,12220,13344,-3541,-2326,3906,-27.02,-17.75,29.8
73399,4,1816,11920,12504,-5269,37,3733,-40.2,0.28,28.48
73411,4,2576,12148,11524,-6551,2664,3129,-49.98,20.32,23.87
73423,4,3472,12220,10184,-7197,6033,1914,-54.91,46.03,14.6
73435,4,5896,12044,8644,-9337,13581,-717,-71.24,103.61,-5.47
73447,4,8592,11952,7960,-11741,23412,-5404,-89.58,178.62,-41.23
73480,4,7952,10320,5104,-18900,32767,-22914,-144.2,249.99,-174.82
73492,4,5812,8424,2636,-20780,32767,-29684,-158.54,249.99,-226.47
73504,4,2496,6464,116,-23157,32767,-32768,-176.67,249.99,-250
73516,4,-1568,4732,-1856,-25512,32767,-32768,-194.64,249.99,-250
73528,4,-4968,2800,-1544,-26413,32767,-32768,-201.52,249.99,-250
73540,4,-9404,712,-76,-26480,32767,-32768,-202.03,249.99,-250
73552,4,-12864,-1176,1924,-24957,32767,-32768,-190.41,249.99,-250
73564,4,-18400,-2520,5220,-21606,32767,-32768,-164.84,249.99,-250
73576,4,-24328,-3648,7232,-17636,32767,-32768,-134.55,249.99,-250
73609,4,-29156,-1696,10488,-9374,20729,-13061,-71.52,158.15,-99.65
73621,4,-25384,-1456,8716,-5578,13373,-6720,-42.56,102.03,-51.27
73633,4,-21796,-1416,6244,-4442,6115,-2057,-33.89,46.65,-15.69
73645,4,-19212,-856,4084,-3551,2772,161,-27.09,21.15,1.23
73657,4,-17712,-632,2864,-2668,1987,937,-20.36,15.16,7.15
73669,4,-16668,-616,2440,-1970,2989,659,-15.03,22.8,5.03
73681,4,-15800,-804,2284,-1969,4097,220,-15.02,31.26,1.68
73693,4,-14552,-880,2120,-2418,5251,-755,-18.45,40.06,-5.76
73705,4,-13908,-840,2364,-2557,5690,-1964,-19.51,43.41,-14.98
73738,4,-15428,-1236,2848,-2335,4737,-3750,-17.81,36.14,-28.61
73750,4,-15820,-1072,3088,-2177,3880,-3609,-16.61,29.6,-27.53
73762,4,-16356,-1004,3304,-1996,3918,-3174,-15.23,29.89,-24.22
73774,4,-16328,-1004,3148,-1837,3655,-2588,-14.02,27.89,-19.74
73786,4,-16312,-1036,2852,-1649,3125,-2103,-12.58,23.84,-16.04
73798,4,-15956,-752,2576,-1712,2430,-1661,-13.06,18.54,-12.67
73810,4,-15432,-824,2456,-1660,1915,-1554,-12.66,14.61,-11.86
73822,4,-15484,-972,2248,-1589,1290,-1533,-12.12,9.84,-11.7
73834,4,-15720,-1056,2728,-1809,1236,-1494,-13.8,9.43,-11.4
73867,4,-16324,-1496,3328,-671,329,-793,-5.12,2.51,-6.05
73879,4,-16296,-1252,3328,-631,38,-494,-4.81,0.29,-3.77
73891,4,-15828,-1276,3264,-765,-436,-140,-5.84,-3.33,-1.07
73903,4,-15740,-1188,2888,-757,-1062,59,-5.78,-8.1,0.45
73915,4,-15392,-1076,2584,-1070,-74,-59,-8.16,-0.56,-0.45
73927,4,-15096,-1176,2380,-1008,529,-432,-7.69,4.04,-3.3
73939,4,-15188,-1140,2396,-1176,214,-532,-8.97,1.63,-4.06
73951,4,-15180,-1268,3068,-1189,444,-719,-9.07,3.39,-5.49
73963,4,-15536,-1484,3204,-1202,962,-876,-9.17,7.34,-6.68
73996,4,-15888,-1608,2900,-2053,433,-501,-15.66,3.3,-3.82
74008,4,-15668,-1448,3044,-2320,170,-394,-17.7,1.3,-3.01
74020,4,-15576,-1388,2916,-2179,190,-385,-16.62,1.45,-2.94
74032,4,-15668,-1440,2724,-1830,294,-481,-13.96,2.24,-3.67
74044,4,-15936,-1508,2688,-1660,-37,-340,-12.66,-0.28,-2.59
74056,4,-15752,-1440,2984,-1367,13,-240,-10.43,0.1,-1.83
74068,4,-15720,-1520,2836,-1113,85,-166,-8.49,0.65,-1.27
74080,4,-15780,-1596,2528,-1187,346,-159,-9.06,2.64,-1.21
74092,4,-15740,-1556,2648,-1461,637,-69,-11.15,4.86,-0.53
74125,4,-15684,-1864,2548,-2197,860,-23,-16.76,6.56,-0.18
74137,4,-15796,-1712,2884,-2267,940,-103,-17.3,7.17,-0.79
74149,4,-16040,-1732,3188,-2005,1236,-87,-15.3,9.43,-0.66
74161,4,-16188,-1820,3012,-1681,1389,-77,-12.83,10.6,-0.59
74173,4,-16000,-1932,2896,-1731,990,101,-13.21,7.55,0.77
74185,4,-16260,-1960,2680,-1679,-122,260,-12.81,-0.93,1.98
74197,4,-16860,-2176,2452,-1749,-1611,757,-13.34,-12.29,5.78
74209,4,-17664,-2496,2576,-1315,-3651,1351,-10.03,-27.85,10.31
74221,4,-19044,-2944,2776,-110,-7756,2519,-0.84,-59.17,19.22
74254,4,-29948,-5420,3124,6961,-32768,11261,53.11,-250,85.91
74266,4,-30560,-5044,2212,9898,-32768,16956,75.52,-250,129.36
74278,4,-27888,-4984,-1160,10867,-32768,22068,82.91,-250,168.37
74290,4,-23376,-3824,-5044,9931,-32768,25679,75.77,-250,195.92
74302,4,-18352,-2344,-7476,9132,-32768,27450,69.67,-250,209.43
74314,4,-10836,-1076,-6368,8801,-32768,26919,67.15,-250,205.38
74326,4,-2496,600,-2628,10708,-32768,23893,81.7,-250,182.29
74338,4,5264,3468,2616,14404,-32768,19856,109.89,-250,151.49
74350,4,11196,6088,4596,18277,-32768,15470,139.44,-250,118.03
74383,4,20144,5504,9708,4799,-32768,1577,36.61,-250,12.03
74395,4,14824,2660,15240,167,-32768,-2672,1.27,-250,-20.39
74407,4,8488,1892,19540,-4740,-25069,-2426,-36.16,-191.26,-18.51
74419,4,5260,2988,20232,-5043,-15343,-248,-38.48,-117.06,-1.89
74431,4,6248,2880,17796,-4741,-8545,1832,-36.17,-65.19,13.98
74443,4,8820,2908,16144,-6161,-5061,2752,-47,-38.61,21
74455,4,10768,4132,16516,-6071,-9315,2748,-46.32,-71.07,20.97
74467,4,9512,4500,14932,-4959,-10285,3153,-37.83,-78.47,24.06
74479,4,9096,4716,12076,-3678,-6459,2258,-28.06,-49.28,17.23
74512,4,9420,4424,9164,-5171,-5903,1353,-39.45,-45.04,10.32
74524,4,9592,4372,9468,-5005,-5955,594,-38.19,-45.43,4.53
74536,4,8516,3920,9552,-4562,-5993,-7,-34.81,-45.72,-0.05
74548,4,7788,3396,10616,-4501,-4664,55,-34.34,-35.58,0.42
74560,4,7680,3156,11960,-4292,-3177,679,-32.75,-24.24,5.18
74572,4,7932,3184,13536,-3474,-1823,1242,-26.5,-13.91,9.48
74584,4,8464,2960,13996,-2475,578,1663,-18.88,4.41,12.69
74596,4,9280,2760,13880,-1360,1204,1310,-10.38,9.19,9.99
74608,4,9596,2488,14040,-1049,870,811,-8,6.64,6.19
74641,4,9696,1880,15752,-576,-826,-378,-4.39,-6.3,-2.88
74653,4,9588,1868,17012,-155,-1854,-213,-1.18,-14.14,-1.63
74665,4,9212,1924,17204,543,-657,-474,4.14,-5.01,-3.62
74677,4,8936,1660,16712,1021,654,-253,7.79,4.99,-1.93
74689,4,8848,1608,15580,913,1839,125,6.97,14.03,0.95
74701,4,9128,1648,14584,510,2613,305,3.89,19.94,2.33
74713,4,9132,1688,13968,143,2793,93,1.09,21.31,0.71
74725,4,9164,1892,14176,291,1343,-57,2.22,10.25,-0.43
74737,4,8680,1896,14328,352,536,-345,2.69,4.09,-2.63
74770,4,8136,2028,13804,948,429,73,7.23,3.27,0.56
74782,4,8432,2164,13524,854,1053,372,6.52,8.03,2.84
74794,4,8660,2176,13004,586,1276,380,4.47,9.74,2.9
74806,4,9000,2344,12804,479,1082,348,3.65,8.26,2.66
74818,4,9404,2364,13184,303,658,-58,2.31,5.02,-0.44
74830,4,9252,2452,13376,150,362,-404,1.14,2.76,-3.08
74842,4,8948,2576,13988,755,-251,-483,5.76,-1.91,-3.68
74854,4,8796,2460,14084,1017,478,-434,7.76,3.65,-3.31
74866,4,9224,2540,14164,1226,1083,-404,9.35,8.26,-3.08
74899,4,8708,2360,13712,1319,2622,-945,10.06,20,-7.21
74911,4,8292,2284,13372,1050,2778,-835,8.01,21.19,-6.37
74923,4,8332,2292,13296,575,2703,-741,4.39,20.62,-5.65
74935,4,8368,2400,13220,185,2105,-812,1.41,16.06,-6.2
74947,4,8176,2340,13444,31,1519,-677,0.24,11.59,-5.17
74959,4,8060,2344,13532,-203,1771,-556,-1.55,13.51,-4.24
74971,4,8660,2640,14668,372,1317,-467,2.84,10.05,-3.56
74983,4,8520,2500,14848,1107,1682,-690,8.45,12.83,-5.26
74995,4,8540,2544,14628,1576,2416,-828,12.02,18.43,-6.32
75028,4,8628,2604,13972,1426,2856,-1059,10.88,21.79,-8.08
75040,4,8588,2688,14292,1635,2988,-1250,12.47,22.8,-9.54
75052,4,8616,2900,14896,2060,3177,-1472,15.72,24.24,-11.23
75064,4,8796,3088,15920,3605,3892,-1938,27.5,29.69,-14.79
75076,4,8840,2948,15852,4303,5311,-2608,32.83,40.52,-19.9
75088,4,8652,2948,15112,4217,5785,-2852,32.17,44.14,-21.76
75100,4,8848,3032,14660,3878,5342,-2831,29.59,40.76,-21.6
75112,4,8716,2592,13344,2008,6179,-3298,15.32,47.14,-25.16
75124,4,8312,1732,11440,-2609,7921,-3629,-19.91,60.43,-27.69
75157,4,7564,-3664,6360,-32768,12363,-1023,-250,94.32,-7.8
75169,4,6468,-740,6728,-32768,17614,1742,-250,134.38,13.29
75181,4,5164,-1732,7632,-32768,21894,3716,-250,167.04,28.35
75193,4,5152,-3372,7944,-32768,21877,3248,-250,166.91,24.78
75205,4,2776,-6932,5800,-32768,17524,2247,-250,133.7,17.14
75217,4,640,-11580,6580,-32768,13476,2191,-250,102.81,16.72
75229,4,64,-13056,7848,-32768,10289,2723,-250,78.5,20.77
75241,4,812,-15416,11624,-32768,7167,4354,-250,54.68,33.22
75253,4,392,-16304,16020,-32768,5603,6407,-250,42.75,48.88
75286,4,3344,-16492,21176,-32768,8158,5917,-250,62.24,45.14
75298,4,2120,-15220,21028,-24703,9071,3567,-188.47,69.21,27.21
75310,4,1128,-14448,18576,-11783,9142,2075,-89.9,69.75,15.83
75322,4,1472,-15468,14036,-4301,8530,857,-32.81,65.08,6.54
75334,4,1444,-14628,8620,-3360,7404,-197,-25.63,56.49,-1.5
75346,4,1140,-13092,5096,-3567,3146,-438,-27.21,24,-3.34
75358,4,1064,-11848,5316,-2639,305,-1127,-20.13,2.33,-8.6
75370,4,1304,-12120,6420,-2863,622,-559,-21.84,4.75,-4.26
75382,4,2308,-12424,6784,-2268,-297,-233,-17.3,-2.27,-1.78
75415,4,1612,-13152,7800,760,-100,809,5.8,-0.76,6.17
75427,4,1728,-13596,7132,1760,480,847,13.43,3.66,6.46
75439,4,2456,-14000,5688,2016,-1639,-557,15.38,-12.5,-4.25
75451,4,2132,-13096,5612,1792,1228,-727,13.67,9.37,-5.55
75463,4,2364,-13552,5664,914,233,-1008,6.97,1.78,-7.69
75475,4,2480,-14088,6136,-847,-517,-766,-6.46,-3.94,-5.84
75487,4,2016,-14456,6944,-1824,236,-10,-13.92,1.8,-0.08
75499,4,1984,-14612,7592,-1416,-25,886,-10.8,-0.19,6.76
75511,4,2368,-14668,7872,-136,50,1293,-1.04,0.38,9.86
75544,4,2692,-15004,7652,2611,155,-111,19.92,1.18,-0.85
75556,4,2444,-14988,7596,3157,248,-440,24.09,1.89,-3.36
75568,4,2352,-14776,7340,3279,169,-466,25.02,1.29,-3.56
75580,4,2360,-14596,6908,2705,329,-261,20.64,2.51,-1.99
75592,4,2280,-14140,6568,1989,582,172,15.17,4.44,1.31
75604,4,2060,-13956,6616,1290,637,849,9.84,4.86,6.48
75616,4,2228,-13816,6952,952,889,1303,7.26,6.78,9.94
75628,4,2336,-13584,7108,865,1030,1368,6.6,7.86,10.44
75640,4,2192,-13644,7304,1448,553,1079,11.05,4.22,8.23
75673,4,1872,-13892,7536,2697,101,436,20.58,0.77,3.33
75685,4,1880,-13648,7312,2859,-35,623,21.81,-0.27,4.75
75697,4,2056,-13576,7108,2678,192,772,20.43,1.46,5.89
75709,4,2044,-13500,7188,2364,128,970,18.04,0.98,7.4
75721,4,1980,-13500,6988,1857,399,1178,14.17,3.04,8.99
75733,4,1920,-13600,7056,1289,621,1383,9.83,4.74,10.55
75745,4,2200,-13864,6672,-266,950,1424,-2.03,7.25,10.86
75757,4,2192,-13772,6980,-1567,889,1300,-11.96,6.78,9.92
75769,4,1908,-13824,7424,-1927,568,1148,-14.7,4.33,8.76
75802,4,1480,-13900,7356,-976,360,1134,-7.45,2.75,8.65
75814,4,1612,-13780,7248,-1104,566,1536,-8.42,4.32,11.72
75826,4,1792,-13760,7004,-1236,519,1642,-9.43,3.96,12.53
75838,4,1660,-13764,7160,-1398,481,1851,-10.67,3.67,14.12
75850,4,1628,-13924,7192,-1495,775,2150,-11.41,5.91,16.4
75862,4,1688,-13956,7328,-1343,934,2532,-10.25,7.13,19.32
75874,4,1624,-14124,7356,-1037,1047,2695,-7.91,7.99,20.56
75886,4,1596,-14192,7392,-716,997,2971,-5.46,7.61,22.67
75898,4,1376,-14496,7360,-346,880,3232,-2.64,6.71,24.66
75931,4,1128,-14328,7272,787,761,3642,6,5.81,27.79
75943,4,1364,-14376,7504,1296,923,3779,9.89,7.04,28.83
75955,4,1140,-14448,9344,3409,1263,3933,26.01,9.64,30.01
75967,4,768,-14804,13228,9530,1174,4474,72.71,8.96,34.13
75979,4,472,-15320,18936,21139,259,4914,161.28,1.98,37.49
75991,4,880,-16212,23020,32767,-812,4749,249.99,-6.2,36.23
76003,4,912,-15844,24956,32767,-2405,2891,249.99,-18.35,22.06
76015,4,1656,-15736,27968,32767,-5733,-171,249.99,-43.74,-1.3
76027,4,2900,-17376,29936,32767,-4311,-4008,249.99,-32.89,-30.58
76060,4,2632,-18312,15640,32767,3823,-7976,249.99,29.17,-60.85
76072,4,488,-14328,16156,32767,201,-6067,249.99,1.53,-46.29
76084,4,-952,-10920,10140,32767,3528,-5097,249.99,26.92,-38.89
76096,4,-1144,-6296,7424,32767,4162,-2719,249.99,31.75,-20.74
76108,4,-220,-260,8208,32767,2149,-1077,249.99,16.4,-8.22
76120,4,788,-3868,4612,32767,3918,1302,249.99,29.89,9.93
76132,4,1084,6336,-140,32767,10383,-2295,249.99,79.22,-17.51
76144,4,2452,5592,3304,32767,5117,-1390,249.99,39.04,-10.6
76156,4,-60,6764,4100,32767,4488,-1701,249.99,34.24,-12.98
76189,4,-1208,7884,-104,10529,-3917,571,80.33,-29.88,4.36
76201,4,-1736,8468,1132,6605,-2200,181,50.39,-16.78,1.38
76213,4,-896,9316,4456,-1479,-4671,1997,-11.28,-35.64,15.24
76225,4,-468,12848,10760,-3979,-5833,3173,-30.36,-44.5,24.21
76237,4,-116,14596,13764,-1022,-134,1387,-7.8,-1.02,10.58
76249,4,3348,15308,13948,2015,-1531,871,15.37,-11.68,6.65
76261,4,-340,14036,12700,1929,-362,710,14.72,-2.76,5.42
76273,4,-632,14184,9612,-3797,2394,365,-28.97,18.26,2.78
76285,4,-596,14612,10864,-2072,-824,2102,-15.81,-6.29,16.04
76318,4,1784,14880,12144,-212,476,889,-1.62,3.63,6.78
76330,4,1796,14544,11876,-943,521,463,-7.19,3.97,3.53
76342,4,1768,14588,12068,497,271,37,3.79,2.07,0.28
76354,4,1084,13860,11252,863,1191,-534,6.58,9.09,-4.07
76366,4,636,13708,11232,1102,866,-483,8.41,6.61,-3.68
76378,4,100,13368,10604,1173,852,-223,8.95,6.5,-1.7
76390,4,-80,12684,9580,555,1273,-12,4.23,9.71,-0.09
76402,4,376,12712,9472,1,937,403,0.01,7.15,3.07
76414,4,1044,13096,9780,860,405,467,6.56,3.09,3.56
76447,4,360,12452,8500,-709,763,16,-5.41,5.82,0.12
76459,4,660,12832,8860,-1615,426,149,-12.32,3.25,1.14
76471,4,680,13092,9432,-1339,234,44,-10.22,1.79,0.34
76483,4,344,13060,9448,-1046,369,-16,-7.98,2.82,-0.12
76495,4,308,13096,9768,-1138,117,178,-8.68,0.89,1.36
76507,4,384,13288,9940,-1319,-171,339,-10.06,-1.3,2.59
76519,4,560,13592,10460,-927,-59,297,-7.07,-0.45,2.27
76531,4,460,13512,10604,-73,332,147,-0.56,2.53,1.12
76543,4,372,13340,10380,189,565,125,1.44,4.31,0.95
76576,4,372,12980,9808,-118,789,227,-0.9,6.02,1.73
76588,4,708,13028,9968,-505,1067,126,-3.85,8.14,0.96
76600,4,824,13032,10004,-982,1476,-101,-7.49,11.26,-0.77
76612,4,1192,13020,9948,-1515,1559,-296,-11.56,11.89,-2.26
76624,4,1168,13152,10160,-1576,984,-366,-12.02,7.51,-2.79
76636,4,624,13312,10736,-1400,788,-357,-10.68,6.01,-2.72
76648,4,84,13196,10628,-1159,1183,-313,-8.84,9.03,-2.39
76660,4,-128,13076,10684,-923,944,167,-7.04,7.2,1.27
76672,4,-128,13224,10740,-505,-161,990,-3.85,-1.23,7.55
76705,4,52,13360,11056,1007,-2073,2747,7.68,-15.82,20.96
76717,4,308,13224,11040,756,-1306,2765,5.77,-9.96,21.1
76729,4,768,13400,10976,1077,-253,2367,8.22,-1.93,18.06
76741,4,1144,13224,10968,1441,519,1960,10.99,3.96,14.95
76753,4,1036,12940,10456,1391,755,1674,10.61,5.76,12.77
76765,4,996,12656,10056,850,747,1640,6.48,5.7,12.51
76777,4,892,12704,10024,181,635,1661,1.38,4.84,12.67
76789,4,464,12680,10420,-492,649,1897,-3.75,4.95,14.47
76801,4,680,12988,11152,-914,1223,1979,-6.97,9.33,15.1
76834,4,1960,12208,8592,-2600,3666,116,-19.84,27.97,0.89
76846,4,1872,12312,8912,-4087,5255,-849,-31.18,40.09,-6.48
76858,4,1584,12352,9208,-5163,8232,-2189,-39.39,62.81,-16.7
76870,4,1516,11920,8600,-6632,12454,-4057,-50.6,95.02,-30.95
76882,4,2080,11576,6952,-9002,19936,-7380,-68.68,152.1,-56.3
76894,4,4340,11048,5372,-12580,28945,-12469,-95.98,220.83,-95.13
76906,4,7860,10956,4232,-16969,32767,-19562,-129.46,249.99,-149.25
76918,4,8480,10300,3224,-20774,32767,-28158,-158.49,249.99,-214.83
76930,4,5460,8560,928,-24779,32767,-32768,-189.05,249.99,-250
76963,4,-4768,900,-1648,-32768,32767,-32768,-250,249.99,-250
76975,4,-10160,-836,-560,-32768,32767,-32768,-250,249.99,-250
76987,4,-16192,-3216,-108,-31961,32767,-32768,-243.84,249.99,-250
76999,4,-22236,-5748,2596,-26786,32767,-32768,-204.36,249.99,-250
77011,4,-27160,-6576,5780,-20264,32767,-32768,-154.6,249.99,-250
77023,4,-32768,-5832,9116,-19482,32767,-32768,-148.64,249.99,-250
77035,4,-32768,-3372,10776,-20123,32767,-23634,-153.53,249.99,-180.31
77047,4,-28680,-1320,10512,-16780,29279,-14203,-128.02,223.38,-108.36
77059,4,-22876,-972,8344,-13511,22279,-7561,-103.08,169.98,-57.69
77092,4,-17836,-1708,1040,-4331,8363,218,-33.04,63.8,1.66
77104,4,-15644,-1988,-428,-3565,8603,33,-27.2,65.64,0.25
77116,4,-13852,-1540,-1072,-3630,9620,-1192,-27.69,73.39,-9.09
77128,4,-13024,-1276,-96,-2356,10213,-2626,-17.97,77.92,-20.03
77140,4,-13536,-956,364,-1501,11395,-4152,-11.45,86.94,-31.68
77152,4,-14304,-1232,-268,-759,11028,-4805,-5.79,84.14,-36.66
77164,4,-14536,-1456,-732,-582,9514,-4779,-4.44,72.59,-36.46
77176,4,-14332,-1488,-968,-591,7075,-4468,-4.51,53.98,-34.09
77188,4,-14736,-1608,-908,-810,4465,-4079,-6.18,34.07,-31.12
77221,4,-15100,-2012,-220,428,1743,-3863,3.27,13.3,-29.47
77233,4,-15324,-2264,-112,969,1981,-3951,7.39,15.11,-30.14
77245,4,-15844,-2608,-960,1119,1447,-3611,8.54,11.04,-27.55
77257,4,-16388,-2884,-1620,607,1152,-3225,4.63,8.79,-24.6
77269,4,-16420,-2848,-1344,455,833,-2841,3.47,6.36,-21.68
77281,4,-16532,-2944,-1552,191,846,-2456,1.46,6.45,-18.74
77293,4,-16404,-3220,-1740,-35,1199,-2387,-0.27,9.15,-18.21
77305,4,-16344,-3396,-2216,-825,776,-2071,-6.29,5.92,-15.8
77317,4,-16268,-3436,-2180,-1559,650,-1992,-11.89,4.96,-15.2
77350,4,-16412,-3640,-1856,-1239,388,-1229,-9.45,2.96,-9.38
77362,4,-15708,-3396,-1092,-995,794,-1353,-7.59,6.06,-10.32
77374,4,-15536,-3604,-1336,-807,648,-1387,-6.16,4.94,-10.58
77386,4,-15716,-3608,-1748,-1042,1168,-1559,-7.95,8.91,-11.89
77398,4,-15540,-3492,-1932,-1250,1553,-1681,-9.54,11.85,-12.83
77410,4,-15832,-3556,-2124,-1380,1688,-1644,-10.53,12.88,-12.54
77422,4,-15848,-3744,-2104,-1906,995,-1296,-14.54,7.59,-9.89
77434,4,-15892,-3736,-2168,-2585,466,-904,-19.72,3.56,-6.9
77446,4,-15828,-3584,-2520,-3311,969,-847,-25.26,7.39,-6.46
77479,4,-15044,-3300,-1948,-4420,2937,-1646,-33.72,22.41,-12.56
77491,4,-14948,-3404,-1788,-4507,2969,-1853,-34.39,22.65,-14.14
77503,4,-15048,-3616,-1844,-4791,3089,-2152,-36.55,23.57,-16.42
77515,4,-15336,-3696,-1748,-5179,2945,-2249,-39.51,22.47,-17.16
77527,4,-15656,-3468,-1112,-4778,3264,-2199,-36.45,24.9,-16.78
77539,4,-15784,-3548,-1396,-4281,3327,-1977,-32.66,25.38,-15.08
77551,4,-15848,-3732,-1976,-4023,2742,-1736,-30.69,20.92,-13.24
77563,4,-15724,-3772,-2272,-4243,2248,-1482,-32.37,17.15,-11.31
77575,4,-15472,-3716,-2344,-4970,2564,-1530,-37.92,19.56,-11.67
77608,4,-15180,-3852,-2592,-5225,2693,-2066,-39.86,20.55,-15.76
77620,4,-15208,-3872,-2656,-5643,2302,-2061,-43.05,17.56,-15.72
77632,4,-15532,-3880,-2620,-5698,1552,-2025,-43.47,11.84,-15.45
77644,4,-15988,-3944,-2768,-5199,485,-1678,-39.67,3.7,-12.8
77656,4,-16304,-4244,-2840,-4352,-833,-1280,-33.2,-6.36,-9.77
77668,4,-17376,-4928,-2688,-3295,-4326,-320,-25.14,-33,-2.44
77680,4,-19812,-5392,-2620,-1079,-11406,1996,-8.23,-87.02,15.23
77692,4,-24188,-6228,-3540,1981,-24548,7237,15.11,-187.29,55.21
77704,4,-26908,-7492,-4836,6770,-32768,12473,51.65,-250,95.16
77737,4,-29072,-9320,-9292,10235,-32768,32767,78.09,-250,249.99
77749,4,-22064,-5744,-5804,12638,-32768,32767,96.42,-250,249.99
77761,4,-11556,-4380,-1860,20138,-32768,32767,153.64,-250,249.99
77773,4,1616,-3156,2464,27382,-32768,32767,208.91,-250,249.99
77785,4,11608,-288,1948,23625,-32768,21980,180.24,-250,167.69
77797,4,14340,5052,-732,12680,-32768,8380,96.74,-250,63.93
77809,4,10728,8572,-5268,-2141,-32768,2920,-16.33,-250,22.28
77821,4,14452,3964,-5276,-20549,-32768,-1549,-156.78,-250,-11.82
77833,4,10032,2904,10084,-19941,-32768,4,-152.14,-250,0.03
77866,4,11576,-60,15956,-9881,-7151,2206,-75.39,-54.56,16.83
77878,4,13392,568,21028,-8684,-11584,1959,-66.25,-88.38,14.95
77890,4,11396,1700,23152,-2476,-13360,847,-18.89,-101.93,6.46
77902,4,9036,2532,22180,3622,-12152,510,27.63,-92.71,3.89
77914,4,9472,2356,15724,7751,-9151,221,59.14,-69.82,1.69
77926,4,10096,1784,9036,6215,-7842,-40,47.42,-59.83,-0.31
77938,4,9216,1748,5848,1911,-7469,92,14.58,-56.98,0.7
77950,4,7688,1848,5500,-1662,-3808,353,-12.68,-29.05,2.69
77962,4,7684,2144,7560,-5403,-2852,1690,-41.22,-21.76,12.89
77995,4,9484,2328,11688,-668,-1324,1102,-5.1,-10.1,8.41
78007,4,7896,1116,12132,985,179,1300,7.51,1.37,9.92
78019,4,8384,904,13256,1159,-612,1848,8.84,-4.67,14.1
78031,4,9880,748,13880,1305,-2382,1933,9.96,-18.17,14.75
78043,4,10516,396,13072,1039,-2009,1035,7.93,-15.33,7.9
78055,4,11008,276,14320,-347,-3647,587,-2.65,-27.82,4.48
78067,4,10580,772,15504,-314,-4033,-261,-2.4,-30.77,-1.99
78079,4,9448,680,16576,741,-2956,-636,5.65,-22.55,-4.85
78091,4,9084,524,16460,1509,-2053,-416,11.51,-15.66,-3.17
78124,4,9828,64,14476,1117,-3151,210,8.52,-24.04,1.6
78136,4,8672,-344,13536,219,-3535,737,1.67,-26.97,5.62
78148,4,8712,100,13168,-413,-3407,1357,-3.15,-25.99,10.35
78160,4,9476,472,12624,-486,-2247,1354,-3.71,-17.14,10.33
78172,4,9640,452,11988,-443,-1822,1590,-3.38,-13.9,12.13
78184,4,10720,780,12764,-844,-2070,1584,-6.44,-15.79,12.08
78196,4,10256,668,12528,256,-1809,1160,1.95,-13.8,8.85
78208,4,9580,236,11368,-109,-2220,1637,-0.83,-16.94,12.49
78220,4,9824,516,11164,-979,-1978,2180,-7.47,-15.09,16.63
78253,4,11768,556,11436,-2452,1159,1115,-18.71,8.84,8.51
78265,4,11124,372,12004,-2594,1757,662,-19.79,13.4,5.05
78277,4,10400,44,12372,-3935,3563,723,-30.02,27.18,5.52
78289,4,11916,832,14316,-2163,1667,688,-16.5,12.72,5.25
78301,4,11756,212,15032,21,132,190,0.16,1.01,1.45
78313,4,10848,-328,14376,-49,1695,-230,-0.37,12.93,-1.75
78325,4,10832,-20,13972,846,1529,-159,6.45,11.67,-1.21
78337,4,10716,-340,13664,-246,839,363,-1.88,6.4,2.77
78349,4,11148,-72,13532,-349,183,392,-2.66,1.4,2.99
78382,4,10732,-400,12992,-1626,2676,320,-12.41,20.42,2.44
78394,4,11368,-468,13136,-2089,3871,-128,-15.94,29.53,-0.98
78406,4,11372,-568,13808,-3298,5284,-705,-25.16,40.31,-5.38
78418,4,11516,-216,14564,-2996,5520,-1513,-22.86,42.11,-11.54
78430,4,11024,-348,14616,-2164,6417,-2322,-16.51,48.96,-17.72
78442,4,10784,-384,14856,-1753,7699,-2734,-13.37,58.74,-20.86
78454,4,10452,-460,14716,-3222,8534,-2809,-24.58,65.11,-21.43
78466,4,9852,-892,13536,-4431,9660,-2316,-33.81,73.7,-17.67
78478,4,10500,-2072,12892,-7617,10025,-2003,-58.11,76.48,-15.28
78511,4,10136,-6808,9536,-32768,8747,-196,-250,66.73,-1.5
78523,4,8856,-6868,7744,-32768,6991,3225,-250,53.34,24.6
78535,4,7348,-7288,8112,-32768,12226,5507,-250,93.28,42.02
78547,4,7140,-7444,9300,-32768,17930,7660,-250,136.8,58.44
78559,4,6608,-7076,9516,-32768,17037,8598,-250,129.98,65.6
78571,4,6560,-8220,9828,-32768,15135,9290,-250,115.47,70.88
78583,4,6056,-8464,10296,-32768,14778,9312,-250,112.75,71.04
78595,4,5352,-10856,9972,-32768,13572,8998,-250,103.55,68.65
78607,4,3828,-10620,10612,-32768,12514,9886,-250,95.47,75.42
78640,4,5308,-12256,14916,-30395,11072,4583,-231.9,84.47,34.97
78652,4,4240,-11708,15488,-20927,9194,2769,-159.66,70.14,21.13
78664,4,2800,-12260,14568,-11108,7272,2419,-84.75,55.48,18.46
78676,4,1716,-12080,11376,-5914,5401,4228,-45.12,41.21,32.26
78688,4,1392,-11332,8240,-2934,5066,7020,-22.38,38.65,53.56
78700,4,1884,-11332,6172,-1412,3743,9062,-10.77,28.56,69.14
78712,4,4392,-12140,5432,-2917,3500,7422,-22.25,26.7,56.63
78724,4,3964,-11928,6168,-3564,1747,3960,-27.19,13.33,30.21
78736,4,2532,-12532,6936,-2956,400,1990,-22.55,3.05,15.18
78769,4,2888,-13876,8640,605,-936,1247,4.62,-7.14,9.51
78781,4,2776,-13416,7372,1349,706,2429,10.29,5.39,18.53
78793,4,3020,-13600,6916,1995,1299,2575,15.22,9.91,19.65
78805,4,2892,-14196,6072,800,519,2561,6.1,3.96,19.54
78817,4,2604,-14032,4948,-1684,1072,2863,-12.85,8.18,21.84
78829,4,3216,-14388,5380,-3402,826,2770,-25.96,6.3,21.13
78841,4,3232,-14448,6768,-3531,-98,2223,-26.94,-0.75,16.96
78853,4,3148,-14520,7624,-2520,-114,2055,-19.23,-0.87,15.68
78865,4,3944,-14804,7728,-1047,399,1824,-7.99,3.04,13.92
78898,4,2924,-15012,6628,1124,404,158,8.58,3.08,1.21
78910,4,3024,-14916,6740,1382,174,53,10.54,1.33,0.4
78922,4,3156,-15024,6696,1363,425,361,10.4,3.24,2.75
78934,4,2872,-14660,6400,932,786,887,7.11,6,6.77
78946,4,2640,-14320,6100,161,1085,1905,1.23,8.28,14.53
78958,4,3052,-14116,5788,-651,1417,2351,-4.97,10.81,17.94
78970,4,3604,-14060,6184,-1079,1028,1888,-8.23,7.84,14.4
78982,4,3480,-14212,6788,-757,797,843,-5.78,6.08,6.43
78994,4,3044,-14304,7064,-106,598,207,-0.81,4.56,1.58
79027,4,2404,-14156,6164,397,812,67,3.03,6.2,0.51
79039,4,2456,-13900,6172,-92,938,696,-0.7,7.16,5.31
79051,4,2812,-13768,6184,-442,929,1052,-3.37,7.09,8.03
79063,4,3096,-13784,6416,-543,1062,973,-4.14,8.1,7.42
79075,4,2904,-13860,6604,-270,1054,700,-2.06,8.04,5.34
79087,4,2740,-14076,6776,152,997,547,1.16,7.61,4.17
79099,4,2536,-14104,6700,584,1034,656,4.46,7.89,5
79111,4,2300,-14356,6556,890,886,825,6.79,6.76,6.29
79123,4,2548,-14424,6408,795,1017,1004,6.07,7.76,7.66
79156,4,2324,-14384,6296,313,1197,1179,2.39,9.13,9
79168,4,2148,-14268,6360,373,1091,1322,2.85,8.32,10.09
79180,4,2036,-14212,6472,573,1008,1550,4.37,7.69,11.83
79192,4,2036,-14244,6292,583,985,1872,4.45,7.51,14.28
79204,4,2152,-14216,6328,429,1206,2282,3.27,9.2,17.41
79216,4,2300,-14368,6268,497,1392,2301,3.79,10.62,17.56
79228,4,2996,-15300,6984,101,898,1114,0.77,6.85,8.5
79240,4,2324,-15748,7996,1036,1271,718,7.9,9.7,5.48
79252,4,1832,-15288,10056,4048,3835,791,30.88,29.26,6.03
79285,4,1872,-16680,28216,32767,3098,1666,249.99,23.64,12.71
79297,4,1224,-18560,30228,32767,2022,-733,249.99,15.43,-5.59
79309,4,2360,-19048,25628,32767,4144,-1208,249.99,31.62,-9.22
79321,4,2840,-18224,20404,32767,5248,-4073,249.99,40.04,-31.07
79333,4,3808,-15900,20640,32767,4113,-2313,249.99,31.38,-17.65
79345,4,3484,-15776,21096,32767,3988,-3673,249.99,30.43,-28.02
79357,4,2524,-15068,17552,32767,3644,-4669,249.99,27.8,-35.62
79369,4,412,-11216,16812,32767,-671,-2539,249.99,-5.12,-19.37
79381,4,-1880,-7520,11848,32767,1227,-898,249.99,9.36,-6.85
79414,4,3752,996,12464,32767,-330,1398,249.99,-2.52,10.67
79426,4,-324,4160,40,32767,1154,719,249.99,8.8,5.49
79438,4,456,5360,2100,32767,3197,-235,249.99,24.39,-1.79
79450,4,-512,7860,4564,32767,1829,522,249.99,13.95,3.98
79462,4,384,8284,5036,28571,2589,805,217.98,19.75,6.14
79474,4,1680,8924,4624,21835,-1149,2012,166.59,-8.77,15.35
79486,4,1632,9856,2788,13781,-3089,2340,105.14,-23.57,17.85
79498,4,1620,10324,1696,10283,6,831,78.45,0.05,6.34
79510,4,1944,9792,1752,1195,1408,681,9.12,10.74,5.2
79543,99,3472,14480,9172,-4957,687,118,-37.82,5.24,0.9
79555,99,2636,15116,10500,-2981,3333,-1142,-22.74,25.43,-8.71
79567,99,3000,14904,10984,-4070,3821,-1127,-31.05,29.15,-8.6
79579,99,2724,15484,10640,-3277,2698,-696,-25,20.58,-5.31
79591,99,2520,15492,10588,-3185,3205,-769,-24.3,24.45,-5.87
79603,99,2700,15460,10400,-3473,2671,-672,-26.5,20.38,-5.13
79615,99,2496,15144,10664,-4086,2624,-757,-31.17,20.02,-5.78
79627,99,2448,14644,10744,-4527,3190,-1263,-34.54,24.34,-9.64
79639,99,2460,14060,11088,-5150,3892,-1747,-39.29,29.69,-13.33
79672,99,972,13096,10984,-5227,3640,-2650,-39.88,27.77,-20.22
79684,99,548,13228,10840,-4035,2960,-2284,-30.78,22.58,-17.43
79696,99,528,13056,10444,-3398,2627,-1975,-25.92,20.04,-15.07
79708,99,248,12776,10284,-2888,1860,-1446,-22.03,14.19,-11.03
79720,99,4,12520,10116,-2299,1947,-1209,-17.54,14.85,-9.22
79732,99,-572,12324,9932,-2079,2358,-1012,-15.86,17.99,-7.72
79744,99,-300,12304,10012,-2010,2456,-668,-15.34,18.74,-5.1
79756,99,388,12460,10064,-2163,1691,-385,-16.5,12.9,-2.94
79768,99,656,12488,9952,-2140,2121,-746,-16.33,16.18,-5.69
79801,99,736,12252,9680,-3852,2323,-1967,-29.39,17.72,-15.01
79813,99,412,11948,9872,-4916,2938,-2318,-37.51,22.42,-17.68
79825,99,96,12364,10540,-4796,2771,-2293,-36.59,21.14,-17.49
79837,99,-404,12352,11220,-4297,3056,-2173,-32.78,23.32,-16.58
79849,99,-476,12240,11040,-3322,3132,-1867,-25.34,23.9,-14.24
79861,99,-412,12120,11232,-3243,2666,-1468,-24.74,20.34,-11.2
79873,99,-296,12108,11128,-3209,2706,-1224,-24.48,20.65,-9.34
79885,99,-16,11876,11000,-3215,2613,-1257,-24.53,19.94,-9.59
79897,99,76,12012,11140,-3425,2355,-1189,-26.13,17.97,-9.07
79930,99,-452,11704,11452,-3808,2136,-1254,-29.05,16.3,-9.57
79942,99,-404,12380,12900,-2536,1859,-1016,-19.35,14.18,-7.75
79954,99,-524,12000,12416,-1266,2087,-1129,-9.66,15.92,-8.61
79966,99,-828,11504,11824,-1467,2078,-1050,-11.19,15.85,-8.01
79978,99,-844,11596,11944,-1887,2008,-907,-14.4,15.32,-6.92
79990,99,-764,11700,12120,-991,1687,-755,-7.56,12.87,-5.76
80002,99,-788,11676,12336,-34,854,-451,-0.26,6.52,-3.44
80014,99,-1256,11704,12796,468,507,-149,3.57,3.87,-1.14
80026,99,-1180,11728,12796,1174,1003,-88,8.96,7.65,-0.67
80059,99,-784,12060,12884,2150,335,124,16.4,2.56,0.95
80071,99,-832,11844,12532,3195,532,142,24.38,4.06,1.08
80083,99,-1084,11716,12076,3372,310,319,25.73,2.37,2.43
80095,99,-1236,11740,11780,3322,-17,581,25.34,-0.13,4.43
80107,99,-1116,11892,11812,3716,-404,901,28.35,-3.08,6.87
80119,99,-1096,11744,11640,3694,-349,1128,28.18,-2.66,8.61
80131,99,-1040,11532,10544,3069,-388,1278,23.41,-2.96,9.75
80143,99,-684,11416,10296,1545,-730,1427,11.79,-5.57,10.89
80155,99,-348,11596,10416,628,-1077,1538,4.79,-8.22,11.73
80188,99,236,11336,9876,-190,-480,395,-1.45,-3.66,3.01
80200,99,-168,11360,9920,-1510,-325,172,-11.52,-2.48,1.31
80212,99,-356,11352,10148,-2716,-558,238,-20.72,-4.26,1.82
80224,99,-288,11020,10304,-4391,-643,225,-33.5,-4.91,1.72
80236,99,-212,10776,10532,-7646,-922,281,-58.33,-7.03,2.14
80248,99,-420,10044,10416,-11811,-1342,423,-90.11,-10.24,3.23
80260,99,-392,8056,8616,-21376,-2195,628,-163.09,-16.75,4.79
80272,99,-300,6392,7496,-32768,-2933,658,-250,-22.38,5.02
80284,99,-92,5572,6572,-32768,-4097,942,-250,-31.26,7.19
80317,99,724,2276,11440,-32768,-6744,1084,-250,-51.45,8.27
80329,99,1064,1052,13388,-32768,-6657,1161,-250,-50.79,8.86
80341,99,1300,-216,15188,-32768,-7514,1339,-250,-57.33,10.22
80353,99,780,-612,17476,-32768,-6414,1585,-250,-48.93,12.09
80365,99,1944,-732,21508,-32768,-5153,2176,-250,-39.31,16.6
80377,99,1232,1324,26016,-32768,-7713,2963,-250,-58.85,22.61
80389,99,264,828,28608,-26601,-4386,3144,-202.95,-33.46,23.99
80401,99,1504,1428,29176,-12568,-1911,2429,-95.89,-14.58,18.53
80413,99,1964,80,26404,-1427,-2171,1748,-10.89,-16.56,13.34
80446,99,876,-3100,13792,3185,-689,308,24.3,-5.26,2.35
80458,99,1296,-2812,13616,-5,-1052,950,-0.04,-8.03,7.25
80470,99,2016,-2192,14672,-1796,-834,1073,-13.7,-6.36,8.19
80482,99,2196,-1772,15572,-634,-713,847,-4.84,-5.44,6.46
80494,99,1996,-2200,15864,-501,94,576,-3.82,0.72,4.39
80506,99,1672,-2380,15376,-1157,757,541,-8.83,5.78,4.13
80518,99,1372,-2392,14900,-2155,644,707,-16.44,4.91,5.39
80530,99,1340,-2208,14748,-3246,355,742,-24.77,2.71,5.66
80542,99,1440,-2088,14820,-3623,2,794,-27.64,0.02,6.06
80575,99,1060,-3240,15460,-5310,76,925,-40.51,0.58,7.06
80587,99,1176,-2980,15084,-6657,507,1172,-50.79,3.87,8.94
80599,99,1608,-3180,14860,-7678,185,1322,-58.58,1.41,10.09
80611,99,1964,-3448,14588,-8849,-105,1229,-67.51,-0.8,9.38
80623,99,2248,-3764,14384,-9780,-22,967,-74.62,-0.17,7.38
80635,99,2796,-4860,14356,-10600,702,306,-80.87,5.36,2.33
80647,99,2104,-5492,14996,-12609,908,312,-96.2,6.93,2.38
80659,99,1108,-5576,15520,-13926,2221,1079,-106.25,16.94,8.23
80671,99,784,-5708,16008,-14300,3417,1850,-109.1,26.07,14.11
80704,99,760,-5292,16504,-12156,3571,2934,-92.74,27.24,22.38
80716,99,1948,-5352,16000,-10575,2659,1698,-80.68,20.29,12.95
80728,99,2488,-6980,16024,-9717,1459,-250,-74.13,11.13,-1.91
80740,99,1052,-7068,16692,-10227,1898,-632,-78.03,14.48,-4.82
80752,99,16,-5880,16892,-10425,2682,524,-79.54,20.46,4
80764,99,-412,-5192,16416,-8178,2703,758,-62.39,20.62,5.78
80776,99,-368,-5184,16384,-3597,2207,1458,-27.44,16.84,11.12
80788,99,1152,-6420,16236,1981,3250,1297,15.11,24.8,9.9
80800,99,2552,-7068,17228,6588,4595,-414,50.26,35.06,-3.16
80833,99,868,-6344,17120,12179,810,2794,92.92,6.18,21.32
80845,99,552,-6136,14556,12257,-2867,3496,93.51,-21.87,26.67
80857,99,-1304,-5948,13160,11714,-995,3265,89.37,-7.59,24.91
80869,99,-928,-5340,12980,11693,-467,3242,89.21,-3.56,24.73
80881,99,736,-5308,12540,10876,-258,2728,82.98,-1.97,20.81
80893,99,792,-4704,13544,9866,-499,2293,75.27,-3.81,17.49
80905,99,-268,-4644,14068,9032,-323,2357,68.91,-2.46,17.98
80917,99,-508,-4208,14548,8229,398,2497,62.78,3.04,19.05
80929,99,-672,-4244,14516,8021,353,2951,61.2,2.69,22.51
80962,99,1380,-3676,15124,8303,457,1811,63.35,3.49,13.82
80974,99,336,-3260,15408,8245,-455,1249,62.9,-3.47,9.53
80986,99,-348,-3128,15348,8754,-984,1366,66.79,-7.51,10.42
80998,99,960,-3156,15064,8394,-400,577,64.04,-3.05,4.4
81010,99,888,-2636,15672,9165,-75,31,69.92,-0.57,0.24
81022,99,1000,-2848,16136,9811,903,-373,74.85,6.89,-2.85
81034,99,636,-2680,16332,9463,2608,-937,72.2,19.9,-7.15
81046,99,24,-1992,15784,9391,4541,285,71.65,34.65,2.17
81058,99,-1020,-732,15484,8923,7443,1737,68.08,56.79,13.25
81091,99,1680,-3500,18176,10341,-627,-3565,78.9,-4.78,-27.2
81103,99,-2596,-2624,18652,6678,1453,-1461,50.95,11.09,-11.15
81115,99,-1660,-1312,18064,4421,7238,1649,33.73,55.22,12.58
81127,99,1692,40,17648,4851,8976,1854,37.01,68.48,14.14
81139,99,1820,-176,16428,7231,7483,646,55.17,57.09,4.93
81151,99,-520,-896,15816,8052,6204,-790,61.43,47.33,-6.03
81163,99,-2204,-1120,15172,7918,4815,-1393,60.41,36.74,-10.63
81175,99,-2920,-416,15628,7561,1879,-684,57.69,14.34,-5.22
81187,99,-2084,-652,15068,7496,1489,-545,57.19,11.36,-4.16
81220,99,-2792,-80,16208,4394,1688,677,33.52,12.88,5.17
81232,99,-2032,-300,16296,4091,3912,1008,31.21,29.85,7.69
81244,99,-2740,-180,16600,3566,2456,1805,27.21,18.74,13.77
81256,99,-2924,8,16236,3104,1966,2238,23.68,15,17.07
81268,99,-2136,268,15704,2866,2389,2459,21.87,18.23,18.76
81280,99,-1780,436,15536,2462,1721,2259,18.78,13.13,17.23
81292,99,-1288,1100,15636,2420,612,1801,18.46,4.67,13.74
81304,99,-908,1044,15636,1507,320,699,11.5,2.44,5.33
81316,99,-1944,896,15164,-96,229,772,-0.73,1.75,5.89
81349,99,-1300,1012,15836,-1574,450,779,-12.01,3.43,5.94
81361,99,-824,1216,16104,-1896,153,-237,-14.47,1.17,-1.81
81373,99,-1752,1144,16464,-1528,-252,107,-11.66,-1.92,0.82
81385,99,-1660,1572,16776,-847,537,457,-6.46,4.1,3.49
81397,99,-1184,1744,16616,818,104,363,6.24,0.79,2.77
81409,99,-1344,1856,15932,2637,-662,196,20.12,-5.05,1.5
81421,99,-880,1436,15244,3749,-564,-107,28.6,-4.3,-0.82
81433,99,-820,1536,15692,4384,-1930,-55,33.45,-14.72,-0.42
81445,99,-1732,2524,16732,5206,-4171,1081,39.72,-31.82,8.25
81478,99,-1544,2040,16392,9006,-2013,2336,68.71,-15.36,17.82
81490,99,-1024,2376,16340,10066,-1546,2202,76.8,-11.8,16.8
81502,99,-1204,2416,15640,9482,-1712,2070,72.34,-13.06,15.79
81514,99,-1516,2212,14704,8153,-1797,2043,62.2,-13.71,15.59
81526,99,-640,1372,13932,6192,-2109,1504,47.24,-16.09,11.47
81538,99,-820,980,14132,2664,-919,969,20.32,-7.01,7.39
81550,99,-612,1208,14580,-244,205,490,-1.86,1.56,3.74
81562,99,-784,1728,15144,-1915,1262,368,-14.61,9.63,2.81
81574,99,-1364,1328,15472,-3531,3253,188,-26.94,24.82,1.43
81607,99,-3132,1296,16000,-7841,5989,1384,-59.82,45.69,10.56
81619,99,-2924,1136,17148,-8353,6926,2013,-63.73,52.84,15.36
81631,99,-2180,1264,18536,-7019,7216,2053,-53.55,55.05,15.66
81643,99,-1128,964,19172,-4300,6935,1410,-32.81,52.91,10.76
81655,99,-1784,508,18316,-3111,7299,990,-23.74,55.69,7.55
81667,99,-2500,324,17056,-3395,8233,1029,-25.9,62.81,7.85
81679,99,-2612,972,16928,-3624,8951,1127,-27.65,68.29,8.6
81691,99,-2756,1200,16700,-2962,8923,1204,-22.6,68.08,9.19
81703,99,-2940,1004,16384,-1773,8560,1006,-13.53,65.31,7.68
81736,99,-3368,780,16784,194,7946,1272,1.48,60.62,9.7
81748,99,-3124,1236,16772,950,7280,1428,7.25,55.54,10.89
81760,99,-2928,1180,16292,1594,6334,1254,12.16,48.32,9.57
81772,99,-3488,1124,16168,1986,6749,787,15.15,51.49,6
81784,99,-3652,1072,16108,2144,6317,575,16.36,48.19,4.39
81796,99,-4036,1068,16148,2494,5577,700,19.03,42.55,5.34
81808,99,-4076,1320,16212,3063,5098,678,23.37,38.89,5.17
81820,99,-3952,1460,16292,4122,4300,913,31.45,32.81,6.97
81832,99,-3612,1640,16600,5049,4232,588,38.52,32.29,4.49
81865,99,-4256,1640,15276,5321,5462,-240,40.6,41.67,-1.83
81877,99,-4468,1704,14940,4670,5386,-187,35.63,41.09,-1.43
81889,99,-4856,2112,14796,3802,5544,-115,29.01,42.3,-0.88
81901,99,-5020,2424,15420,3329,6097,205,25.4,46.52,1.56
81913,99,-4300,2572,16328,3679,6484,516,28.07,49.47,3.94
81925,99,-3296,2180,16644,4536,7432,258,34.61,56.7,1.97
81937,99,-3428,2396,15672,4813,8143,-589,36.72,62.13,-4.49
81949,99,-4632,2620,14432,4505,8354,-1323,34.37,63.74,-10.09
81961,99,-5712,2380,13796,4214,8280,-1184,32.15,63.17,-9.03
81994,99,-7044,2828,12952,2520,10228,-679,19.23,78.03,-5.18
82006,99,-7112,2764,13468,2571,10061,-657,19.62,76.76,-5.01
82018,99,-7472,2708,14116,3153,9946,-479,24.06,75.88,-3.65
82030,99,-7812,2560,14060,3727,10892,-521,28.43,83.1,-3.97
82042,99,-8132,2588,12984,3868,11310,-181,29.51,86.29,-1.38
82054,99,-7996,2548,11580,3403,10872,23,25.96,82.95,0.18
82066,99,-7996,3036,11560,2991,9494,50,22.82,72.43,0.38
82078,99,-8740,3076,12080,3139,8298,92,23.95,63.31,0.7
82090,99,-9516,3016,12660,3328,8323,323,25.39,63.5,2.46
82123,99,-9628,2472,12472,2350,6868,1655,17.93,52.4,12.63
82135,99,-9320,2896,12144,1501,6759,1955,11.45,51.57,14.92
82147,99,-9196,3228,11208,498,6064,2178,3.8,46.26,16.62
82159,99,-9124,3700,10592,-504,5015,2259,-3.85,38.26,17.23
82171,99,-8952,3984,9888,-1586,4201,2059,-12.1,32.05,15.71
82183,99,-8732,3916,9664,-2652,3731,1827,-20.23,28.47,13.94
82195,99,-8908,3872,9908,-3899,3503,1674,-29.75,26.73,12.77
82207,99,-9264,3536,11296,-4761,3748,1693,-36.32,28.59,12.92
82219,99,-9160,3148,12288,-5135,4470,1523,-39.18,34.1,11.62
82252,99,-9008,3388,15700,-2535,2555,1223,-19.34,19.49,9.33
82264,99,-9140,3100,14916,-7,1691,991,-0.05,12.9,7.56
82276,99,-9224,3228,13408,1130,251,851,8.62,1.91,6.49
82288,99,-9216,3320,12844,1609,-1369,535,12.28,-10.44,4.08
82300,99,-9808,3660,12572,1903,-2874,498,14.52,-21.93,3.8
82312,99,-10072,3728,12156,2062,-3587,547,15.73,-27.37,4.17
82324,99,-9976,3504,11972,1794,-3609,543,13.69,-27.53,4.14
82336,99,-9656,3168,11844,830,-2995,434,6.33,-22.85,3.31
82348,99,-9280,3176,11716,-954,-1590,322,-7.28,-12.13,2.46
82381,99,-9620,2360,11492,-6052,2864,-490,-46.17,21.85,-3.74
82393,99,-9892,2136,11720,-7999,4295,-181,-61.03,32.77,-1.38
82405,99,-9380,1908,12968,-8810,4943,-1,-67.21,37.71,-0.01
82417,99,-9220,1940,14392,-8336,4712,54,-63.6,35.95,0.41
82429,99,-9460,2296,16000,-5519,5200,-163,-42.11,39.67,-1.24
82441,99,-10240,2180,15196,-2789,4766,-323,-21.28,36.36,-2.46
82453,99,-11176,2244,12584,-1392,2935,-246,-10.62,22.39,-1.88
82465,99,-11592,2428,10440,-2039,789,143,-15.56,6.02,1.09
82477,99,-11784,2860,9400,-2852,-1454,589,-21.76,-11.09,4.49
82510,99,-9460,2812,11368,-4890,-5397,-700,-37.31,-41.18,-5.34
82522,99,-9664,2640,12472,-4372,-5485,-836,-33.36,-41.85,-6.38
82534,99,-10552,2420,11788,-3799,-4802,-303,-28.98,-36.64,-2.31
82546,99,-10820,2484,11688,-4165,-4583,736,-31.78,-34.97,5.62
82558,99,-9984,2408,13524,-3696,-5637,1325,-28.2,-43.01,10.11
82570,99,-9120,1804,16020,-2329,-6608,1757,-17.77,-50.42,13.4
82582,99,-8168,1024,16980,-191,-7433,2176,-1.46,-56.71,16.6
82594,99,-6804,412,16508,1291,-8239,2224,9.85,-62.86,16.97
82606,99,-6236,236,15816,1080,-8631,2093,8.24,-65.85,15.97
82639,99,-6884,2228,14724,-178,-5403,2498,-1.36,-41.22,19.06
82651,99,-7040,2728,14800,-290,-3486,2408,-2.21,-26.6,18.37
82663,99,-7392,2560,15072,37,-2184,2258,0.28,-16.66,17.23
82675,99,-6908,1956,15432,546,-1209,2045,4.17,-9.22,15.6
82687,99,-6016,1284,16136,1783,-392,1266,13.6,-2.99,9.66
82699,99,-5724,1076,15820,3065,130,427,23.38,0.99,3.26
82711,99,-6564,1172,14492,3848,673,-174,29.36,5.13,-1.33
82723,99,-7928,1628,12900,3938,1916,-166,30.04,14.62,-1.27
82735,99,-8404,1632,12108,3719,3658,128,28.37,27.91,0.98
82768,99,-8096,756,12144,3128,6905,763,23.86,52.68,5.82
82780,99,-8404,812,12212,3097,6746,891,23.63,51.47,6.8
82792,99,-8656,488,12668,3203,5893,1377,24.44,44.96,10.51
82804,99,-8324,864,13136,3733,5364,1685,28.48,40.92,12.86
82816,99,-7692,836,13108,4588,4930,1710,35,37.61,13.05
82828,99,-7168,1068,12508,5023,4599,1470,38.32,35.09,11.22
82840,99,-6632,1640,12308,4996,4719,1214,38.12,36,9.26
82852,99,-6304,2184,11992,4795,5342,984,36.58,40.76,7.51
82864,99,-5924,2668,11600,4525,6253,693,34.52,47.71,5.29
82897,99,-6176,4112,10376,3059,7991,-533,23.34,60.97,-4.07
82909,99,-6880,4540,9880,2270,8094,-987,17.32,61.75,-7.53
82921,99,-7572,4692,10048,1510,7655,-1436,11.52,58.4,-10.96
82933,99,-7840,4692,10532,1274,6626,-2807,9.72,50.55,-21.42
82945,99,-8080,1352,9580,3983,1727,-10967,30.39,13.18,-83.67
82957,99,-22764,60,8284,745,-7972,-8310,5.68,-60.82,-63.4
82969,99,-23776,1124,12152,-4635,-1805,-1640,-35.36,-13.77,-12.51
82981,99,-16588,2760,16904,-6749,215,1969,-51.49,1.64,15.02
82993,99,-12188,2728,18656,-2641,-3420,3524,-20.15,-26.09,26.89
83026,99,-6040,4132,11000,3273,-2440,2280,24.97,-18.62,17.4
83038,99,-5880,4716,8956,1025,-1223,534,7.82,-9.33,4.07
83050,99,-7720,4924,8400,-712,77,-574,-5.43,0.59,-4.38
83062,99,-9892,4576,9476,-603,537,-887,-4.6,4.1,-6.77
83074,99,-11048,3776,10864,-660,828,-391,-5.04,6.32,-2.98
83086,99,-10988,3104,11664,-1368,365,164,-10.44,2.78,1.25
83098,99,-10524,2868,12068,-2068,-148,507,-15.78,-1.13,3.87
83110,99,-10072,3160,12552,-2383,-521,593,-18.18,-3.97,4.52
83122,99,-9744,3320,13184,-1858,-937,572,-14.18,-7.15,4.36
83155,99,-9336,2416,12852,-153,-475,315,-1.17,-3.62,2.4
83167,99,-9212,2084,12924,-459,-538,448,-3.5,-4.1,3.42
83179,99,-8928,1832,13132,-717,-573,491,-5.47,-4.37,3.75
83191,99,-8720,1976,13528,-707,-707,496,-5.39,-5.39,3.78
83203,99,-8932,2408,13296,-532,-813,533,-4.06,-6.2,4.07
83215,99,-8892,2912,12768,-574,-1110,416,-4.38,-8.47,3.17
83227,99,-8932,3332,12544,-496,-1477,273,-3.78,-11.27,2.08
83239,99,-8912,3372,12528,-501,-1453,93,-3.82,-11.09,0.71
83251,99,-8972,3060,12788,-376,-1313,13,-2.87,-10.02,0.1
83284,99,-8896,2496,13644,-9,-685,-82,-0.07,-5.23,-0.63
83296,99,-8660,2664,13556,211,-594,-120,1.61,-4.53,-0.92
83308,99,-8744,2684,13540,379,-614,-172,2.89,-4.68,-1.31
83320,99,-8840,2420,13848,619,-438,-202,4.72,-3.34,-1.54
83332,99,-8848,2272,13796,508,-227,-141,3.88,-1.73,-1.08
83344,99,-8876,2300,13680,380,204,-186,2.9,1.56,-1.42
83356,99,-8668,2352,13500,362,418,-324,2.76,3.19,-2.47
83368,99,-8540,2552,13452,361,180,-616,2.75,1.37,-4.7
83380,99,-8760,2592,13344,485,105,-832,3.7,0.8,-6.35
83413,99,-9556,2556,13092,242,275,-1096,1.85,2.1,-8.36
83425,99,-9628,2504,13740,417,-472,-1011,3.18,-3.6,-7.71
83437,99,-9964,2160,14280,842,-722,-785,6.42,-5.51,-5.99
83449,99,-9944,1824,14292,1047,-126,-645,7.99,-0.96,-4.92
83461,99,-9800,1692,14136,1148,142,-507,8.76,1.08,-3.87
83473,99,-9796,1728,14216,1339,427,-472,10.22,3.26,-3.6
83485,99,-9688,1940,13904,1536,588,-481,11.72,4.49,-3.67
83497,99,-9804,2072,13744,1762,371,-404,13.44,2.83,-3.08
83509,99,-9872,2232,13404,1690,354,-218,12.89,2.7,-1.66
83542,99,-9568,2084,12944,1629,624,129,12.43,4.76,0.98
83554,99,-9448,2180,12672,1479,521,181,11.28,3.97,1.38
83566,99,-9436,2484,12496,1278,500,208,9.75,3.81,1.59
83578,99,-9464,2728,12204,1117,536,215,8.52,4.09,1.64
83590,99,-9412,2896,11804,968,547,223,7.39,4.17,1.7
83602,99,-9432,3024,11816,1041,242,264,7.94,1.85,2.01
83614,99,-9504,3080,11536,929,167,300,7.09,1.27,2.29
83626,99,-9360,3028,11444,730,-104,361,5.57,-0.79,2.75
83638,99,-9164,3084,11720,559,-795,409,4.26,-6.07,3.12
83671,99,-9092,3156,11620,-218,-2524,476,-1.66,-19.26,3.63
83683,99,-8572,3244,12060,-417,-2859,394,-3.18,-21.81,3.01
83695,99,-8256,2972,12416,-261,-2981,276,-1.99,-22.74,2.11
83707,99,-7824,2916,13368,123,-3045,42,0.94,-23.23,0.32
83719,99,-7852,2832,13328,476,-2904,-250,3.63,-22.16,-1.91
83731,99,-8004,2948,12884,167,-2863,-361,1.27,-21.84,-2.75
83743,99,-8252,3052,12940,-250,-2638,-296,-1.91,-20.13,-2.26
83755,99,-8280,2988,13552,-567,-1690,-231,-4.33,-12.89,-1.76
83767,99,-8280,2832,13696,-616,-603,-223,-4.7,-4.6,-1.7
83800,99,-8000,2328,13944,-950,642,-195,-7.25,4.9,-1.49
83812,99,-7884,2276,14212,-966,942,-282,-7.37,7.19,-2.15
83824,99,-8156,1772,14380,-1074,1387,-300,-8.19,10.58,-2.29
83836,99,-8272,2012,14420,-1178,1994,-413,-8.99,15.21,-3.15
83848,99,-8468,1492,14780,-1011,2041,-307,-7.71,15.57,-2.34
83860,99,-8676,1700,14748,-1071,2014,-204,-8.17,15.37,-1.56
83872,99,-8804,1740,14640,-1128,1957,-134,-8.61,14.93,-1.02
83884,99,-8908,2152,14468,-646,1258,-143,-4.93,9.6,-1.09
83896,99,-9116,2496,14720,612,586,15,4.67,4.47,0.11
83929,99,-8804,2728,12084,1625,517,148,12.4,3.94,1.13
83941,99,-8712,2832,12112,914,387,-40,6.97,2.95,-0.31
83953,99,-8508,3032,12108,135,435,-271,1.03,3.32,-2.07
83965,99,-8636,3200,12492,-50,404,-495,-0.38,3.08,-3.78
83977,99,-8756,3052,12448,-49,356,-606,-0.37,2.72,-4.62
83989,99,-8964,2804,12584,113,189,-638,0.86,1.44,-4.87
84001,99,-8916,2740,12444,-150,444,-670,-1.14,3.39,-5.11
84013,99,-9104,2264,12660,-341,469,-730,-2.6,3.58,-5.57
84025,99,-9228,2012,13608,-205,330,-592,-1.56,2.52,-4.52
84058,99,-9312,1976,13288,863,-409,-408,6.58,-3.12,-3.11
84070,99,-9432,2252,12948,605,-383,-155,4.62,-2.92,-1.18
84082,99,-9464,2448,13012,485,-268,163,3.7,-2.04,1.24
84094,99,-9044,2332,13308,576,-181,271,4.39,-1.38,2.07
84106,99,-8828,2256,13236,609,-254,355,4.65,-1.94,2.71
84118,99,-8696,2208,13168,371,-145,251,2.83,-1.11,1.91
84130,99,-8436,2352,13268,115,-175,193,0.88,-1.34,1.47
84142,99,-8352,2408,13744,348,-415,6,2.66,-3.17,0.05
84154,99,-8436,2332,13896,717,-637,-124,5.47,-4.86,-0.95
84187,99,-8596,2388,13728,526,-72,277,4.01,-0.55,2.11
84199,99,-8372,2456,13812,633,94,299,4.83,0.72,2.28
84211,99,-8268,2424,13976,918,144,322,7,1.1,2.46
84223,99,-8052,2448,14032,1229,251,139,9.38,1.91,1.06
84235,99,-8044,2432,13624,1278,163,-67,9.75,1.24,-0.51
84247,99,-8180,2556,13392,1142,129,-218,8.71,0.98,-1.66
84259,99,-8228,2500,13552,1248,86,-257,9.52,0.66,-1.96
84271,99,-8356,2620,13440,1237,262,-299,9.44,2,-2.28
84283,99,-8320,2660,13184,1050,354,-302,8.01,2.7,-2.3
84316,99,-8184,2700,12696,796,609,-410,6.07,4.65,-3.13
84328,99,-8196,2852,12640,432,412,-545,3.3,3.14,-4.16
84340,99,-8392,2872,12656,261,280,-576,1.99,2.14,-4.39
84352,99,-8420,2920,12344,39,179,-610,0.3,1.37,-4.65
84364,99,-8256,2880,12452,-126,-171,-597,-0.96,-1.3,-4.55
84376,99,-8220,2772,12956,-65,-303,-745,-0.5,-2.31,-5.68
84388,99,-8344,2588,13196,-52,-308,-799,-0.4,-2.35,-6.1
84400,99,-8556,2512,13140,-92,-212,-834,-0.7,-1.62,-6.36
84412,99,-8628,2492,13400,-102,-58,-689,-0.78,-0.44,-5.26
84445,99,-8232,2508,13480,246,752,-542,1.88,5.74,-4.14
84457,99,-8012,2460,13552,310,1081,-655,2.37,8.25,-5
84469,99,-7788,2580,13688,422,1213,-870,3.22,9.25,-6.64
84481,99,-7924,2424,13768,591,1171,-1115,4.51,8.93,-8.51
84493,99,-8504,2296,13640,681,1167,-1135,5.2,8.9,-8.66
84505,99,-8992,2024,13772,622,1366,-1017,4.75,10.42,-7.76
84517,99,-9240,1916,14208,569,1846,-811,4.34,14.08,-6.19
84529,99,-9532,1676,14316,696,2227,-616,5.31,16.99,-4.7
84541,99,-9768,1532,14576,1020,2568,-326,7.78,19.59,-2.49
84574,5,-9176,2584,15252,747,3429,435,5.7,26.16,3.32
84586,5,-6996,2068,16736,1323,5298,137,10.09,40.42,1.05
84598,5,-8148,1664,15816,2126,5286,-322,16.22,40.33,-2.46
84610,5,-8032,1548,15152,1841,6125,345,14.05,46.73,2.63
84622,5,-6136,2320,15340,1933,7992,-399,14.75,60.97,-3.04
84634,5,-4544,2404,14984,1608,8345,-948,12.27,63.67,-7.23
84646,5,-6912,3264,13896,2839,9244,-2670,21.66,70.53,-20.37
84658,5,-9396,2824,10684,3860,7070,-2694,29.45,53.94,-20.55
84670,5,-11056,3256,7760,4054,6650,-2558,30.93,50.74,-19.52
84703,5,-11792,3220,9864,1895,3453,-1513,14.46,26.34,-11.54
84715,5,-11308,2924,9912,1688,3783,-1279,12.88,28.86,-9.76
84727,5,-10244,2672,9680,1766,2948,-1457,13.47,22.49,-11.12
84739,5,-10644,2128,9404,1620,1887,-1968,12.36,14.4,-15.01
84751,5,-11624,2220,9328,1153,1295,-1837,8.8,9.88,-14.02
84763,5,-11764,2832,10140,481,904,-1554,3.67,6.9,-11.86
84775,5,-11804,2940,11168,704,722,-1691,5.37,5.51,-12.9
84787,5,-12500,2060,10852,885,-392,-1054,6.75,-2.99,-8.04
84799,5,-11840,2112,11280,680,115,-559,5.19,0.88,-4.26
84832,5,-11780,2084,12548,432,-147,-89,3.3,-1.12,-0.68
84844,5,-11636,1968,12700,515,806,96,3.93,6.15,0.73
84856,5,-11984,2028,12200,599,804,235,4.57,6.13,1.79
84868,5,-11756,1916,12228,522,1008,513,3.98,7.69,3.91
84880,5,-11520,2000,12228,864,1097,734,6.59,8.37,5.6
84892,5,-11500,2076,11928,1223,715,830,9.33,5.46,6.33
84904,5,-11404,2220,11104,1134,801,1085,8.65,6.11,8.28
84916,5,-11240,2796,10408,602,913,1332,4.59,6.97,10.16
84928,5,-10708,3200,10132,-168,2148,1589,-1.28,16.39,12.12
84961,5,-10460,3324,9800,-1956,5918,2266,-14.92,45.15,17.29
84973,5,-10088,3176,10004,-3301,8588,2510,-25.18,65.52,19.15
84985,5,-10388,2924,10112,-4461,10430,2734,-34.03,79.57,20.86
84997,5,-11184,2640,10484,-5235,11280,2966,-39.94,86.06,22.63
85009,5,-11556,2544,10164,-4849,11928,2880,-36.99,91,21.97
85021,5,-10000,1756,12456,-2729,8592,1215,-20.82,65.55,9.27
85033,5,-11204,1076,14648,902,-109,-1466,6.88,-0.83,-11.18
85045,5,-14544,-364,15608,7565,-11815,-4132,57.72,-90.14,-31.52
85057,5,-19072,-508,14904,10839,-22926,-3058,82.7,-174.91,-23.33
85090,5,-13860,4252,9516,14515,-28663,2227,110.74,-218.68,16.99
85102,5,-10828,5028,7724,10754,-21764,4759,82.05,-166.05,36.31
85114,5,-6132,6888,6580,2185,-11008,8329,16.67,-83.98,63.55
85126,5,984,7820,7680,-2794,11453,8240,-21.32,87.38,62.87
85138,5,7396,6996,8436,-9642,25308,5595,-73.56,193.08,42.69
85150,5,4104,7244,9064,-13158,32767,692,-100.39,249.99,5.28
85162,5,-4112,5496,7192,-15393,32767,-2756,-117.44,249.99,-21.03
85174,5,-10408,3036,4748,-19343,32767,-4244,-147.58,249.99,-32.38
85186,5,-14344,-1852,10144,-18698,32767,-8013,-142.65,249.99,-61.13
85219,5,-24092,-3384,22564,6778,-32768,-7171,51.71,-250,-54.71
85231,5,-20592,864,18524,16289,-32768,-4751,124.28,-250,-36.25
85243,5,-15924,3204,10684,17763,-32768,-1276,135.52,-250,-9.74
85255,5,-11368,4764,4840,12089,-29798,2928,92.23,-227.34,22.34
85267,5,-4788,4604,3196,597,-7918,6004,4.55,-60.41,45.81
85279,5,532,6216,4120,-10757,13175,6769,-82.07,100.52,51.64
85291,5,2912,5512,7448,-16306,26913,3835,-124.4,205.33,29.26
85303,5,-2256,4412,7928,-17947,30788,408,-136.92,234.89,3.11
85315,5,-10144,268,8460,-18671,31931,-1032,-142.45,243.61,-7.87
85348,5,-18116,-4064,24328,3767,-18950,-6625,28.74,-144.58,-50.54
85360,5,-17980,-1468,20196,12956,-31630,-7462,98.85,-241.32,-56.93
85372,5,-16584,1380,14180,17040,-32768,-6680,130,-250,-50.96
85384,5,-15492,2872,9220,17061,-32768,-4442,130.17,-250,-33.89
85396,5,-13552,3416,6368,12246,-26720,2066,93.43,-203.86,15.76
85408,5,-6268,3144,6768,4920,-4344,6212,37.54,-33.14,47.39
85420,5,-2624,3804,7368,-3295,13836,9249,-25.14,105.56,70.56
85432,5,-1856,4148,9680,-8308,27891,7639,-63.39,212.79,58.28
85444,5,-6136,5532,8700,-10400,32767,7780,-79.35,249.99,59.36
85477,5,-7732,-2836,18464,-3056,16814,-804,-23.32,128.28,-6.13
85489,5,-11556,-4156,21056,5502,-6466,-7180,41.98,-49.33,-54.78
85501,5,-15860,-2660,19272,12870,-26665,-11065,98.19,-203.44,-84.42
85513,5,-18900,1536,14664,18285,-32768,-9775,139.5,-250,-74.58
85525,5,-17124,3684,10444,20143,-32768,-7657,153.68,-250,-58.42
85537,5,-15592,4348,6604,16361,-32768,-1809,124.82,-250,-13.8
85549,5,-8860,3864,5916,8452,-16908,3282,64.48,-129,25.04
85561,5,-1144,4636,7048,-2525,8485,7512,-19.26,64.74,57.31
85573,5,2492,5504,7640,-9651,31570,7011,-73.63,240.86,53.49
85606,5,-12148,1520,6784,-20472,32767,4848,-156.19,249.99,36.99
85618,5,-11480,-3164,17756,-15939,32767,1507,-121.6,249.99,11.5
85630,5,-11976,-6504,24976,-4459,18089,-4912,-34.02,138.01,-37.48
85642,5,-17496,-6720,24120,7314,-10557,-10132,55.8,-80.54,-77.3
85654,5,-24000,-2492,19340,15524,-31261,-9868,118.44,-238.5,-75.29
85666,5,-24416,1972,11860,20524,-32768,-7700,156.59,-250,-58.75
85678,5,-20788,3320,6120,20020,-32768,-4537,152.74,-250,-34.61
85690,5,-15396,3156,3636,14561,-32768,1006,111.09,-250,7.68
85702,5,-7788,2948,4604,4437,-15161,6331,33.85,-115.67,48.3
85735,5,2224,7312,7724,-13620,32767,5071,-103.91,249.99,38.69
85747,5,-3476,5644,5380,-16245,32767,3001,-123.94,249.99,22.9
85759,5,-6400,-232,9272,-15237,32767,384,-116.25,249.99,2.93
85771,5,-6964,-4064,18372,-7698,32767,-7074,-58.73,249.99,-53.97
85783,5,-14692,-6660,19604,2551,3482,-14162,19.46,26.57,-108.05
85795,5,-26348,-4820,17108,10376,-22994,-14311,79.16,-175.43,-109.18
85807,5,-31356,-72,12656,16505,-32768,-10873,125.92,-250,-82.95
85819,5,-26360,572,8332,18181,-32768,-6276,138.71,-250,-47.88
85831,5,-18404,1144,5588,13829,-32768,-1332,105.51,-250,-10.16
85864,5,-4032,4980,7124,-9156,20004,12632,-69.85,152.62,96.37
85876,5,-224,4084,7824,-14228,32767,9657,-108.55,249.99,73.68
85888,5,-5328,3152,7452,-18212,32767,7525,-138.95,249.99,57.41
85900,5,-9628,752,8168,-20807,32767,6549,-158.74,249.99,49.96
85912,5,-6420,-2708,16568,-15478,32767,326,-118.09,249.99,2.49
85924,5,-7912,-3884,21480,-3833,13784,-6303,-29.24,105.16,-48.09
85936,5,-16320,-4908,19388,7671,-13626,-12110,58.53,-103.96,-92.39
85948,5,-24812,-3004,16116,15157,-32768,-12591,115.64,-250,-96.06
85960,5,-27184,436,11872,20746,-32768,-8938,158.28,-250,-68.19
85993,5,-12620,2476,4616,11545,-22603,9823,88.08,-172.45,74.94
86005,5,-5048,3932,5160,1023,2815,13733,7.8,21.48,104.77
86017,5,-1148,5404,5560,-6965,26677,13982,-53.14,203.53,106.67
86029,5,-1408,4756,6096,-12150,32767,10096,-92.7,249.99,77.03
86041,5,-6812,2716,6600,-16203,32767,8208,-123.62,249.99,62.62
86053,5,-12200,692,8916,-18394,32767,8090,-140.34,249.99,61.72
86065,5,-10540,-1620,15988,-11951,32767,5096,-91.18,249.99,38.88
86077,5,-8220,-3812,20708,-836,14838,-2725,-6.38,113.2,-20.79
86089,5,-12120,-4836,19460,8361,-17159,-11640,63.79,-130.91,-88.81
86122,5,-22484,1820,9296,23051,-32768,-9450,175.87,-250,-72.1
86134,5,-19936,2876,7204,19799,-32768,-2502,151.05,-250,-19.09
86146,5,-15260,4200,4768,11608,-29454,7726,88.56,-224.72,58.94
86158,5,-4544,5152,4628,413,4143,12418,3.15,31.61,94.74
86170,5,2040,7160,5020,-9504,32280,13654,-72.51,246.28,104.17
86182,5,2284,7372,6116,-15428,32767,10027,-117.71,249.99,76.5
86194,5,-2228,5004,6088,-18790,32767,7333,-143.36,249.99,55.95
86206,5,-4632,484,9560,-16910,32767,3170,-129.01,249.99,24.19
86218,5,-6356,-3384,15628,-8731,32767,-5170,-66.61,249.99,-39.44
86251,5,-25572,-1036,20972,19214,-32768,-15868,146.59,-250,-121.06
86263,5,-24812,684,14740,28213,-32768,-14114,215.25,-250,-107.68
86275,5,-23360,88,9592,26930,-32768,-8941,205.46,-250,-68.21
86287,5,-24612,2292,3900,17571,-32768,2519,134.06,-250,19.22
86299,5,-16240,4588,-48,2767,-5849,13164,21.11,-44.62,100.43
86311,5,-2164,7452,-1404,-11633,28270,16762,-88.75,215.68,127.88
86323,5,5268,7104,-652,-22706,32767,11915,-173.23,249.99,90.9
86335,5,-1324,3924,2048,-29713,32767,6740,-226.69,249.99,51.42
86347,5,-7876,-688,7992,-31078,32767,4559,-237.11,249.99,34.78
86380,5,-18152,-7704,23512,-74,-8980,-12513,-0.56,-68.51,-95.47
86392,5,-22664,-3432,22600,12785,-32768,-15926,97.54,-250,-121.51
86404,5,-23872,100,17548,24184,-32768,-15730,184.51,-250,-120.01
86416,5,-24564,-512,11632,29127,-32768,-12537,222.22,-250,-95.65
86428,5,-25616,856,5772,26156,-32768,-3741,199.55,-250,-28.54
86440,5,-18688,2536,868,14123,-22148,8773,107.75,-168.98,66.93
86452,5,-4024,5556,-256,-800,13225,14474,-6.1,100.9,110.43
86464,5,3184,7016,-392,-12454,32767,13138,-95.02,249.99,100.23
86476,5,-532,5728,2684,-20744,32767,8732,-158.26,249.99,66.62
86509,5,-10320,-5628,18776,-9676,32767,-1530,-73.82,249.99,-11.67
86521,5,-13704,-8048,22972,1195,2803,-9498,9.12,21.39,-72.46
86533,5,-19204,-5432,23944,13103,-32768,-14546,99.97,-250,-110.98
86545,5,-21928,-1420,20108,24854,-32768,-15744,189.62,-250,-120.12
86557,5,-21584,-600,12908,31053,-32768,-14930,236.92,-250,-113.91
86569,5,-23316,1388,6756,28641,-32768,-8693,218.51,-250,-66.32
86581,5,-21180,4412,160,17141,-32246,3480,130.78,-246.02,26.55
86593,5,-7036,6152,-2664,2297,4641,10734,17.52,35.41,81.89
86605,5,2208,7304,-2668,-11788,31496,10675,-89.94,240.3,81.44
86638,5,-8792,-72,7800,-25810,32767,3073,-196.91,249.99,23.45
86650,5,-13216,-4992,14564,-21839,32767,2172,-166.62,249.99,16.57
86662,5,-19776,-7284,22212,-11493,32574,-1145,-87.68,248.52,-8.74
86674,5,-24048,-6520,26688,2375,-3090,-4589,18.12,-23.57,-35.01
86686,5,-23124,-3296,23784,17846,-32768,-6874,136.15,-250,-52.44
86698,5,-19680,-1368,14624,27196,-32768,-7660,207.49,-250,-58.44
86710,5,-17548,412,5148,26169,-32768,-6061,199.65,-250,-46.24
86722,5,-14776,2700,-1676,14600,-29201,294,111.39,-222.79,2.24
86734,5,-7732,5308,-2580,435,4867,5302,3.32,37.13,40.45
86767,5,-5080,2424,516,-25073,32767,3326,-191.29,249.99,25.38
86779,5,-10012,-896,4760,-29045,32767,2172,-221.6,249.99,16.57
86791,5,-15312,-4248,11840,-25985,32767,141,-198.25,249.99,1.08
86803,5,-20824,-8336,21400,-13333,31148,-2345,-101.72,237.64,-17.89
86815,5,-25900,-8276,26688,1003,-1104,-4019,7.65,-8.42,-30.66
86827,5,-24380,-4396,24292,17626,-31188,-6646,134.48,-237.95,-50.7
86839,5,-22224,-2316,14532,29017,-32768,-7470,221.38,-250,-56.99
86851,5,-20804,-1800,5148,31041,-32768,-7121,236.82,-250,-54.33
86863,5,-19564,1224,8,23561,-32768,-1234,179.76,-250,-9.41
86896,5,-860,6788,-3248,-9043,25348,10301,-68.99,193.39,78.59
86908,5,1300,5100,-748,-18381,32767,6057,-140.24,249.99,46.21
86920,5,-4888,1580,2228,-23586,32767,2032,-179.95,249.99,15.5
86932,5,-14584,-4412,9440,-25627,32767,2768,-195.52,249.99,21.12
86944,5,-21556,-6472,22252,-14225,32767,222,-108.53,249.99,1.69
86956,5,-24860,-7984,27236,2501,6758,-2390,19.08,51.56,-18.23
86968,5,-24856,-4520,24200,18103,-32768,-5653,138.11,-250,-43.13
86980,5,-23296,-1936,13868,30046,-32768,-6714,229.23,-250,-51.22
86992,5,-19984,-352,3392,32767,-32768,-5624,249.99,-250,-42.91
87025,5,-4892,6364,-844,1343,-7630,6489,10.25,-58.21,49.51
87037,5,704,7444,608,-9790,21461,7092,-74.69,163.73,54.11
87049,5,984,5720,2308,-17894,32767,4011,-136.52,249.99,30.6
87061,5,-2992,2852,4684,-22571,32767,218,-172.2,249.99,1.66
87073,5,-9548,-372,8696,-22265,32767,-2194,-169.87,249.99,-16.74
87085,5,-16448,-5888,15056,-15419,32767,-4986,-117.64,249.99,-38.04
87097,5,-22212,-8080,22260,-3760,12690,-7963,-28.69,96.82,-60.75
87109,5,-26136,-7772,25292,9649,-25775,-7837,73.62,-196.65,-59.79
87121,5,-23584,-3768,24344,21063,-32768,-6462,160.7,-250,-49.3
87154,5,-19744,100,1228,28750,-32768,-6727,219.35,-250,-51.32
87166,5,-16264,3196,-3036,13597,-22940,2888,103.74,-175.02,22.03
87178,5,-1928,6584,-2196,-981,12884,6098,-7.48,98.3,46.52
87190,5,6168,8344,-2564,-12571,32493,3873,-95.91,247.9,29.55
87202,5,1264,5600,-1632,-20770,32767,-1563,-158.46,249.99,-11.92
87214,5,-8276,1216,1592,-26474,32767,-3980,-201.98,249.99,-30.36
87226,5,-15008,-5396,10680,-24759,32767,-4873,-188.9,249.99,-37.18
87238,5,-23972,-9600,21896,-15491,27234,-5486,-118.19,207.78,-41.85
87250,5,-26572,-9616,31656,-2827,-657,-4649,-21.57,-5.01,-35.47
87283,5,-19256,-1792,6436,27499,-32768,-2214,209.8,-250,-16.89
87295,5,-17108,552,-3300,18146,-32768,3780,138.44,-250,28.84
87307,5,-5824,3448,-4776,3187,-686,7079,24.31,-5.23,54.01
87319,5,492,6800,-2832,-9090,21024,6058,-69.35,160.4,46.22
87331,5,-1092,4592,-752,-16148,30270,2429,-123.2,230.94,18.53
87343,5,-7220,1796,1036,-22627,32767,588,-172.63,249.99,4.49
87355,5,-15320,-1560,3684,-26968,32767,951,-205.75,249.99,7.26
87367,5,-22096,-3724,7532,-29335,32767,4475,-223.81,249.99,34.14
87379,5,-24216,-6988,17636,-22038,32767,4337,-168.14,249.99,33.09
87412,5,-15836,-4348,23220,18262,-32768,-1712,139.33,-250,-13.06
87424,5,-15652,-2352,11616,27455,-32768,-3993,209.47,-250,-30.46
87436,5,-16864,-696,1864,27314,-32768,-3143,208.39,-250,-23.98
87448,5,-15388,2060,-3724,17383,-29635,2582,132.62,-226.1,19.7
87460,5,-8124,4292,-4544,3226,1147,6666,24.61,8.75,50.86
87472,5,-3084,5668,-2932,-9685,25190,7423,-73.89,192.18,56.63
87484,5,-2416,3600,844,-16815,32767,2845,-128.29,249.99,21.71
87496,5,-7452,656,4524,-19474,32767,-496,-148.57,249.99,-3.78
87508,5,-14780,-2264,8936,-19095,32767,-1550,-145.68,249.99,-11.83
87541,5,-23468,-6972,23084,4133,-3006,454,31.53,-22.93,3.46
87553,5,-18892,-4324,21516,17878,-23321,-1431,136.4,-177.93,-10.92
87565,5,-17624,-2780,13096,26378,-32768,-1641,201.25,-250,-12.52
87577,5,-18908,-1852,2828,26142,-32768,-905,199.45,-250,-6.9
87589,5,-18504,1600,-5316,16123,-23805,5027,123.01,-181.62,38.35
87601,5,-10164,3924,-7624,3036,5682,7179,23.16,43.35,54.77
87613,5,-5624,4976,-5132,-10382,22356,7250,-79.21,170.56,55.31
87625,5,-4976,3744,468,-17068,32185,2981,-130.22,245.55,22.74
87637,5,-9088,1156,4172,-19992,30313,654,-152.53,231.27,4.99
87670,5,-17564,-5608,21736,-4183,13987,-1417,-31.91,106.71,-10.81
87682,5,-18008,-5732,22192,8525,-12725,-3942,65.04,-97.08,-30.08
87694,5,-19220,-3664,15164,17680,-32768,-5298,134.89,-250,-40.42
87706,5,-18904,-1220,8584,20650,-32768,-4259,157.55,-250,-32.49
87718,5,-17076,-84,3740,19725,-32768,-3296,150.49,-250,-25.15
87730,5,-16224,2068,704,13891,-29822,-351,105.98,-227.52,-2.68
87742,5,-12516,3692,-804,5000,-9094,3441,38.15,-69.38,26.25
87754,5,-6592,4564,-1156,-3667,11939,3387,-27.98,91.09,25.84
87766,5,-5948,4056,-1348,-13342,26146,2997,-101.79,199.48,22.87
87799,5,-16192,-1056,9228,-18758,32767,2120,-143.11,249.99,16.17
87811,5,-16832,-3020,16448,-12384,32767,1206,-94.48,249.99,9.2
87823,5,-19240,-5712,19612,-244,14290,-379,-1.86,109.02,-2.89
87835,5,-20636,-7188,19356,10349,-13385,-1968,78.96,-102.12,-15.01
87847,5,-20360,-4360,14164,19724,-32768,-3906,150.48,-250,-29.8
87859,5,-19296,-2388,5796,23317,-32768,-4117,177.89,-250,-31.41
87871,5,-21160,-376,728,20970,-32768,-2549,159.99,-250,-19.45
87883,5,-19132,2436,-2080,13270,-28529,3906,101.24,-217.66,29.8
87895,5,-9836,4160,-3552,2992,1004,6787,22.83,7.66,51.78
87928,5,-7240,1952,3280,-20077,32767,242,-153.18,249.99,1.85
87940,5,-13612,-488,8144,-21027,32767,-205,-160.42,249.99,-1.56
87952,5,-16900,-1588,13480,-16563,32767,1284,-126.37,249.99,9.8
87964,5,-18568,-4240,19344,-6195,27004,9,-47.26,206.02,0.07
87976,5,-20224,-6992,22244,6333,-3637,-2083,48.32,-27.75,-15.89
87988,5,-20468,-5256,17488,17037,-32768,-3803,129.98,-250,-29.01
88000,5,-20384,-2800,9160,22392,-32768,-3214,170.84,-250,-24.52
88012,5,-17768,-1332,2860,22444,-32768,-3462,171.23,-250,-26.41
88024,5,-18020,880,744,18502,-32768,-1978,141.16,-250,-15.09
88057,5,-4340,4660,-1044,-3508,13495,2653,-26.76,102.96,20.24
88069,5,-6008,4164,-748,-12487,26909,1324,-95.27,205.3,10.1
88081,5,-10052,1904,3732,-16659,32767,-626,-127.1,249.99,-4.78
88093,5,-14536,-172,7800,-17742,32767,-321,-135.36,249.99,-2.45
88105,5,-16484,-1940,14664,-13224,32440,775,-100.89,247.5,5.91
88117,5,-18388,-4552,19520,-3405,17296,128,-25.98,131.96,0.98
88129,5,-18980,-5040,18132,5986,-5949,-997,45.67,-45.39,-7.61
88141,5,-18660,-3524,13812,14484,-25158,-2416,110.5,-191.94,-18.43
88153,5,-18100,-1872,7472,17730,-32768,-2222,135.27,-250,-16.95
88186,5,-13960,2828,-1332,4901,-6237,3226,37.39,-47.58,24.61
88198,5,-8736,3460,-808,-3059,12715,3241,-23.34,97.01,24.73
88210,5,-7544,3384,-644,-11524,25902,2306,-87.92,197.62,17.59
88222,5,-10740,1596,3324,-16078,29144,262,-122.67,222.35,2
88234,5,-13828,256,7004,-16838,29164,348,-128.46,222.5,2.66
88246,5,-15484,-92,9332,-15804,32664,1345,-120.57,249.21,10.26
88258,5,-16812,-1996,13072,-10657,29779,1270,-81.31,227.2,9.69
88270,5,-18896,-4648,16780,-2063,13559,835,-15.74,103.45,6.37
88282,5,-20760,-5096,15596,5464,-6948,618,41.69,-53.01,4.71
88315,5,-16936,-252,2836,15679,-32768,-581,119.62,-250,-4.43
88327,5,-16908,1824,208,12507,-31459,1473,95.42,-240.01,11.24
88339,5,-11596,3796,-1772,4862,-9860,4818,37.09,-75.23,36.76
88351,5,-5364,4460,-1192,-3978,12328,4102,-30.35,94.06,31.3
88363,5,-5848,4040,-412,-12261,26148,2504,-93.54,199.49,19.1
88375,5,-10332,1620,3700,-16337,32415,73,-124.64,247.31,0.56
88387,5,-14488,244,8280,-16385,32767,163,-125.01,249.99,1.24
88399,5,-16844,-324,10012,-14271,32767,1274,-108.88,249.99,9.72
88411,5,-18240,-2308,13400,-7913,28318,1227,-60.37,216.05,9.36
88444,5,-20360,-3836,11748,14738,-31940,-1340,112.44,-243.68,-10.22
88456,5,-18552,-2320,6836,19575,-32768,-2560,149.35,-250,-19.53
88468,5,-19036,-752,1860,19784,-32768,-2814,150.94,-250,-21.47
88480,5,-20852,1348,172,17092,-32768,-68,130.4,-250,-0.52
88492,5,-13016,3736,-1320,9794,-23555,4378,74.72,-179.71,33.4
88504,5,-4396,5412,-1800,1239,1754,4097,9.45,13.38,31.26
88516,5,-4692,5000,-1632,-8160,15763,2071,-62.26,120.26,15.8
88528,5,-6896,3800,1812,-15399,31607,319,-117.49,241.14,2.43
88540,5,-10036,1180,9308,-15751,32767,-1212,-120.17,249.99,-9.25
88573,5,-21128,-4660,16164,2888,-1552,-1645,22.03,-11.84,-12.55
88585,5,-20008,-3072,15072,10402,-20090,-2194,79.36,-153.27,-16.74
88597,5,-17560,-1680,9508,14795,-32768,-2413,112.88,-250,-18.41
88609,5,-15688,-132,5076,14932,-32768,-2590,113.92,-250,-19.76
88621,5,-16224,632,3884,13156,-30336,-2098,100.37,-231.45,-16.01
88633,5,-14900,1904,3728,9151,-20228,66,69.82,-154.33,0.5
88645,5,-10384,3372,2020,3405,-2886,1391,25.98,-22.02,10.61
88657,5,-8812,3400,1564,-2853,8997,984,-21.77,68.64,7.51
88669,5,-9252,3240,2988,-8809,20147,947,-67.21,153.71,7.23
88702,5,-11420,-520,15136,-7594,21074,-1351,-57.94,160.78,-10.31
88714,5,-15916,-2976,18680,29,5553,-2179,0.22,42.37,-16.62
88726,5,-18728,-3448,16764,7102,-9448,-2236,54.18,-72.08,-17.06
88738,5,-18328,-2332,13224,13020,-24376,-2681,99.33,-185.97,-20.45
88750,5,-18152,-944,8132,14694,-30972,-1521,112.11,-236.3,-11.6
88762,5,-16940,-56,4196,13106,-26337,-1248,99.99,-200.94,-9.52
88774,5,-16440,1184,2628,8777,-20482,326,66.96,-156.27,2.49
88786,5,-13072,2836,1808,2624,-4661,2052,20.02,-35.56,15.66
88798,5,-10264,3084,1332,-3719,9200,2474,-28.37,70.19,18.88
88831,5,-9344,1208,8700,-14880,27466,1215,-113.53,209.55,9.27
88843,5,-9696,1128,10692,-14353,30195,483,-109.5,230.37,3.68
88855,5,-11068,772,10128,-13702,32767,-69,-104.54,249.99,-0.53
88867,5,-12804,-2288,16344,-7928,26273,-2311,-60.49,200.45,-17.63
88879,5,-19352,-4692,19376,1790,3698,-3171,13.66,28.21,-24.19
88891,5,-21908,-4684,17312,11552,-17909,-3697,88.13,-136.63,-28.21
88903,5,-22352,-2920,10480,17486,-32768,-2261,133.41,-250,-17.25
88915,5,-20612,-1676,3828,18388,-32768,-1391,140.29,-250,-10.61
88927,5,-19628,212,960,14965,-32768,408,114.17,-250,3.11
88960,5,-6876,3604,184,-4750,9418,2873,-36.24,71.85,21.92
88972,5,-7792,3580,1236,-11773,22536,2539,-89.82,171.94,19.37
88984,5,-8940,2096,6028,-14985,28821,1348,-114.33,219.89,10.28
88996,5,-11500,1236,8888,-15613,31075,1008,-119.12,237.08,7.69
89008,5,-12308,964,10892,-14232,32767,1110,-108.58,249.99,8.47
89020,5,-13384,-1880,15740,-8519,26932,-532,-64.99,205.47,-4.06
89032,5,-19072,-4716,18956,1083,3709,-1836,8.26,28.3,-14.01
89044,5,-20356,-5072,19276,11466,-18373,-2939,87.48,-140.17,-22.42
89056,5,-20000,-3828,12676,19309,-32768,-3226,147.32,-250,-24.61
89089,5,-21036,696,2872,20028,-32768,799,152.8,-250,6.1
89101,5,-13444,2456,4064,16398,-32768,3100,125.11,-250,23.65
89113,5,-6524,4272,1836,9358,-20043,4361,71.4,-152.92,33.27
89125,5,-2476,5724,-556,-618,3568,3721,-4.71,27.22,28.39
89137,5,-1732,6148,-1512,-12491,25654,2973,-95.3,195.72,22.68
89149,5,-3332,3960,5040,-18665,32767,-344,-142.4,249.99,-2.62
89161,5,-9160,1056,10492,-19421,32767,-2415,-148.17,249.99,-18.42
89173,5,-13960,-948,15256,-15904,32767,-2379,-121.34,249.99,-18.15
89185,5,-19172,-2940,18748,-6293,19400,-2463,-48.01,148.01,-18.79
89218,5,-16632,-2156,12976,16860,-32768,-1068,128.63,-250,-8.15
89230,5,-15132,-268,6508,17408,-32768,-1660,132.81,-250,-12.66
89242,5,-15492,1232,3592,13414,-31205,-1207,102.34,-238.08,-9.21
89254,5,-14068,1984,3864,8472,-21785,363,64.64,-166.21,2.77
89266,5,-9884,2976,3640,1897,-6709,1716,14.47,-51.19,13.09
89278,5,-7640,3492,3204,-4553,7559,1374,-34.74,57.67,10.48
89290,5,-8184,3416,2624,-12004,20852,1856,-91.58,159.09,14.16
89302,5,-8492,2260,6708,-16370,30989,1101,-124.89,236.43,8.4
89314,5,-8884,996,10196,-17090,31811,-298,-130.39,242.7,-2.27
89347,5,-19560,-4616,21892,3722,-6909,-2933,28.4,-52.71,-22.38
89359,5,-20560,-5232,21128,14598,-30473,-3104,111.37,-232.49,-23.68
89371,5,-18460,-2436,13384,20565,-32768,-2097,156.9,-250,-16
89383,5,-17132,-820,7020,21483,-32768,-1860,163.9,-250,-14.19
89395,5,-16192,1252,4168,18151,-32768,-410,138.48,-250,-3.13
89407,5,-11496,2248,6196,13248,-31459,425,101.07,-240.01,3.24
89419,5,-7792,3104,8240,9869,-25383,159,75.29,-193.66,1.21
89431,5,-6900,3728,5968,5022,-15996,1136,38.31,-122.04,8.67
89443,5,-4748,4584,4144,-2952,2480,2083,-22.52,18.92,15.89
89476,5,-4840,1804,11080,-16532,25139,-1668,-126.13,191.8,-12.73
89488,5,-9012,-176,16980,-13850,19589,-3378,-105.67,149.45,-25.77
89500,5,-13604,-2680,23848,-2693,3987,-4055,-20.55,30.42,-30.94
89512,5,-17380,-3976,24064,7524,-16373,-3824,57.4,-124.92,-29.17
89524,5,-17776,-2404,19320,14522,-28538,-2389,110.79,-217.73,-18.23
89536,5,-15984,-728,13884,17781,-31907,-1000,135.66,-243.43,-7.63
89548,5,-14544,868,9404,16360,-29444,896,124.82,-224.64,6.84
89560,5,-11120,1832,7116,11559,-22661,2217,88.19,-172.89,16.91
89572,5,-7228,2512,8524,6346,-16534,2306,48.42,-126.14,17.59
89605,5,-5540,2596,9096,-7385,1242,2030,-56.34,9.48,15.49
89617,5,-5196,2064,10256,-11466,10203,2629,-87.48,77.84,20.06
89629,5,-6608,500,14680,-12937,11879,1952,-98.7,90.63,14.89
89641,5,-9928,-908,15720,-12318,7797,1736,-93.98,59.49,13.24
89653,5,-10876,-1104,21236,-7550,1041,1132,-57.6,7.94,8.64
89665,5,-9684,-1228,25548,3630,-12800,-350,27.69,-97.66,-2.67
89677,5,-11440,-1816,22120,11762,-23220,-698,89.74,-177.15,-5.33
89689,5,-12528,-508,16388,12926,-22870,1050,98.62,-174.48,8.01
89701,5,-10528,1416,11988,11398,-20101,3283,86.96,-153.36,25.05
89734,5,-1304,6184,4332,-20,-2469,6409,-0.15,-18.84,48.9
89746,5,964,4684,5028,-9159,10081,5846,-69.88,76.91,44.6
89758,5,1152,2832,9308,-16140,19757,4088,-123.14,150.73,31.19
89770,5,-1824,-904,15580,-15951,25600,1799,-121.7,195.31,13.73
89782,5,-8780,-5412,20356,-12793,18897,-120,-97.6,144.17,-0.92
89794,5,-16008,-5568,25012,-6731,5810,-1103,-51.35,44.33,-8.42
89806,5,-18684,-3716,26724,3313,-6993,-180,25.28,-53.35,-1.37
89818,5,-17156,-2088,22020,10514,-17169,1411,80.22,-130.99,10.77
89830,5,-12836,1164,16388,12656,-21255,3467,96.56,-162.16,26.45
89863,5,392,6992,5028,6991,-9340,6178,53.34,-71.26,47.13
89875,5,1804,7164,4528,642,-1049,5567,4.9,-8,42.47
89887,5,3848,6272,4744,-7724,11354,4583,-58.93,86.62,34.97
89899,5,3080,5024,9088,-12549,19518,1104,-95.74,148.91,8.42
89911,5,-1400,1552,11240,-13447,23935,-222,-102.59,182.61,-1.69
89923,5,-4060,-4316,18556,-12413,24849,-3157,-94.7,189.58,-24.09
89935,5,-10724,-4900,25992,-4843,9954,-6497,-36.95,75.94,-49.57
89947,5,-17016,-4180,26280,6049,-7237,-7418,46.15,-55.21,-56.59
89959,5,-19488,-2252,21492,12660,-16739,-4840,96.59,-127.71,-36.93
89992,5,-2824,7348,5168,11961,-20734,2299,91.26,-158.19,17.54
90004,5,3752,8380,1496,3895,-13765,1240,29.72,-105.02,9.46
90016,5,6852,6532,2508,-7133,-3874,-1433,-54.42,-29.56,-10.93
90028,5,5628,3996,8992,-14490,10010,-4473,-110.55,76.37,-34.13
90040,5,-1212,-3736,14812,-15689,14605,-7245,-119.7,111.43,-55.27
90052,5,-10580,-7924,25104,-12586,14758,-8087,-96.02,112.59,-61.7
90064,5,-16664,-8728,31468,-3392,10480,-5858,-25.88,79.96,-44.69
90076,5,-18912,-5812,32584,7800,-721,-2938,59.51,-5.5,-22.42
90088,5,-16936,-1728,24296,16678,-8043,89,127.24,-61.36,0.68
90121,5,992,10056,848,17365,-14055,5216,132.48,-107.23,39.79
90133,5,5480,8600,-2324,8838,-9814,3445,67.43,-74.87,26.28
90145,5,8124,7296,-5576,-6283,1363,-241,-47.94,10.4,-1.84
90157,5,5768,4192,-3712,-21405,11383,-4078,-163.31,86.85,-31.11
90169,5,-2480,-1596,8004,-29192,15150,-5638,-222.72,115.59,-43.01
90181,5,-9984,-6472,20388,-27470,15946,-4713,-209.58,121.66,-35.96
90193,5,-13920,-5352,31512,-15353,13592,-2909,-117.13,103.7,-22.19
90205,5,-13956,-6860,32767,1436,6607,-1117,10.96,50.41,-8.52
90217,5,-12400,-6832,28176,10935,2990,880,83.43,22.81,6.71
90250,5,-4964,6360,9240,15299,-8739,4813,116.72,-66.67,36.72
90262,5,-1636,12092,2800,12539,-9870,5261,95.66,-75.3,40.14
90274,5,1596,9308,1056,6313,-4418,3222,48.16,-33.71,24.58
90286,5,2864,3120,2492,-4584,5118,442,-34.97,39.05,3.37
90298,5,-1276,-2352,7068,-13786,8392,-1933,-105.18,64.03,-14.75
90310,5,-10188,-9336,19408,-16028,13547,-1528,-122.28,103.36,-11.66
90322,5,-16456,-10548,31928,-11174,16019,1179,-85.25,122.22,9
90334,5,-19836,-9328,32767,-1928,12995,4885,-14.71,99.14,37.27
90346,5,-17316,-4852,30504,3994,2691,8763,30.47,20.53,66.86
90379,5,-244,13024,9948,15603,-8055,8290,119.04,-61.45,63.25
90391,5,2792,16152,2776,17738,-11420,4381,135.33,-87.13,33.42
90403,5,4668,12156,-1632,11638,-6607,332,88.79,-50.41,2.53
90415,5,2356,4008,-1200,665,3605,-4257,5.07,27.5,-32.48
90427,5,-4620,-5684,-2376,-10916,6881,-6050,-83.28,52.5,-46.16
90439,5,-18312,-15184,13676,-22547,9870,-217,-172.02,75.3,-1.66
90451,5,-22544,-8452,32767,-19981,11709,5299,-152.44,89.33,40.43
90463,5,-17516,-2948,32767,-6123,2519,8011,-46.71,19.22,61.12
90475,5,-13180,-2164,29672,1073,-6650,8659,8.19,-50.74,66.06
90508,5,11260,11936,7868,10183,-8422,5657,77.69,-64.25,43.16
90520,5,14640,14804,3124,6735,-3145,-912,51.38,-23.99,-6.96
90532,5,9768,7372,-1584,1062,8356,-7896,8.1,63.75,-60.24
90544,5,-5264,-7580,644,-10715,16674,-8429,-81.75,127.21,-64.31
90556,5,-22328,-11868,13232,-16523,18557,-4812,-126.06,141.58,-36.71
90568,5,-31696,-9408,29360,-9668,13010,515,-73.76,99.26,3.93
90580,5,-29788,-3844,32767,1301,-2218,6003,9.93,-16.92,45.8
90592,5,-18100,236,26508,7521,-13309,10302,57.38,-101.54,78.6
90604,5,-2264,7308,15544,10592,-13647,11541,80.81,-104.12,88.05
90638,5,15836,15668,-4824,-1357,6531,-7507,-10.35,49.83,-57.27
90650,5,-508,-6156,888,-10030,11588,-10907,-76.52,88.41,-83.21
90662,5,-23084,-17368,30012,-11903,15073,-7282,-90.81,115,-55.56
90674,5,-32768,-22064,32767,8996,13050,-1274,68.63,99.56,-9.72
90686,5,-32768,-16120,32767,16289,-3756,6222,124.28,-28.66,47.47
90698,5,-30440,-240,15596,13095,-20401,17886,99.91,-155.65,136.46
90710,5,-3624,12104,148,15720,-18897,21527,119.93,-144.17,164.24
90722,5,19724,18796,-5384,10971,-11291,14706,83.7,-86.14,112.2
90734,5,27980,23596,-5664,4756,-6803,3541,36.29,-51.9,27.02
90767,5,2268,-5564,7580,-16194,15376,-17862,-123.55,117.31,-136.28
90779,5,-24128,-23896,32767,-12880,21888,-15514,-98.27,166.99,-118.36
90791,5,-32768,-17804,32767,-191,18693,-7764,-1.46,142.62,-59.23
90803,5,-32768,-4608,32767,11826,-3453,8118,90.23,-26.34,61.94
90815,5,-14332,2360,14968,22025,-10850,14429,168.04,-82.78,110.08
90827,5,6856,9996,-8224,20807,-7337,9871,158.74,-55.98,75.31
90839,5,13320,20024,-13544,9958,-6081,1934,75.97,-46.39,14.76
90851,5,11832,19148,-8052,-1574,-198,-4983,-12.01,-1.51,-38.02
90863,5,6976,7412,-660,-10074,6198,-10056,-76.86,47.29,-76.72
90896,5,-31960,-14864,32767,-20075,17126,-9976,-153.16,130.66,-76.11
90908,5,-32768,1616,32767,-9321,2883,3431,-71.11,22,26.18
90920,5,-12860,1224,32767,9567,-5729,11335,72.99,-43.71,86.48
90932,5,3524,2592,16132,16378,-5620,7994,124.95,-42.88,60.99
90944,5,10096,11620,-2552,15701,-3836,1079,119.79,-29.27,8.23
90956,5,8340,15080,-8324,6954,1872,-5021,53.05,14.28,-38.31
90968,5,2364,6916,-4124,-3197,9169,-9310,-24.39,69.95,-71.03
90980,5,-7688,-3040,2312,-11828,11338,-11817,-90.24,86.5,-90.16
90992,5,-17852,-10608,7936,-16309,11296,-11200,-124.43,86.18,-85.45
91025,5,-20508,-4504,32767,-3833,-5118,5507,-29.24,-39.05,42.02
91037,5,-7256,-4768,32767,12018,-6643,6644,91.69,-50.68,50.69
91049,5,2692,-228,22916,17525,-6344,3924,133.71,-48.4,29.94
91061,5,4424,8236,7432,18140,-3886,-926,138.4,-29.65,-7.06
91073,5,112,17148,120,13584,-1985,-3212,103.64,-15.14,-24.51
91085,5,-2680,19296,-232,7943,381,-3694,60.6,2.91,-28.18
91097,5,-3444,17004,888,2829,2687,-5738,21.58,20.5,-43.78
91109,5,-6648,11308,3352,1758,1613,-7768,13.41,12.31,-59.27
91121,5,-10544,3172,8508,-218,-1582,-8830,-1.66,-12.07,-67.37
91155,5,-24128,-14604,21596,4572,-3964,651,34.88,-30.24,4.97
91167,5,-23176,-11008,16096,2886,-11249,6290,22.02,-85.82,47.99
91179,5,-18152,-4548,12432,2525,-13785,10197,19.26,-105.17,77.8
91191,5,-12748,8,10920,722,-14734,11885,5.51,-112.41,90.68
91203,5,-9108,6576,13460,-4750,-18442,15961,-36.24,-140.7,121.77
91215,5,864,13068,14076,-4865,-16942,18993,-37.12,-129.26,144.91
91227,5,16276,13196,12092,-2394,-9584,13553,-18.26,-73.12,103.4
91239,5,23256,11092,9068,-3277,-2144,2347,-25,-16.36,17.91
91251,5,18024,5084,11416,-4944,4331,-9068,-37.72,33.04,-69.18
91284,5,-20256,-12044,24780,-621,18107,-11010,-4.74,138.15,-84
91296,5,-27600,-9488,30268,16,18688,-3637,0.12,142.58,-27.75
91308,5,-24948,-424,25144,5444,8443,6731,41.53,64.41,51.35
91320,5,-13948,4356,17460,8957,-621,12767,68.34,-4.74,97.4
91332,5,-2472,14060,10648,8114,-4484,12746,61.9,-34.21,97.24
91344,5,10764,19288,3756,10518,-684,8893,80.25,-5.22,67.85
91356,5,21544,15244,-1952,9416,9532,-3456,71.84,72.72,-26.37
91368,5,15828,9780,-3752,3908,13783,-17285,29.82,105.16,-131.87
91380,5,-3060,-6236,-756,875,18819,-24028,6.68,143.58,-183.32
91413,5,-32768,-10732,24032,-9476,6290,-1621,-72.3,47.99,-12.37
91425,5,-32768,-3468,25020,-2755,-18198,16486,-21.02,-138.84,125.78
91437,5,-25712,276,21316,-594,-30282,30649,-4.53,-231.03,233.83
91449,5,-164,6196,13888,1543,-29615,32640,11.77,-225.94,249.02
91461,5,22460,12596,6500,3831,-16963,23270,29.23,-129.42,177.54
91473,5,32767,15540,3232,1578,-6355,5857,12.04,-48.48,44.69
91485,5,26724,15268,3272,-136,1182,-10958,-1.04,9.02,-83.6
91497,5,12268,8376,5560,-2410,9361,-21279,-18.39,71.42,-162.35
91509,5,-1188,6340,8344,-4559,15912,-25715,-34.78,121.4,-196.19
91542,5,-28912,-2856,25488,-8611,13899,-7618,-65.7,106.04,-58.12
91554,5,-20920,-5072,23868,1543,7847,-282,11.77,59.87,-2.15
91566,5,-14280,-7384,16748,3905,-37,1358,29.79,-0.28,10.36
91578,5,-13040,-3316,9008,3343,-2997,1721,25.51,-22.87,13.13
91590,5,-13352,-988,6480,1999,-2632,1585,15.25,-20.08,12.09
91602,5,-13968,1032,7048,-266,-4083,2473,-2.03,-31.15,18.87
91614,5,-13676,4072,10192,-3672,-6469,4739,-28.02,-49.35,36.16
91626,5,-10188,5644,13068,-4237,-7235,7013,-32.33,-55.2,53.5
91638,5,-4512,4304,14712,-3228,-3830,7520,-24.63,-29.22,57.37
91671,5,44,-4132,12680,-3094,3010,-1277,-23.61,22.96,-9.74
91683,5,-6376,-5544,13748,-7558,3467,-3450,-57.66,26.45,-26.32
91695,5,-12540,-6428,14588,-10774,5659,-3170,-82.2,43.17,-24.19
91707,5,-17088,-4412,15748,-14381,6178,348,-109.72,47.13,2.66
91719,5,-17384,108,16452,-16037,3198,4735,-122.35,24.4,36.13
91731,5,-13540,5440,18692,-14665,-753,8700,-111.89,-5.74,66.38
91743,5,-8640,9412,20692,-6514,-572,9134,-49.7,-4.36,69.69
91755,5,-5524,9236,17180,2770,-2668,7626,21.13,-20.36,58.18
91767,5,-4100,8216,11932,8160,-4552,5379,62.26,-34.73,41.04
91800,5,-3504,5584,12624,6308,355,-562,48.13,2.71,-4.29
91812,5,-5052,3948,18388,8261,8457,-2098,63.03,64.52,-16.01
91824,5,-7756,24,18848,12716,11433,-3933,97.02,87.23,-30.01
91836,5,-12188,-5296,16844,13089,6818,-3367,99.86,52.02,-25.69
91848,5,-14524,-5268,13492,8067,6103,-638,61.55,46.56,-4.87
91860,5,-12976,-3256,8380,4601,8220,-34,35.1,62.71,-0.26
91872,5,-12032,-3572,4288,-4111,5292,-475,-31.36,40.37,-3.62
91884,5,-13292,-2688,-1568,-19196,7099,-137,-146.45,54.16,-1.05
91896,5,-12872,-408,1304,-32586,5157,2388,-248.61,39.34,18.22
91929,5,-6804,-2692,28200,-32768,-4494,4291,-250,-34.29,32.74
91941,5,-6376,-2096,32767,-11462,-1674,1026,-87.45,-12.77,7.83
91953,5,-6472,-3552,32767,12198,-4901,-1370,93.06,-37.39,-10.45
91965,5,-7752,-4368,29336,26373,-5230,-3084,201.21,-39.9,-23.53
91977,5,-7600,-304,18308,32767,-8032,-2277,249.99,-61.28,-17.37
91989,5,-6296,3052,9336,32767,-5806,-1610,249.99,-44.3,-12.28
92001,5,-3940,3836,1320,26992,685,-2624,205.93,5.23,-20.02
92013,5,-2756,3420,-4996,13449,9797,-4747,102.61,74.75,-36.22
92025,5,-3364,3280,-8332,-4929,18384,-6564,-37.61,140.26,-50.08
92058,5,-11244,-4120,8948,-23181,4807,-5605,-176.86,36.67,-42.76
92070,5,-13092,-5088,19344,-18424,2376,-5472,-140.56,18.13,-41.75
92082,5,-13040,-2520,32767,-467,-7750,-2580,-3.56,-59.13,-19.68
92094,5,-13412,-3324,32767,21347,-17822,-1963,162.86,-135.97,-14.98
92106,5,-14108,-3932,21816,28321,-27247,486,216.07,-207.88,3.71
92118,5,-14416,-1008,9036,23856,-26523,3866,182.01,-202.35,29.5
92130,5,-11996,1700,2032,13874,-14674,7164,105.85,-111.95,54.66
92142,5,-5252,3720,-1640,-2141,6698,7685,-16.33,51.1,58.63
92154,5,2224,4592,2296,-12777,21074,4920,-97.48,160.78,37.54
92187,5,-12356,-2008,9512,-12873,28298,-444,-98.21,215.9,-3.39
92199,5,-13380,-7076,14648,-13926,26797,-2944,-106.25,204.44,-22.46
92211,5,-13760,-4848,30008,-1202,2451,-4272,-9.17,18.7,-32.59
92223,5,-18476,-3832,29216,13511,-15697,-6118,103.08,-119.76,-46.68
92235,5,-22452,-3656,16692,22105,-21319,-5856,168.65,-162.65,-44.68
92247,5,-22932,-1544,6440,18890,-28586,-2082,144.12,-218.09,-15.88
92259,5,-19604,1284,652,17155,-32768,2413,130.88,-250,18.41
92271,5,-15076,832,-1144,6803,-32768,7459,51.9,-250,56.91
92283,5,-7284,2020,-2620,-8960,-16778,11801,-68.36,-128.01,90.03
92316,5,2812,4464,12676,-29051,19236,9180,-221.64,146.76,70.04
92328,5,1752,2560,13960,-29475,32767,4676,-224.88,249.99,35.68
92340,5,-3312,-3912,20908,-26240,32767,4044,-200.2,249.99,30.85
92352,5,-720,-5484,32767,-8139,25302,-3327,-62.1,193.04,-25.38
92364,5,-5072,-8012,32767,12172,3077,-9493,92.86,23.48,-72.43
92376,5,-12752,-7284,24804,24056,-14674,-14912,183.53,-111.95,-113.77
92388,5,-22044,-512,13720,27486,-24727,-13072,209.7,-188.65,-99.73
92400,5,-22668,2648,5316,31165,-30547,-7486,237.77,-233.06,-57.11
92412,5,-16720,640,1772,24396,-32768,-1620,186.13,-250,-12.36
92445,5,1996,4960,-1120,-15308,16145,8631,-116.79,123.18,65.85
92457,5,5236,5020,4016,-24859,29433,3964,-189.66,224.56,30.24
92469,5,-820,4144,7304,-27639,32767,1078,-210.87,249.99,8.22
92481,5,-10856,-1180,6564,-30588,32767,1985,-233.37,249.99,15.14
92493,5,-11528,-8860,16076,-31564,32767,2242,-240.81,249.99,17.11
92505,5,-9132,-9960,32767,-14411,15828,-5334,-109.95,120.76,-40.7
92517,5,-15260,-9308,32767,9566,-13641,-11403,72.98,-104.07,-87
92529,5,-21484,-6808,26736,23569,-24987,-12226,179.82,-190.64,-93.28
92541,5,-21876,-396,11772,28521,-31501,-8403,217.6,-240.33,-64.11
92574,5,-4552,3520,1736,10044,-20873,3948,76.63,-159.25,30.12
92586,5,4756,3404,1832,-1790,3563,3774,-13.66,27.18,28.79
92598,5,3600,2924,4652,-14932,22399,2695,-113.92,170.89,20.56
92610,5,-352,2752,9984,-20830,32767,-1276,-158.92,249.99,-9.74
92622,5,-7936,-848,7596,-21619,32767,-1847,-164.94,249.99,-14.09
92634,5,-18080,-7844,11404,-26799,32767,2334,-204.46,249.99,17.81
92646,5,-15720,-10484,22240,-25733,32767,3596,-196.33,249.99,27.44
92658,5,-12220,-9748,32728,-8824,13334,-4487,-67.32,101.73,-34.23
92670,5,-19644,-6864,32088,13676,-27255,-8809,104.34,-207.94,-67.21
92703,5,-15188,-3676,4632,27693,-32768,-2770,211.28,-250,-21.13
92715,5,-7768,-1332,2656,17470,-32768,-514,133.29,-250,-3.92
92727,5,-4036,1976,2752,5473,-17172,3113,41.76,-131.01,23.75
92739,5,-712,2192,4292,-5052,4968,3461,-38.54,37.9,26.41
92751,5,-1504,1548,5836,-14371,22965,4773,-109.64,175.21,36.42
92763,5,-1056,-1724,11244,-20123,32767,2056,-153.53,249.99,15.69
92775,5,-8176,-2508,13792,-22398,32767,2319,-170.88,249.99,17.69
92787,5,-12064,-5992,16248,-20660,32767,3784,-157.62,249.99,28.87
92799,5,-12616,-6968,24580,-12012,32767,2593,-91.64,249.99,19.78
92832,5,-19032,-3656,15336,24972,-32768,-6125,190.52,-250,-46.73
92844,5,-17380,-2460,9140,26621,-32768,-4122,203.1,-250,-31.45
92856,5,-12356,-2104,6068,22258,-32768,-2051,169.82,-250,-15.65
92868,5,-7864,-20,5452,15190,-30763,419,115.89,-234.7,3.2
92880,5,-5044,2744,4752,7587,-13991,4160,57.88,-106.74,31.74
92892,5,-680,3540,3840,-983,6185,5744,-7.5,47.19,43.82
92904,5,3144,2312,3212,-11258,25512,5714,-85.89,194.64,43.59
92916,5,3784,1256,6888,-20105,32767,1758,-153.39,249.99,13.41
92928,5,-2860,-744,10472,-23136,32767,-370,-176.51,249.99,-2.82
92961,5,-15572,-8040,24764,-5336,26293,-6650,-40.71,200.6,-50.74
92973,5,-20132,-7452,23540,12281,-9474,-11060,93.7,-72.28,-84.38
92985,5,-23764,-4848,14292,22582,-32768,-10229,172.29,-250,-78.04
92997,5,-23384,-2188,7732,25473,-32768,-7365,194.34,-250,-56.19
93009,5,-20920,-2552,3156,23764,-32768,-2060,181.3,-250,-15.72
93021,5,-17600,-816,992,15058,-31248,4550,114.88,-238.4,34.71
93033,5,-8388,1240,228,4725,-14404,9135,36.05,-109.89,69.69
93045,5,284,2744,1732,-6710,2365,10348,-51.19,18.04,78.95
93057,5,3400,2652,4404,-15976,23208,7881,-121.89,177.06,60.13
93090,5,-12016,-5716,15976,-21974,32767,748,-167.65,249.99,5.71
93102,5,-10824,-8344,24988,-11132,32767,-2791,-84.93,249.99,-21.29
93114,5,-15820,-8588,25352,6269,4094,-9415,47.83,31.23,-71.83
93126,5,-23812,-6624,20964,21706,-28861,-12764,165.6,-220.19,-97.38
93138,5,-28280,-3632,13848,29708,-32768,-10011,226.65,-250,-76.38
93150,5,-25316,-4268,8336,31650,-32768,-5254,241.47,-250,-40.08
93162,5,-19872,-3888,6284,25413,-32768,-121,193.89,-250,-0.92
93174,5,-13424,-704,5060,17160,-32256,5209,130.92,-246.09,39.74
93186,5,-5256,2212,3608,8163,-16036,8401,62.28,-122.34,64.09
93219,5,5848,2516,5168,-20560,32767,3838,-156.86,249.99,29.28
93231,5,-660,220,7940,-25994,32767,722,-198.32,249.99,5.51
93243,5,-9624,-1504,9760,-29305,32767,1543,-223.58,249.99,11.77
93255,5,-11320,-6832,16288,-25569,32767,346,-195.08,249.99,2.64
93267,5,-12180,-8804,24432,-9749,32767,-6293,-74.38,249.99,-48.01
93279,5,-19496,-8652,26504,11137,-9885,-12311,84.97,-75.42,-93.93
93291,5,-28632,-6644,19416,26857,-32768,-11966,204.9,-250,-91.29
93303,5,-28552,-5560,12872,32767,-32768,-7533,249.99,-250,-57.47
93315,5,-22840,-5716,7604,31829,-32768,-1516,242.84,-250,-11.57
93348,5,-536,2088,-2480,2796,2030,8945,21.33,15.49,68.24
93360,5,2980,3632,-2708,-11256,19563,6697,-85.88,149.25,51.09
93372,5,1972,1656,1508,-21759,29967,1971,-166.01,228.63,15.04
93384,5,-5712,-444,7104,-27037,32767,-79,-206.28,249.99,-0.6
93396,5,-12356,-2372,10264,-28802,32767,1393,-219.74,249.99,10.63
93408,5,-14980,-6872,17640,-23265,32767,1110,-177.5,249.99,8.47
93420,5,-15120,-8984,25940,-5881,24196,-3813,-44.87,184.6,-29.09
93432,5,-17172,-8772,26924,11714,-13263,-8553,89.37,-101.19,-65.25
93444,5,-20336,-7244,21572,28125,-32768,-9989,214.58,-250,-76.21
93477,5,-21168,-4832,7544,30784,-32768,217,234.86,-250,1.66
93489,5,-15188,-2112,4204,22601,-29787,5779,172.43,-227.26,44.09
93501,5,-6460,2024,912,11514,-12933,10352,87.84,-98.67,78.98
93513,5,2424,5160,-76,446,5267,10761,3.4,40.18,82.1
93525,5,5724,5840,-256,-9371,21711,7872,-71.5,165.64,60.06
93537,5,4760,4404,1720,-18368,32767,1315,-140.14,249.99,10.03
93549,5,-2640,2324,4548,-23293,32767,-1883,-177.71,249.99,-14.37
93561,5,-9304,-1912,8836,-25641,32767,-2688,-195.63,249.99,-20.51
93573,5,-8400,-6372,19352,-19284,32767,-6551,-147.13,249.99,-49.98
93606,5,-30808,-6316,22732,24271,-30764,-11182,185.17,-234.71,-85.31
93618,5,-29256,-5008,15324,32767,-32768,-6071,249.99,-250,-46.32
93630,5,-23996,-4872,8984,32767,-32768,-1244,249.99,-250,-9.49
93642,5,-18816,-2980,5024,28571,-32768,4248,217.98,-250,32.41
93654,5,-11680,400,2144,19120,-27291,8077,145.87,-208.21,61.62
93666,5,-2128,4028,-844,7085,-7744,9619,54.05,-59.08,73.39
93678,5,4472,7184,-1796,-5896,11767,7655,-44.98,89.78,58.4
93690,5,6592,7684,-992,-17315,28265,1875,-132.1,215.64,14.31
93702,5,4364,6404,1564,-26120,32767,-3510,-199.28,249.99,-26.78
93735,5,-12256,-8332,18476,-14199,32767,-16702,-108.33,249.99,-127.43
93747,5,-23252,-14044,24400,1414,12754,-19049,10.79,97.31,-145.33
93759,5,-32768,-12452,26224,13036,-12348,-15439,99.46,-94.21,-117.79
93771,5,-32768,-7580,20612,23213,-27834,-9345,177.1,-212.36,-71.3
93783,5,-31972,-4832,13396,31272,-32768,-1463,238.59,-250,-11.16
93795,5,-27712,-4060,7272,29745,-32768,6642,226.94,-250,50.67
93807,5,-18264,-2204,3200,23043,-31241,12076,175.8,-238.35,92.13
93819,5,-5232,1572,540,12859,-16186,13848,98.11,-123.49,105.65
93831,5,4884,5312,-1436,1262,3607,11585,9.63,27.52,88.39
93865,5,860,3724,4104,-26076,32767,-6048,-198.94,249.99,-46.14
93877,5,-6192,412,6884,-28300,32767,-8431,-215.91,249.99,-64.32
93889,5,-11776,-4404,12076,-23268,32767,-10344,-177.52,249.99,-78.92
93901,5,-18388,-9816,19144,-9098,31875,-12325,-69.41,243.19,-94.03
93913,5,-28704,-13040,25908,7093,-6026,-11710,54.12,-45.97,-89.34
93925,5,-32768,-11948,28472,19281,-32768,-5920,147.1,-250,-45.17
93937,5,-32768,-8352,22704,32767,-32768,563,249.99,-250,4.3
93949,5,-32576,-7548,11968,32767,-32768,8473,249.99,-250,64.64
93961,5,-27380,-6412,3648,32767,-32768,16297,249.99,-250,124.34
93994,5,9672,7544,-8568,-1679,6966,16898,-12.81,53.15,128.92
94006,5,13108,10568,-8116,-16240,28902,8349,-123.9,220.5,63.7
94018,5,11460,7008,-3000,-30829,32767,-863,-235.21,249.99,-6.58
94030,5,900,4820,1736,-32768,32767,-5662,-250,249.99,-43.2
94042,5,-8096,-2212,7616,-32768,32767,-7761,-250,249.99,-59.21
94054,5,-13752,-5568,14164,-28829,32767,-10779,-219.95,249.99,-82.24
94066,5,-16396,-12760,25576,-14169,15389,-14564,-108.1,117.41,-111.11
94078,5,-25404,-12536,32767,2002,-24524,-11499,15.27,-187.1,-87.73
94090,5,-31560,-9300,31564,20046,-32768,-8973,152.94,-250,-68.46
94123,5,-25368,-4364,3656,29946,-32768,11266,228.47,-250,85.95
94135,5,-13504,-852,-1228,18577,-29132,16618,141.73,-222.26,126.79
94147,5,-1172,3244,-4428,4662,-6064,15366,35.57,-46.26,117.23
94159,5,5168,7372,-5900,-8465,14870,10728,-64.58,113.45,81.85
94171,5,8048,7364,-3996,-19524,28161,8391,-148.96,214.85,64.02
94183,5,2848,4112,1360,-27091,32377,1736,-206.69,247.02,13.24
94195,5,-4988,-124,6564,-32768,32767,-1475,-250,249.99,-11.25
94207,5,-9456,-4540,15140,-27804,32767,-3925,-212.13,249.99,-29.95
94219,5,-10508,-10476,24712,-19197,30771,-9436,-146.46,234.76,-71.99
94252,5,-27684,-6764,22344,18701,-32768,-7914,142.68,-250,-60.38
94264,5,-27488,-5052,14000,24710,-32768,-2022,188.52,-250,-15.43
94276,5,-24548,-3984,7452,22373,-32768,5644,170.69,-250,43.06
94288,5,-15948,-1764,4060,15142,-27569,11114,115.52,-210.33,84.79
94300,5,-6656,620,1632,5200,-11538,12875,39.67,-88.03,98.23
94312,5,-1020,2728,756,-5201,7803,10583,-39.68,59.53,80.74
94324,5,1892,3688,1896,-13555,22617,10881,-103.42,172.55,83.02
94336,5,-392,1752,6580,-18390,30172,7116,-140.3,230.19,54.29
94348,5,-6700,-1324,9112,-22691,32767,4357,-173.12,249.99,33.24
94381,5,-11084,-8188,24204,-7582,25370,-1834,-57.85,193.56,-13.99
94393,5,-15148,-9336,26752,2409,-10322,-7231,18.38,-78.75,-55.17
94405,5,-21224,-7160,22680,13548,-32768,-8465,103.36,-250,-64.58
94417,5,-24724,-4764,14276,21946,-32768,-6701,167.43,-250,-51.12
94429,5,-24572,-3600,8104,23697,-32768,-2076,180.79,-250,-15.84
94441,5,-20940,-2684,5076,18500,-32768,4565,141.14,-250,34.83
94453,5,-13060,-1128,1800,9287,-19290,9235,70.85,-147.17,70.46
94465,5,-5044,2152,40,-63,312,11329,-0.48,2.38,86.43
94477,5,1240,3852,220,-9353,20487,11817,-71.36,156.3,90.16
94510,5,-10440,-2200,15964,-17785,32767,4446,-135.69,249.99,33.92
94522,5,-10436,-4184,19388,-13516,32767,4380,-103.12,249.99,33.42
94534,5,-7948,-7360,25044,-1677,21685,-163,-12.79,165.44,-1.24
